SA4_CODE_2016,CI_II_2000_2999_Mng,CI_II_2000_2999_Pro,CI_II_2000_2999_TecTW,CI_II_2000_2999_CoPSW,CI_II_2000_2999_ClAW,CI_II_2000_2999_SWks,CI_II_2000_2999_MaOpDv,CI_II_2000_2999_Lab,CI_II_2000_2999_IDNS,CI_II_2000_2999_Tot,CI_II_3000mo_Mng,CI_II_3000mo_Pro,CI_II_3000mo_TecTW,CI_II_3000mo_CoPSW,CI_II_3000mo_ClAW,CI_II_3000mo_SWks,CI_II_3000mo_MaOpDv,CI_II_3000mo_Lab,CI_II_3000mo_IDNS,CI_II_3000mo_Tot,CI_II_PINS_Mng,CI_II_PINS_Pro,CI_II_PINS_TecTW,CI_II_PINS_CoPSW,CI_II_PINS_ClAW,CI_II_PINS_SWks,CI_II_PINS_MaOpDv,CI_II_PINS_Lab,CI_II_PINS_IDNS,CI_II_PINS_Tot,CI_II_Tot_Mng,CI_II_Tot_Pro,CI_II_Tot_TecTW,CI_II_Tot_CoPSW,CI_II_Tot_ClAW,CI_II_Tot_SWks,CI_II_Tot_MaOpDv,CI_II_Tot_Lab,CI_II_Tot_IDNS,CI_II_Tot_Tot,LE_IDNS_NNI_Mng,LE_IDNS_NNI_Pro,LE_IDNS_NNI_TecTW,LE_IDNS_NNI_CoPSW,LE_IDNS_NNI_ClAW,LE_IDNS_NNI_SWks,LE_IDNS_NNI_MaOpDv,LE_IDNS_NNI_Lab,LE_IDNS_NNI_IDNS,LE_IDNS_NNI_Tot,LE_IDNS_1_149_Mng,LE_IDNS_1_149_Pro,LE_IDNS_1_149_TecTW,LE_IDNS_1_149_CoPSW,LE_IDNS_1_149_ClAW,LE_IDNS_1_149_SWks,LE_IDNS_1_149_MaOpDv,LE_IDNS_1_149_Lab,LE_IDNS_1_149_IDNS,LE_IDNS_1_149_Tot,LE_IDNS_150_299_Mng,LE_IDNS_150_299_Pro,LE_IDNS_150_299_TecTW,LE_IDNS_150_299_CoPSW,LE_IDNS_150_299_ClAW,LE_IDNS_150_299_SWks,LE_IDNS_150_299_MaOpDv,LE_IDNS_150_299_Lab,LE_IDNS_150_299_IDNS,LE_IDNS_150_299_Tot,LE_IDNS_300_399_Mng,LE_IDNS_300_399_Pro,LE_IDNS_300_399_TecTW,LE_IDNS_300_399_CoPSW,LE_IDNS_300_399_ClAW,LE_IDNS_300_399_SWks,LE_IDNS_300_399_MaOpDv,LE_IDNS_300_399_Lab,LE_IDNS_300_399_IDNS,LE_IDNS_300_399_Tot,LE_IDNS_400_499_Mng,LE_IDNS_400_499_Pro,LE_IDNS_400_499_TecTW,LE_IDNS_400_499_CoPSW,LE_IDNS_400_499_ClAW,LE_IDNS_400_499_SWks,LE_IDNS_400_499_MaOpDv,LE_IDNS_400_499_Lab,LE_IDNS_400_499_IDNS,LE_IDNS_400_499_Tot,LE_IDNS_500_649_Mng,LE_IDNS_500_649_Pro,LE_IDNS_500_649_TecTW,LE_IDNS_500_649_CoPSW,LE_IDNS_500_649_ClAW,LE_IDNS_500_649_SWks,LE_IDNS_500_649_MaOpDv,LE_IDNS_500_649_Lab,LE_IDNS_500_649_IDNS,LE_IDNS_500_649_Tot,LE_IDNS_650_799_Mng,LE_IDNS_650_799_Pro,LE_IDNS_650_799_TecTW,LE_IDNS_650_799_CoPSW,LE_IDNS_650_799_ClAW,LE_IDNS_650_799_SWks,LE_IDNS_650_799_MaOpDv,LE_IDNS_650_799_Lab,LE_IDNS_650_799_IDNS,LE_IDNS_650_799_Tot,LE_IDNS_800_999_Mng,LE_IDNS_800_999_Pro,LE_IDNS_800_999_TecTW,LE_IDNS_800_999_CoPSW,LE_IDNS_800_999_ClAW,LE_IDNS_800_999_SWks,LE_IDNS_800_999_MaOpDv,LE_IDNS_800_999_Lab,LE_IDNS_800_999_IDNS,LE_IDNS_800_999_Tot,LE_IDNS_1000_1249_Mng,LE_IDNS_1000_1249_Pro,LE_IDNS_1000_1249_TecTW,LE_IDNS_1000_1249_CoPSW,LE_IDNS_1000_1249_ClAW,LE_IDNS_1000_1249_SWks,LE_IDNS_1000_1249_MaOpDv,LE_IDNS_1000_1249_Lab,LE_IDNS_1000_1249_IDNS,LE_IDNS_1000_1249_Tot,LE_IDNS_1250_1499_Mng,LE_IDNS_1250_1499_Pro,LE_IDNS_1250_1499_TecTW,LE_IDNS_1250_1499_CoPSW,LE_IDNS_1250_1499_ClAW,LE_IDNS_1250_1499_SWks,LE_IDNS_1250_1499_MaOpDv,LE_IDNS_1250_1499_Lab,LE_IDNS_1250_1499_IDNS,LE_IDNS_1250_1499_Tot,LE_IDNS_1500_1749_Mng,LE_IDNS_1500_1749_Pro,LE_IDNS_1500_1749_TecTW,LE_IDNS_1500_1749_CoPSW,LE_IDNS_1500_1749_ClAW,LE_IDNS_1500_1749_SWks,LE_IDNS_1500_1749_MaOpDv,LE_IDNS_1500_1749_Lab,LE_IDNS_1500_1749_IDNS,LE_IDNS_1500_1749_Tot,LE_IDNS_1750_1999_Mng,LE_IDNS_1750_1999_Pro,LE_IDNS_1750_1999_TecTW,LE_IDNS_1750_1999_CoPSW,LE_IDNS_1750_1999_ClAW,LE_IDNS_1750_1999_SWks,LE_IDNS_1750_1999_MaOpDv,LE_IDNS_1750_1999_Lab,LE_IDNS_1750_1999_IDNS,LE_IDNS_1750_1999_Tot,LE_IDNS_2000_2999_Mng,LE_IDNS_2000_2999_Pro,LE_IDNS_2000_2999_TecTW,LE_IDNS_2000_2999_CoPSW,LE_IDNS_2000_2999_ClAW,LE_IDNS_2000_2999_SWks,LE_IDNS_2000_2999_MaOpDv,LE_IDNS_2000_2999_Lab,LE_IDNS_2000_2999_IDNS,LE_IDNS_2000_2999_Tot,LE_IDNS_3000mo_Mng,LE_IDNS_3000mo_Pro,LE_IDNS_3000mo_TecTW,LE_IDNS_3000mo_CoPSW,LE_IDNS_3000mo_ClAW,LE_IDNS_3000mo_SWks,LE_IDNS_3000mo_MaOpDv,LE_IDNS_3000mo_Lab,LE_IDNS_3000mo_IDNS,LE_IDNS_3000mo_Tot,LE_IDNS_PINS_Mng,LE_IDNS_PINS_Pro,LE_IDNS_PINS_TecTW,LE_IDNS_PINS_CoPSW,LE_IDNS_PINS_ClAW,LE_IDNS_PINS_SWks,LE_IDNS_PINS_MaOpDv,LE_IDNS_PINS_Lab,LE_IDNS_PINS_IDNS,LE_IDNS_PINS_Tot,LE_IDNS_Tot_Mng,LE_IDNS_Tot_Pro,LE_IDNS_Tot_TecTW,LE_IDNS_Tot_CoPSW,LE_IDNS_Tot_ClAW,LE_IDNS_Tot_SWks,LE_IDNS_Tot_MaOpDv,LE_IDNS_Tot_Lab,LE_IDNS_Tot_IDNS,LE_IDNS_Tot_Tot
101,3,6,4,3,4,3,0,0,0,25,6,0,0,0,4,0,0,0,0,12,3,0,0,0,6,0,0,3,0,15,152,62,89,213,306,184,73,222,6,1302,16,0,3,4,0,4,0,3,3,38,7,0,5,20,7,32,3,13,10,108,15,7,8,18,9,19,4,28,8,112,17,0,19,34,15,25,6,33,7,161,25,10,19,32,23,33,9,39,8,193,31,20,33,45,40,34,15,49,14,277,37,25,39,44,58,53,24,64,16,356,47,34,38,37,52,31,28,59,13,336,70,23,30,19,54,12,21,29,14,274,28,12,22,14,30,5,19,6,7,151,34,22,15,9,17,4,14,8,4,130,14,13,8,13,3,0,9,6,0,65,36,23,4,3,7,0,3,3,3,77,16,8,9,4,0,3,0,0,0,41,28,10,16,14,11,15,5,18,46,163,426,217,254,307,328,280,166,346,159,2484
102,12,5,3,3,4,0,0,0,0,30,0,0,0,0,0,3,0,0,0,3,3,0,0,4,10,5,0,0,0,25,154,86,100,265,397,350,89,209,21,1678,3,3,3,0,10,3,0,10,9,39,3,3,10,12,3,48,0,28,3,113,5,7,16,30,22,29,7,30,12,158,21,11,19,36,32,26,10,35,8,195,10,21,21,57,38,34,14,31,12,238,19,38,38,59,83,58,15,56,22,373,41,42,39,70,65,47,34,69,14,423,33,44,51,61,97,45,34,56,14,443,52,46,44,33,89,24,31,31,17,361,24,45,32,26,41,15,16,12,9,221,23,34,15,8,22,6,6,12,9,137,20,39,4,4,3,4,11,4,6,100,19,32,3,3,4,3,4,5,4,91,14,37,4,3,3,0,0,3,8,75,14,21,19,26,15,19,14,21,75,220,300,419,314,424,529,363,192,405,212,3163
103,11,0,0,0,4,0,15,0,0,38,5,0,3,0,3,0,0,0,0,15,5,0,0,0,3,3,4,0,0,28,234,59,104,203,380,244,112,216,18,1575,35,0,0,3,7,3,3,6,15,65,14,0,6,15,4,30,3,24,4,99,27,4,6,29,13,28,3,34,10,150,29,16,10,25,30,24,5,30,11,184,37,11,27,44,33,41,8,47,5,247,42,25,35,50,47,35,23,50,18,323,45,22,39,43,50,46,25,72,15,353,58,29,36,38,59,19,53,40,14,359,56,31,33,28,48,25,31,27,3,288,32,27,16,12,22,7,26,25,4,167,22,37,14,7,18,8,16,8,9,132,18,24,11,13,6,5,13,3,3,96,22,18,7,3,6,0,28,3,8,93,31,24,9,3,4,5,9,8,3,88,27,11,15,13,19,20,20,33,65,214,505,269,263,324,351,293,267,413,180,2858
104,0,0,0,0,4,0,0,0,0,12,3,0,0,0,0,0,0,0,0,5,0,0,0,0,0,0,0,6,0,12,76,42,64,152,226,187,33,164,8,956,9,0,0,3,0,0,0,4,5,28,0,3,3,10,0,31,0,18,3,68,9,0,3,15,14,15,0,25,6,95,17,5,16,20,21,15,4,36,7,132,13,9,12,24,17,15,9,31,8,128,21,22,16,38,51,25,10,38,13,230,21,16,17,38,23,20,22,34,9,205,26,27,27,27,33,19,29,32,7,224,15,25,14,12,22,8,16,11,5,134,15,26,12,7,15,4,7,5,3,96,7,30,0,6,11,4,10,0,0,66,7,16,3,0,0,0,4,0,0,36,10,14,0,0,3,4,0,3,0,41,7,13,4,0,0,0,0,0,3,32,8,4,7,7,10,10,6,12,37,102,181,205,135,210,221,180,117,247,111,1597
105,6,3,0,0,0,0,0,0,0,14,9,0,0,0,0,0,0,0,0,13,3,0,0,0,0,3,0,0,0,12,133,46,53,134,189,108,47,136,12,863,21,7,0,3,0,0,0,7,8,46,8,3,4,9,7,18,0,11,9,66,24,0,6,8,3,8,5,26,3,84,15,6,4,14,5,9,5,28,5,96,19,6,8,26,12,9,10,25,4,118,21,16,13,29,18,19,3,32,12,161,31,27,29,32,26,33,10,39,15,241,36,21,24,33,40,18,29,35,9,248,38,24,19,24,26,13,14,23,0,181,14,13,16,3,10,6,8,3,3,77,21,24,5,3,9,0,18,7,0,83,7,10,8,3,9,3,4,0,5,51,9,23,6,4,0,3,11,3,0,62,18,3,0,0,0,3,3,0,3,37,22,5,16,11,9,8,11,23,40,145,306,192,154,209,177,146,140,252,115,1692
106,7,4,4,0,7,0,39,8,0,66,10,0,6,3,4,8,4,4,0,29,0,4,0,3,9,3,3,0,3,19,171,59,129,274,384,325,180,273,12,1807,11,0,3,4,8,3,0,8,3,34,8,0,3,8,8,35,5,23,7,102,18,6,5,30,8,20,6,31,8,132,21,7,10,20,13,24,5,28,7,138,8,12,16,45,28,29,6,43,11,208,22,21,28,69,48,41,20,43,15,308,33,27,29,48,46,37,28,73,18,349,36,35,49,48,53,21,38,47,6,340,38,44,41,24,46,15,48,29,15,289,25,17,21,11,28,6,44,11,9,174,29,23,23,14,12,8,27,8,11,144,11,17,16,7,8,3,23,12,6,100,26,20,19,8,6,3,60,13,3,153,19,20,8,3,5,3,8,8,10,85,15,27,13,21,15,22,19,31,46,205,316,282,297,362,328,265,333,407,170,2759
107,6,6,0,0,0,4,6,3,0,31,3,0,3,0,0,0,0,0,0,7,0,0,0,0,3,3,0,4,0,14,119,92,83,246,448,252,89,184,13,1527,0,3,0,5,0,0,3,7,9,21,0,7,0,15,12,22,3,22,6,92,3,6,13,29,13,31,4,33,9,138,4,16,11,35,20,30,9,36,15,178,11,25,27,35,33,33,11,39,14,225,19,27,34,56,55,50,12,51,14,320,25,31,34,50,70,47,23,28,14,327,26,38,52,36,102,35,30,50,10,379,19,51,36,33,63,18,32,29,14,298,20,47,17,13,37,13,19,15,6,173,26,51,18,8,19,9,14,11,5,160,16,25,8,7,8,3,12,4,3,89,26,44,8,14,3,7,16,0,7,125,13,40,0,3,3,3,3,0,0,75,10,23,20,22,14,19,13,22,70,205,212,425,280,359,456,309,205,349,206,2805
108,3,3,0,0,0,5,8,0,0,23,0,0,0,0,0,0,0,0,0,6,3,0,0,3,3,5,0,5,0,19,121,72,103,187,315,283,75,224,12,1384,8,3,3,3,3,5,0,4,5,35,3,4,3,16,9,43,3,26,7,117,14,5,15,22,11,28,4,32,9,131,18,17,14,32,26,21,5,32,14,185,21,11,22,24,17,23,9,35,16,173,25,28,34,66,52,38,14,58,17,330,30,35,33,77,65,38,22,53,13,367,39,31,45,34,56,20,39,34,14,313,29,37,19,24,44,18,40,20,10,241,20,33,17,17,17,6,14,13,0,135,7,25,3,3,17,3,3,9,3,73,4,21,0,4,7,0,8,3,0,49,17,15,9,3,4,7,7,3,0,71,8,24,3,3,3,3,0,5,3,54,17,9,10,25,12,20,18,30,44,185,277,301,231,343,338,269,183,364,154,2463
109,0,0,0,0,0,0,0,3,0,7,3,0,0,0,0,0,0,0,0,4,0,0,0,0,3,0,0,0,0,12,106,40,49,124,224,96,59,124,10,838,12,0,0,0,0,3,0,4,6,32,6,3,3,9,3,20,3,21,3,66,15,3,3,12,10,14,3,15,3,83,14,3,7,15,4,16,3,30,0,102,15,10,8,14,15,17,7,24,4,114,33,11,24,32,26,24,18,28,10,206,31,15,25,23,27,29,23,42,3,219,30,15,29,44,29,11,35,38,14,250,24,18,28,11,22,9,26,23,9,181,15,19,16,5,20,5,18,11,0,110,16,17,4,0,12,3,11,4,3,62,14,13,5,7,3,0,5,4,3,55,12,9,6,3,0,0,0,0,0,42,15,9,0,0,3,0,0,0,0,27,17,15,5,13,9,10,7,21,34,136,270,172,166,205,180,160,149,277,108,1688
110,6,0,0,0,3,0,10,0,0,25,10,0,0,0,0,0,3,0,0,17,5,0,3,3,3,3,0,4,0,23,200,71,86,173,309,186,88,212,12,1343,18,3,0,0,3,4,0,9,17,51,7,3,7,9,5,26,3,27,5,98,20,11,4,17,21,17,10,26,8,125,22,7,10,24,22,22,13,36,4,158,33,13,23,22,36,25,16,27,9,200,48,20,48,48,41,32,22,67,27,351,59,31,47,52,56,43,42,115,17,460,51,35,41,43,62,28,35,79,16,390,49,40,35,25,32,16,34,36,15,280,34,30,15,13,19,12,17,9,3,145,39,27,3,6,12,9,14,9,6,118,12,26,11,3,3,3,11,0,3,73,26,10,8,4,3,0,14,3,3,76,26,14,8,3,6,6,3,8,3,79,37,18,14,16,17,16,12,48,77,258,495,276,271,291,340,253,240,507,215,2884
111,6,11,3,0,0,3,8,4,0,36,7,3,3,0,4,0,0,0,0,17,3,0,3,0,10,4,3,0,0,24,161,117,130,338,644,382,140,308,21,2241,5,3,7,7,8,4,3,3,8,45,3,12,3,26,5,27,0,24,6,104,8,9,12,29,19,23,10,20,8,131,16,19,12,44,35,27,9,32,15,203,10,21,29,64,47,27,15,45,20,275,10,43,41,79,90,45,13,56,18,404,23,63,43,82,98,46,29,78,16,486,33,62,59,69,131,43,36,59,19,516,42,83,55,41,109,40,36,45,22,461,22,74,22,25,58,18,28,12,13,280,29,77,22,16,29,15,26,8,15,225,24,53,17,3,16,5,18,8,3,146,40,52,11,3,15,6,19,5,3,156,19,60,8,3,12,12,6,7,13,132,10,25,26,27,24,19,5,34,101,266,289,653,368,518,698,339,250,444,282,3835
112,3,3,0,0,3,3,0,0,0,15,0,0,0,0,0,0,0,0,0,8,3,0,0,0,0,4,0,0,0,15,124,60,84,211,264,251,71,271,17,1351,10,5,4,3,5,4,0,5,6,46,0,3,3,10,5,36,0,22,11,92,15,4,22,14,10,20,3,31,15,129,24,7,14,31,25,31,3,41,13,184,18,19,19,46,35,30,18,43,15,239,32,30,27,71,40,52,17,56,19,341,38,29,36,64,62,38,32,67,18,373,39,43,30,50,54,33,27,53,17,345,41,43,25,32,35,18,38,26,14,275,17,38,20,5,19,10,16,12,3,145,13,33,14,5,13,7,4,9,3,93,13,25,5,6,4,3,3,0,3,58,19,28,3,5,11,6,3,4,4,77,16,28,3,0,4,0,0,0,3,58,20,18,18,29,18,23,9,24,60,211,321,362,225,368,336,310,173,386,194,2674
113,9,3,0,0,4,0,3,0,0,21,11,0,3,0,3,5,0,0,0,18,4,3,0,3,3,0,0,3,0,10,151,55,88,182,282,168,102,193,7,1236,11,0,3,0,3,3,0,3,4,26,3,5,4,15,3,32,4,16,4,82,10,6,3,21,12,24,3,21,7,101,25,11,6,22,11,20,4,21,7,126,26,10,12,22,15,20,9,29,7,151,40,12,27,30,28,28,12,67,8,255,43,22,36,33,45,25,32,81,11,336,46,25,40,31,55,25,52,95,19,377,42,30,29,22,32,8,30,43,11,245,18,22,13,8,19,8,29,25,4,155,27,18,4,4,20,0,20,4,0,98,15,16,3,0,3,5,10,0,4,60,24,21,3,0,6,7,11,3,4,75,25,13,0,0,3,4,0,4,3,54,16,10,6,3,9,8,16,36,46,156,367,227,197,211,268,215,225,456,140,2306
114,0,0,0,0,3,5,0,0,0,18,0,0,0,0,0,5,0,0,0,5,0,0,3,3,3,3,0,0,3,11,81,38,64,149,226,169,45,128,6,901,3,0,0,0,0,0,0,4,3,15,0,3,0,12,4,23,3,18,3,71,5,3,6,14,9,21,5,29,3,89,11,4,12,9,21,17,3,29,12,122,8,10,11,23,27,20,10,23,12,138,10,17,26,41,23,23,6,29,10,183,27,21,24,40,49,23,17,30,5,233,26,31,20,32,53,20,28,22,6,247,23,25,21,16,37,15,18,19,7,173,9,24,16,11,5,3,17,0,3,88,14,21,11,3,12,0,7,3,4,82,4,12,0,4,0,4,10,0,0,46,15,13,3,7,5,5,4,3,0,55,7,20,0,3,0,0,4,3,5,41,17,20,10,12,9,13,3,17,41,132,196,225,170,217,258,193,136,217,111,1719
115,7,4,0,0,0,0,0,0,0,21,12,0,0,0,3,4,0,0,0,22,3,0,0,4,3,0,0,3,0,18,107,66,88,130,279,149,38,85,14,948,4,0,4,4,7,4,0,0,3,26,3,6,3,13,0,13,0,10,3,58,3,3,8,13,19,11,0,11,5,80,9,13,9,25,26,14,3,19,7,116,6,15,22,24,25,22,0,17,9,147,17,19,16,24,48,29,9,29,11,196,17,24,27,44,46,43,19,32,17,265,26,31,38,28,59,19,17,29,19,254,36,61,48,23,49,14,19,21,22,300,25,48,21,9,31,11,10,5,4,165,25,57,21,6,22,6,0,8,8,159,21,30,9,3,10,8,4,0,9,97,49,39,5,0,6,8,9,0,4,119,34,37,0,0,0,3,0,0,5,85,11,6,10,16,11,7,7,9,75,155,280,386,229,229,367,218,102,201,195,2215
116,10,3,0,0,3,0,9,3,0,28,0,3,0,0,3,0,3,0,0,12,0,0,0,0,9,0,0,3,0,15,106,63,81,158,319,172,216,158,18,1288,3,0,0,3,3,7,0,0,19,34,3,6,3,12,6,16,0,13,4,60,7,10,11,10,13,24,12,21,12,114,7,10,13,22,8,32,14,27,16,139,6,9,19,22,16,28,15,31,10,163,18,22,27,55,42,29,31,56,14,290,33,23,43,45,64,32,98,81,22,449,24,36,51,32,82,35,142,69,32,496,47,50,57,43,81,25,93,40,16,459,26,39,20,13,51,18,57,15,9,244,25,34,21,15,24,13,28,6,10,168,29,40,16,4,17,7,19,7,7,130,37,41,13,10,19,5,14,7,11,151,21,20,3,0,4,7,10,0,8,66,14,23,14,13,14,12,31,27,93,235,293,355,304,296,433,284,561,405,277,3208
117,88,117,16,19,55,19,12,5,7,321,61,30,5,5,17,15,0,3,0,143,6,4,0,3,13,3,0,3,3,38,478,491,279,558,1297,485,168,262,55,4085,20,28,7,18,10,10,4,8,48,163,10,18,9,25,11,32,4,25,22,154,13,25,24,60,36,53,13,52,46,332,11,41,46,82,40,61,21,101,59,462,22,52,54,70,76,73,33,120,56,548,40,77,93,129,136,133,68,152,79,902,63,133,118,155,244,132,85,185,105,1221,136,260,167,171,392,110,101,141,104,1594,199,361,197,141,520,118,74,87,146,1840,164,425,137,75,345,77,65,57,83,1436,163,431,93,64,284,70,26,36,71,1246,180,406,62,32,158,37,11,24,42,948,386,725,80,41,201,50,35,25,65,1602,443,638,28,18,93,58,9,5,62,1355,66,139,58,64,108,54,30,46,449,1020,1917,3766,1180,1142,2656,1077,584,1062,1443,14824
118,8,6,4,0,0,0,0,0,0,28,4,3,0,0,3,3,0,0,0,19,0,0,0,3,0,0,0,0,0,9,87,47,59,141,153,84,27,40,10,646,0,6,0,4,7,4,0,0,10,30,0,3,3,19,0,14,0,7,10,51,6,22,8,27,13,11,4,18,3,107,0,16,14,26,11,21,4,27,12,137,6,18,17,30,17,21,3,20,6,140,17,35,23,60,42,33,8,29,5,250,17,34,26,58,39,32,5,22,14,253,40,39,35,62,50,28,13,30,28,320,50,65,51,37,76,33,12,21,11,353,29,61,18,28,38,25,9,11,8,221,29,53,17,27,30,15,6,6,3,182,16,66,16,10,11,4,3,3,9,137,37,66,3,6,9,3,0,0,8,138,39,74,7,3,8,8,0,4,7,150,9,25,13,14,12,13,3,10,70,172,308,594,236,405,358,257,73,207,206,2646
119,24,3,3,3,8,3,3,0,0,42,5,0,0,3,0,8,0,0,0,20,0,3,0,0,7,3,0,0,3,23,157,83,124,223,464,230,112,167,23,1586,10,4,10,5,14,3,0,3,11,57,3,4,3,22,13,32,8,16,5,97,6,16,17,27,18,33,5,30,8,175,4,25,18,43,36,47,32,40,21,261,7,28,37,45,45,49,18,36,23,295,28,46,53,79,99,52,44,60,27,488,39,61,74,82,134,60,64,89,32,634,54,85,86,66,133,53,70,103,41,694,48,103,85,61,122,41,49,53,36,599,41,93,36,30,55,25,39,21,17,348,51,84,28,18,45,9,14,11,10,277,26,52,18,11,25,5,11,6,8,158,53,66,16,14,15,10,5,5,14,192,41,63,4,0,11,7,6,6,10,151,27,22,19,21,26,19,14,26,127,307,457,753,498,519,792,447,384,498,399,4739
120,14,7,0,0,3,3,0,0,0,34,4,0,0,0,3,0,0,0,0,15,4,0,0,6,3,0,0,0,0,17,110,90,57,121,269,137,40,71,10,905,4,5,0,5,4,3,4,3,11,39,0,4,0,16,3,6,0,10,8,56,7,12,10,26,11,15,3,15,11,104,5,20,14,26,23,22,8,25,9,149,16,8,21,36,30,29,6,26,14,189,21,27,31,51,57,41,15,37,17,289,26,37,34,41,80,51,27,39,19,345,46,57,39,46,109,25,28,36,29,418,48,74,50,31,108,23,32,23,15,408,31,81,38,8,52,22,12,10,14,274,37,51,21,5,37,19,11,10,3,193,27,46,11,8,12,9,5,3,11,132,59,75,19,10,22,9,6,5,15,214,51,45,6,4,4,10,5,0,6,128,15,21,16,22,19,20,11,6,93,222,384,573,310,328,569,309,181,254,265,3172
121,39,18,6,0,17,6,0,3,0,94,15,16,0,3,3,8,0,0,0,52,4,0,3,3,0,3,3,0,0,27,205,163,134,193,434,210,55,117,15,1530,8,12,7,3,6,7,0,7,22,74,3,11,3,18,10,19,6,9,8,86,3,19,17,36,25,25,3,15,5,132,17,33,16,33,44,21,10,34,13,213,11,34,16,37,49,35,5,57,17,260,25,61,45,62,72,42,12,58,20,403,30,67,63,64,124,66,29,61,38,541,40,120,49,83,152,54,25,53,37,608,77,184,75,58,166,38,22,37,35,701,64,142,52,19,108,28,9,21,27,474,69,158,39,24,68,24,12,17,19,421,71,142,22,16,32,13,3,6,13,309,153,219,29,7,37,27,8,7,23,509,162,185,11,3,26,17,0,0,22,417,20,58,27,24,41,15,8,19,169,377,743,1442,475,485,942,446,141,390,457,5527
122,13,3,0,0,8,7,0,0,0,37,10,0,0,0,4,5,0,0,0,24,0,0,0,0,3,0,0,0,0,9,119,64,88,108,253,151,33,85,7,912,0,3,5,0,0,5,0,0,3,21,4,3,3,5,7,14,0,11,8,49,8,14,8,22,24,30,3,13,4,118,4,9,10,29,32,21,0,19,0,126,3,19,15,25,23,17,4,18,13,142,16,30,22,39,52,34,5,27,15,242,26,35,33,57,60,30,21,38,10,304,34,50,41,50,74,32,26,27,9,342,38,49,51,23,62,23,9,19,16,298,41,46,21,16,49,17,12,3,11,221,40,63,13,17,24,12,3,6,11,189,30,29,12,3,7,8,0,3,3,91,57,57,10,6,14,12,0,0,12,161,34,46,3,3,15,9,3,3,10,127,19,22,16,15,24,11,11,10,68,192,348,474,256,302,467,270,120,201,187,2625
123,7,0,4,0,4,3,7,0,0,27,0,0,0,0,0,0,0,0,0,6,3,0,0,3,3,0,0,0,6,15,82,51,67,135,274,199,114,164,13,1100,0,0,0,0,0,7,0,0,7,24,5,8,3,17,5,25,0,20,3,80,3,9,10,17,15,23,9,15,7,110,8,12,18,28,16,14,10,32,4,140,8,3,26,17,20,13,12,26,9,138,12,18,17,36,29,27,23,36,14,213,19,26,33,42,55,28,51,56,10,328,26,21,39,36,72,20,60,29,13,316,29,40,40,19,53,25,52,39,10,312,28,39,29,17,31,6,25,18,9,191,16,32,11,9,17,10,23,12,4,131,12,19,3,3,5,8,9,0,0,67,36,34,12,3,0,13,11,5,5,108,10,17,8,4,10,5,0,0,6,60,11,18,12,13,8,14,24,19,61,180,222,291,255,264,342,241,310,308,166,2389
124,7,5,0,0,3,3,3,0,0,18,7,0,0,3,3,5,0,0,0,20,3,0,0,3,4,0,3,0,0,14,124,63,99,172,389,212,121,203,12,1394,3,0,3,0,0,4,0,5,4,28,0,5,0,23,6,17,0,10,10,75,3,12,5,26,17,30,10,16,5,127,10,15,14,31,32,17,4,22,6,146,9,15,12,38,15,23,14,40,8,163,14,29,24,49,64,40,25,53,10,293,26,36,37,61,66,36,56,64,21,396,38,40,48,50,87,29,63,57,10,414,35,45,49,32,83,18,42,31,17,346,29,37,26,15,39,10,24,13,3,194,17,36,19,7,11,7,27,17,12,155,12,25,7,8,6,3,9,4,7,80,27,34,3,9,3,8,6,5,3,95,14,25,0,0,3,7,3,0,3,60,7,12,16,14,21,15,19,23,76,205,246,370,268,350,445,260,298,353,203,2791
125,33,14,0,3,18,11,3,7,0,92,5,5,0,3,6,3,0,0,0,23,0,0,0,4,3,3,3,0,0,18,175,150,148,253,769,265,223,235,28,2244,6,4,5,3,6,5,9,9,22,75,9,10,5,20,19,25,3,13,11,99,5,19,8,39,22,26,7,36,16,173,15,13,33,39,34,24,29,42,28,257,12,18,27,49,47,32,29,53,26,284,24,51,60,64,99,46,70,92,36,538,37,64,71,80,166,88,128,141,60,830,69,91,102,94,266,64,138,136,45,1010,93,157,112,57,282,48,118,81,60,1005,58,144,64,46,139,38,51,37,32,616,53,137,45,22,94,26,29,20,17,447,59,91,18,25,44,6,7,8,10,271,113,139,24,23,32,15,12,10,12,379,79,76,5,5,19,10,3,3,14,212,22,38,32,14,49,18,32,26,193,423,657,1055,610,573,1308,470,666,712,576,6617
126,8,15,7,0,0,0,0,0,0,31,8,10,0,0,0,3,0,0,0,19,0,0,0,0,4,0,0,3,0,10,82,94,66,88,221,102,24,58,14,746,4,3,3,0,0,0,0,3,11,25,0,9,0,7,6,16,3,4,5,42,3,4,10,15,8,12,3,12,5,76,3,9,4,25,11,10,3,10,10,87,5,13,20,19,23,18,7,18,6,123,8,24,18,24,37,23,5,26,16,179,10,24,19,40,58,22,15,23,16,233,17,40,33,29,81,28,11,21,20,280,34,55,48,19,93,19,10,20,25,326,21,72,32,8,56,10,10,8,17,238,26,87,13,8,29,9,6,10,8,188,39,92,15,0,16,8,0,3,7,185,68,113,28,3,27,12,3,0,12,258,85,66,4,0,12,7,0,0,6,185,11,18,12,13,13,12,3,11,70,161,328,631,261,206,472,205,91,161,230,2580
127,12,3,0,3,9,5,3,0,0,31,5,0,0,0,7,0,0,0,0,13,0,0,0,0,3,7,4,0,3,25,151,84,103,194,418,238,161,195,29,1578,8,0,7,3,0,3,0,3,19,50,0,3,10,8,6,22,4,17,8,84,11,6,14,23,19,48,6,38,13,190,10,19,27,31,32,23,10,26,8,174,14,16,34,41,34,25,16,31,18,225,19,35,40,55,56,49,45,70,27,394,29,37,64,81,92,58,81,95,36,553,41,48,78,46,116,40,108,82,36,601,53,84,78,37,101,31,69,44,25,523,30,61,48,21,56,16,37,20,8,297,35,63,27,15,36,3,20,10,15,229,28,38,8,10,12,7,13,7,3,124,37,28,10,8,7,4,12,7,6,117,23,49,3,4,8,3,8,0,3,105,23,16,26,30,13,19,25,31,102,281,352,504,461,406,602,353,461,482,332,3951
128,6,3,3,0,3,10,0,0,0,18,7,4,0,0,3,3,0,0,0,17,0,0,0,0,0,3,0,0,0,11,60,58,67,119,236,132,26,64,9,781,7,3,0,0,4,0,5,0,5,21,0,9,4,15,9,17,3,8,0,61,0,9,5,18,6,10,3,9,3,71,7,6,12,19,20,20,0,15,3,105,8,9,8,20,29,17,7,19,5,119,3,18,26,39,45,36,8,23,12,205,16,23,30,31,54,34,13,25,7,235,22,22,29,34,54,22,17,19,7,224,35,49,38,31,66,24,18,13,14,281,13,32,20,5,25,13,10,8,6,127,30,35,9,5,11,10,4,4,6,118,15,17,8,7,10,0,0,5,3,60,32,24,3,3,10,3,0,4,3,88,10,28,6,3,4,3,3,3,5,63,10,16,12,6,8,14,0,10,51,131,190,287,207,243,361,232,77,178,128,1908
197,0,0,0,0,0,0,0,0,0,0,0,0,0,0,0,0,0,0,0,0,0,0,0,0,0,0,0,0,0,0,0,0,0,0,0,0,0,0,0,3,0,0,0,0,0,0,0,0,0,0,0,0,0,0,0,0,0,0,0,0,0,0,0,0,0,0,0,0,0,0,0,0,0,0,0,0,0,0,0,0,0,0,0,0,0,0,0,0,0,0,0,0,0,0,0,0,0,0,0,0,0,0,0,0,0,0,0,0,0,0,0,0,0,0,0,0,0,3,0,3,0,0,0,0,0,0,0,0,0,0,0,0,0,0,0,0,0,0,0,0,0,0,0,0,0,0,0,0,0,0,0,0,0,0,0,0,0,0,0,0,0,0,0,0,0,0,0,0,0,3,0,0,0,0,0,0,0,0,0,0,0,0,0,0,0,0,0,0,0,0,0,3,0,0,0,0,0,4,0,9
199,4,8,10,3,3,3,7,7,0,45,4,3,0,3,0,0,0,3,0,25,4,3,3,4,0,0,0,6,0,30,86,96,265,257,91,106,134,459,21,1519,3,3,12,7,3,0,0,10,22,62,0,7,8,12,3,3,4,21,4,71,8,16,26,27,11,17,19,48,13,181,16,16,37,36,19,15,42,87,14,284,11,31,61,52,12,12,37,97,20,332,15,24,93,69,32,25,58,132,31,485,23,31,114,40,23,21,53,138,20,471,34,38,146,32,29,17,70,154,31,548,34,39,129,21,25,25,66,118,26,482,24,19,107,11,10,15,29,71,25,320,25,17,67,6,6,11,29,28,15,207,15,12,23,8,4,4,22,24,7,119,30,29,22,5,9,9,13,21,14,152,16,32,19,3,3,3,9,9,12,95,21,17,65,25,18,6,30,59,138,387,280,336,942,362,203,185,491,1011,394,4203
201,6,0,0,0,4,0,0,0,0,13,0,0,0,0,0,0,0,0,0,3,0,0,0,0,3,0,0,0,0,12,75,37,83,143,191,154,44,143,5,871,10,3,4,0,0,8,0,3,6,31,9,8,3,10,6,36,0,16,0,84,3,10,8,17,4,15,3,20,5,89,16,7,13,16,6,20,7,22,4,114,21,6,17,26,11,19,3,25,7,134,18,13,13,33,29,22,13,32,9,188,20,19,37,26,27,24,20,48,11,238,27,32,35,28,20,13,27,25,12,216,20,35,38,18,28,12,17,16,11,195,11,31,13,6,7,4,11,5,4,106,19,27,6,9,14,0,7,0,6,83,9,14,3,5,0,0,7,0,0,35,13,10,3,0,3,4,9,0,0,41,15,7,0,0,0,3,0,0,4,37,19,9,20,9,5,18,5,24,39,154,230,236,213,209,174,193,128,243,116,1743
202,0,0,0,0,0,0,0,0,0,8,0,0,0,0,0,0,0,0,0,5,0,0,0,3,3,0,0,3,0,15,80,47,65,129,164,141,65,148,4,843,9,0,0,0,0,3,0,3,3,23,8,0,4,13,3,23,0,24,3,74,6,3,4,10,5,10,0,24,4,71,18,13,15,19,9,25,7,22,12,136,12,15,14,13,14,16,3,28,8,125,27,22,32,46,17,28,12,34,4,218,28,21,28,34,43,34,16,56,12,273,35,37,23,27,30,11,32,45,7,255,23,34,28,22,27,11,27,16,8,195,8,31,10,16,14,3,5,9,3,96,19,33,5,12,9,4,6,3,0,86,8,12,3,6,3,0,3,0,0,43,11,11,3,0,0,9,6,0,5,51,14,17,5,0,0,4,3,3,4,40,18,9,12,8,8,4,3,10,39,121,238,255,189,231,186,188,125,283,112,1800
203,8,3,5,3,0,4,0,3,0,23,5,0,0,0,4,7,0,0,0,13,3,0,0,4,3,5,0,3,0,16,108,70,113,245,248,233,79,210,8,1310,6,0,3,3,3,7,3,0,7,36,13,7,5,24,0,50,0,33,6,133,15,9,11,30,12,24,7,23,9,141,14,5,24,35,29,19,13,31,12,187,5,16,32,35,24,19,14,35,11,195,17,22,30,68,32,34,18,38,18,290,29,33,45,54,47,33,30,47,20,336,29,65,55,45,44,23,39,49,15,356,31,87,44,33,40,24,31,26,9,335,21,48,15,29,18,13,14,12,7,187,26,60,8,9,16,7,10,10,0,153,13,25,18,12,5,0,4,5,0,84,27,28,12,3,3,9,5,7,4,106,23,35,0,0,4,3,3,8,3,85,22,27,11,25,14,13,8,15,80,216,292,472,322,407,299,287,205,345,204,2837
204,8,0,0,0,0,3,3,0,0,17,3,0,0,0,4,0,0,0,0,11,3,0,0,3,6,3,0,0,0,17,127,38,113,170,204,150,77,193,13,1078,14,3,0,4,0,3,0,7,8,48,11,3,9,17,3,20,3,25,9,89,12,5,9,14,8,30,6,31,8,134,16,8,14,23,11,14,3,21,9,127,16,16,16,32,23,11,15,28,8,167,33,20,29,48,29,29,24,62,17,287,33,27,40,43,34,39,33,49,8,307,43,40,38,23,47,12,41,31,11,283,44,34,45,19,26,10,35,25,7,245,20,37,18,10,10,3,21,16,4,144,25,17,11,4,6,4,14,4,0,89,13,17,9,3,4,0,4,0,7,57,15,9,3,0,3,0,4,4,3,46,19,4,3,3,0,3,0,0,0,39,26,8,19,14,14,16,16,30,64,205,342,244,260,261,220,199,220,345,167,2272
205,3,0,0,5,3,0,3,0,0,19,10,0,0,0,0,0,3,0,0,19,4,0,0,0,3,4,0,5,0,18,174,69,123,282,305,248,73,232,27,1516,20,0,3,5,5,6,0,8,20,70,27,3,3,38,5,58,3,45,14,198,18,10,8,26,15,25,11,41,15,162,32,10,21,33,24,43,3,62,19,238,31,19,21,56,25,36,3,51,15,254,60,24,35,84,54,54,28,74,25,442,56,41,47,66,69,28,28,81,6,415,61,41,63,52,49,35,39,52,6,391,66,54,44,27,47,17,44,39,16,364,35,51,16,23,18,11,24,14,3,194,24,34,12,16,7,5,14,12,6,135,17,23,9,13,4,4,13,15,8,101,32,30,10,4,4,0,21,13,3,122,21,16,25,3,7,3,5,8,8,92,47,23,31,22,17,25,15,27,87,299,547,370,363,461,340,352,254,545,251,3481
206,91,67,5,7,26,24,9,5,3,241,45,21,0,7,8,30,0,3,0,111,0,7,0,10,16,3,0,8,10,51,486,485,311,712,1165,554,132,347,48,4241,20,22,4,15,15,21,3,9,68,169,11,24,11,56,23,58,0,35,34,258,10,54,22,94,43,67,13,77,41,435,24,53,54,114,59,84,25,125,46,587,34,59,70,145,78,77,21,121,75,683,65,114,110,192,173,133,42,154,78,1069,92,171,169,203,255,134,60,168,106,1364,143,328,229,206,437,143,75,124,107,1796,229,462,247,171,500,117,71,93,114,1998,199,452,143,93,361,73,37,33,63,1459,184,485,95,59,189,53,41,18,69,1189,167,407,74,36,90,30,29,18,26,873,328,664,77,45,105,55,50,31,62,1414,364,520,34,13,70,52,13,13,48,1128,88,149,76,98,114,63,50,51,536,1224,1961,3973,1429,1540,2510,1171,523,1069,1472,15645
207,6,9,3,0,12,4,0,0,0,36,7,0,0,0,6,3,0,0,0,20,3,0,0,3,11,0,0,3,0,19,98,84,88,187,281,164,23,107,6,1042,15,3,7,6,8,7,0,3,13,57,0,15,5,20,7,23,0,11,3,89,10,22,9,38,9,37,3,10,7,139,14,15,23,43,22,27,9,24,7,178,21,15,23,47,22,31,0,35,18,206,23,54,34,63,48,40,8,24,20,312,35,37,31,54,65,61,13,17,17,329,34,68,60,48,77,45,11,26,17,381,47,100,45,38,66,33,14,19,20,385,45,92,26,15,37,19,5,4,9,261,38,89,20,17,26,18,9,3,3,217,29,66,18,11,15,5,0,3,6,149,53,68,13,15,16,12,0,3,4,188,47,62,4,3,9,15,0,3,19,153,11,39,17,13,15,25,11,15,105,250,400,751,332,425,449,387,81,211,265,3292
208,14,5,0,0,3,4,0,3,0,35,0,4,3,3,0,3,0,0,0,10,0,0,3,3,4,3,0,3,3,27,102,96,113,252,260,224,75,158,16,1292,8,5,5,6,7,6,0,0,16,57,7,14,7,24,11,34,0,3,10,111,11,22,10,45,20,23,4,33,6,171,12,21,21,29,25,36,8,29,6,192,14,28,34,56,30,41,22,36,9,262,24,51,45,94,50,63,28,47,24,424,41,56,48,68,73,47,35,56,25,456,46,73,73,64,88,50,58,52,28,537,66,91,81,52,86,38,38,27,18,498,33,79,47,31,46,26,13,15,20,300,37,87,23,18,20,18,10,4,14,238,25,48,10,13,20,9,3,9,9,142,48,63,8,5,16,15,0,3,12,178,51,60,6,3,12,11,0,0,17,159,29,34,39,26,25,32,20,29,91,325,463,730,464,534,522,452,247,341,308,4069
209,15,0,0,0,0,5,0,0,0,18,3,0,0,3,0,0,0,0,0,9,0,0,0,5,0,6,0,0,0,17,109,71,127,245,320,221,105,161,16,1375,0,0,6,5,8,10,0,3,15,44,3,3,5,23,9,61,3,28,9,145,9,19,14,34,17,41,11,22,14,185,10,19,18,51,36,25,14,38,15,228,13,25,36,60,43,39,13,38,13,285,18,34,49,70,57,58,42,57,14,401,34,38,72,86,79,52,62,70,21,509,49,67,83,77,75,43,73,69,26,561,41,89,56,44,64,25,42,29,20,415,36,94,24,21,35,13,24,16,11,280,34,83,31,15,12,4,23,8,16,210,22,45,15,7,15,9,10,3,9,130,37,38,5,11,13,10,4,13,7,129,34,42,3,0,9,3,0,0,3,94,23,33,37,32,28,24,21,34,95,331,369,623,463,553,498,405,340,416,284,3952
210,24,3,7,0,6,4,0,0,0,42,5,0,3,0,0,0,0,0,0,10,3,3,0,3,3,7,3,0,0,18,137,61,124,248,300,219,186,220,23,1512,8,3,5,4,9,9,4,5,13,53,9,7,8,16,6,31,3,23,3,113,6,16,17,26,19,33,12,22,15,163,7,8,18,41,21,46,21,35,13,218,14,13,27,59,33,31,25,45,12,269,29,25,54,74,51,52,51,60,27,416,23,37,66,69,70,38,107,88,24,534,47,41,77,65,94,39,112,76,30,589,53,74,88,53,102,44,101,57,28,583,40,46,34,31,38,17,49,28,12,290,36,37,33,14,44,12,28,13,3,226,38,42,17,12,17,4,15,16,6,163,42,42,22,4,26,12,7,15,6,169,25,52,12,3,5,6,14,3,6,132,13,28,43,26,23,30,30,18,110,322,389,464,528,510,551,396,578,505,312,4237
211,19,3,0,0,4,3,3,0,0,30,8,4,0,0,3,3,0,0,0,16,0,3,3,8,7,3,0,0,0,24,164,75,176,294,421,291,132,243,14,1801,11,7,7,3,6,0,4,0,29,71,4,9,10,29,9,48,3,31,9,147,10,12,18,55,24,46,6,31,11,213,17,13,20,59,33,51,11,36,18,255,17,32,38,62,42,41,11,47,25,319,28,42,52,100,55,55,31,78,16,465,44,51,80,85,86,59,51,88,30,578,60,76,101,72,93,44,84,62,34,628,58,83,87,52,90,34,55,43,31,536,59,75,45,23,41,13,31,19,13,317,37,58,27,18,35,13,10,11,14,226,36,39,11,10,13,4,9,3,7,142,44,62,11,5,8,8,0,8,4,160,45,49,3,4,9,5,3,5,11,131,28,27,40,33,31,32,8,49,113,369,507,642,558,608,574,463,321,518,364,4551
212,31,9,4,9,12,13,0,4,0,81,5,3,0,0,3,3,0,3,0,20,4,3,3,12,10,9,8,3,4,47,272,142,292,456,690,443,307,413,40,3054,6,11,10,11,9,9,9,10,36,102,6,13,18,33,17,55,3,32,19,201,14,25,31,59,33,70,14,56,19,318,11,38,48,73,60,74,18,71,19,409,29,38,55,90,61,58,31,84,31,489,47,48,89,139,112,98,72,125,36,763,77,83,115,126,152,86,164,182,51,1043,93,118,185,109,192,82,214,152,60,1204,93,187,169,69,204,69,149,111,52,1105,92,158,105,39,121,43,59,44,31,686,82,133,64,20,59,21,46,26,27,479,63,91,25,8,22,11,22,11,12,277,119,124,31,8,27,27,14,18,18,381,96,90,14,9,13,18,7,9,14,267,38,48,67,43,40,32,56,56,268,653,864,1206,1020,837,1122,755,872,991,711,8377
213,7,9,7,0,5,7,10,3,0,45,6,0,0,0,5,4,0,3,0,21,5,0,3,9,3,6,5,0,3,33,189,80,169,373,464,339,316,323,22,2280,15,10,10,6,10,15,5,6,22,92,0,9,10,38,7,60,4,33,15,186,15,10,18,60,27,59,17,51,23,282,24,13,41,69,39,55,24,53,26,339,19,27,51,83,35,53,25,60,24,366,29,49,72,108,57,78,63,95,35,580,47,49,74,104,99,78,165,115,40,767,70,83,113,94,129,53,185,114,42,892,98,120,105,70,113,44,175,86,39,852,58,99,62,34,60,20,88,36,25,473,47,81,39,35,32,14,57,22,20,350,35,50,31,20,20,7,19,8,13,203,60,49,31,16,16,6,17,6,7,214,39,60,10,8,12,4,5,8,12,152,17,34,50,44,32,36,53,54,193,518,576,735,721,799,677,586,901,743,525,6260
214,4,0,3,0,0,0,0,0,0,17,4,0,0,0,0,8,0,0,0,16,0,0,8,3,9,9,0,0,0,24,94,50,136,232,232,212,47,159,11,1173,5,5,0,0,5,3,0,0,4,37,0,7,0,25,3,34,3,20,4,100,7,3,12,30,18,27,4,23,13,134,11,10,18,44,19,34,8,33,14,186,11,19,30,51,39,29,4,39,12,228,27,29,41,75,37,48,15,41,15,333,23,32,43,74,61,29,25,61,13,362,30,56,70,58,57,33,39,43,22,396,30,52,44,50,44,18,27,30,10,312,32,46,21,21,13,6,12,13,7,169,23,46,11,17,9,10,8,7,14,134,10,28,8,10,3,0,0,4,0,72,24,30,13,8,10,6,3,3,4,91,13,29,4,3,0,3,3,3,3,58,16,25,27,26,23,29,12,19,83,247,263,422,348,486,346,310,148,332,208,2864
215,3,0,0,0,0,0,0,3,0,10,5,0,0,3,0,0,0,0,0,12,3,0,0,0,0,4,0,0,3,11,141,38,66,161,201,197,64,144,10,1028,21,3,0,0,3,5,0,3,3,38,14,0,5,8,4,38,0,28,4,108,29,3,11,14,5,15,8,17,3,113,33,5,12,21,19,15,0,37,4,147,28,9,10,17,18,20,11,56,6,184,33,25,36,50,29,35,16,65,17,303,60,20,39,39,30,28,19,67,16,313,35,44,35,38,41,19,43,59,17,325,33,36,31,27,22,5,25,23,16,217,34,36,12,12,12,7,12,5,12,145,18,19,5,12,7,6,9,3,0,81,13,19,3,6,3,3,3,3,0,49,22,17,4,12,3,0,6,7,0,64,17,15,5,0,3,6,3,7,0,53,30,13,11,14,7,17,6,38,53,192,420,254,219,263,195,232,172,414,160,2318
216,4,0,3,0,0,0,0,0,0,10,0,0,0,0,0,0,0,4,0,9,4,0,0,3,0,0,0,0,0,10,82,37,50,123,132,113,30,161,5,738,18,0,0,3,0,0,0,9,7,35,13,0,7,6,0,30,0,25,11,86,14,4,8,17,10,14,0,22,3,93,22,3,22,13,10,5,7,19,13,114,27,7,16,18,10,25,6,32,7,153,30,15,29,33,15,26,4,55,18,214,28,24,28,36,28,23,16,52,21,258,36,25,23,39,32,18,26,48,16,257,26,36,28,11,18,6,36,32,4,203,20,21,8,9,14,6,13,9,8,110,28,16,7,5,13,3,5,11,3,96,11,16,4,3,4,3,6,9,3,58,10,7,9,0,4,0,0,0,0,40,12,12,4,0,3,0,3,0,4,37,22,15,14,14,4,16,23,33,52,189,315,208,192,218,159,172,156,357,157,1937
217,3,3,3,3,0,0,0,0,0,11,8,0,0,0,0,0,0,0,0,12,0,0,0,0,0,3,0,0,0,11,104,31,65,139,149,103,49,174,11,811,22,0,4,3,3,0,0,5,11,50,9,0,3,9,3,20,0,29,5,76,14,5,9,14,3,12,3,23,8,91,15,4,12,20,6,4,3,37,6,106,21,3,20,29,23,12,11,21,12,149,48,23,24,33,20,22,14,38,7,226,42,19,27,37,14,19,23,36,6,236,46,31,34,23,26,15,25,49,13,252,40,37,17,23,17,6,43,23,6,207,18,20,9,12,12,3,12,11,3,106,19,14,9,7,5,0,9,3,0,76,11,9,5,3,8,0,9,5,0,51,19,10,3,3,0,0,3,5,3,53,22,14,3,0,0,0,0,4,0,48,43,12,15,5,5,12,13,24,54,182,397,203,197,213,133,136,168,320,133,1908
297,0,0,0,0,0,0,0,0,0,0,0,0,0,0,0,0,0,0,0,0,0,0,0,0,0,0,0,0,0,0,0,0,0,0,0,0,0,0,0,3,0,0,0,0,0,0,0,0,0,0,0,0,0,0,0,0,0,0,0,0,0,0,0,0,0,0,0,0,0,0,0,0,0,0,0,0,0,0,0,0,0,0,0,0,0,0,0,0,0,0,0,0,0,0,0,0,0,0,0,0,0,0,0,0,0,0,0,0,0,0,0,0,0,0,0,0,0,0,0,0,0,0,0,0,0,0,0,0,0,0,0,0,0,0,0,0,0,0,0,0,0,0,0,0,0,0,0,0,0,0,0,0,0,0,0,0,0,0,0,0,0,0,0,0,0,0,0,0,0,0,0,0,0,0,0,0,0,0,0,0,0,0,0,0,0,0,0,0,0,3,0,0,0,0,0,0,0,3,0,3
299,7,5,4,0,0,0,0,11,0,23,3,0,3,0,0,0,0,3,0,5,0,0,3,7,5,0,3,3,3,21,42,69,224,203,63,82,74,344,17,1118,9,4,16,5,0,3,6,7,25,72,0,8,13,19,8,11,4,25,7,91,7,12,30,34,8,15,13,59,12,191,17,15,56,47,8,7,15,67,15,243,10,26,91,38,6,6,29,73,30,314,17,28,111,63,15,11,37,97,28,413,20,27,110,49,5,11,36,110,21,393,25,32,150,35,10,22,57,93,21,448,26,29,157,21,20,18,51,70,20,415,27,23,86,9,6,9,26,41,13,247,18,17,53,10,7,3,12,30,14,165,13,21,24,3,4,8,16,21,10,118,12,23,29,7,4,0,16,21,8,125,20,27,17,3,0,0,4,8,10,86,22,23,53,25,13,14,31,45,124,343,244,303,988,380,128,133,354,766,355,3664
301,7,0,0,0,4,0,3,0,0,20,0,0,0,0,0,3,0,0,0,4,3,0,3,0,0,6,0,4,0,16,83,56,81,151,220,198,94,161,8,1055,5,0,4,3,4,0,0,3,3,19,3,4,3,10,0,17,4,7,3,47,4,3,8,16,12,9,3,14,0,85,0,8,12,18,11,18,4,26,4,96,9,9,6,26,12,11,6,34,9,128,12,17,21,33,27,21,19,42,15,204,11,19,24,31,31,30,33,54,15,259,18,19,34,18,52,18,55,49,17,278,23,28,32,21,49,14,27,37,21,253,19,27,24,7,30,11,26,20,0,171,20,40,11,20,9,11,13,6,9,133,19,19,10,0,7,3,6,7,3,73,21,29,7,5,8,9,7,7,4,95,12,17,5,3,9,8,0,4,4,54,14,12,19,16,8,13,12,22,64,170,188,240,233,223,272,189,217,319,176,2052
302,10,3,0,0,0,4,0,0,0,21,4,3,0,0,0,0,0,0,0,10,0,0,0,3,0,0,0,0,0,10,105,77,122,206,253,219,140,217,19,1355,3,0,5,0,0,3,0,0,3,16,0,3,4,10,0,24,0,17,0,58,4,5,4,23,11,16,7,12,10,90,6,0,9,20,4,18,7,27,3,92,5,6,12,25,17,20,14,29,6,141,7,22,24,39,22,28,31,37,23,237,16,15,36,53,42,54,59,66,24,356,36,24,49,39,66,26,58,63,22,387,29,50,68,39,60,26,58,31,17,378,26,39,36,20,59,10,27,16,12,243,33,47,29,13,25,8,19,7,9,195,18,33,11,6,12,7,3,3,7,103,32,54,25,4,13,3,3,0,7,140,24,34,7,3,3,8,5,0,5,89,4,15,20,14,16,5,11,23,75,179,242,352,332,305,354,256,297,326,232,2701
303,12,4,3,0,0,0,3,0,0,27,6,0,0,0,0,3,0,0,0,6,3,0,5,3,3,0,0,3,0,18,142,94,173,248,353,274,219,222,15,1732,3,0,0,6,0,4,0,5,12,36,0,0,3,13,3,27,4,14,6,70,4,12,15,33,9,25,7,26,9,137,7,15,28,33,19,22,5,35,10,181,5,9,27,30,35,22,13,37,9,189,23,20,36,64,54,42,37,48,13,342,32,43,58,62,51,41,66,50,33,445,45,57,64,68,98,57,90,48,25,540,56,81,66,39,101,32,76,35,23,501,34,72,52,21,60,15,44,18,9,315,53,61,24,13,30,14,28,5,3,226,23,53,9,7,12,6,16,4,8,139,44,55,16,7,8,8,10,6,10,157,33,45,3,7,8,9,4,3,3,120,8,20,17,25,15,14,22,18,111,257,359,555,423,426,500,344,416,361,284,3660
304,0,0,0,4,0,0,0,3,0,11,0,0,0,0,0,0,0,0,0,0,0,0,0,0,3,0,0,0,0,3,50,28,56,150,98,134,33,71,5,619,3,3,4,0,3,4,0,0,0,14,4,11,3,3,5,11,0,4,3,49,3,0,3,12,11,10,0,4,0,42,3,14,3,17,3,6,0,12,5,62,5,10,10,11,9,7,7,9,3,67,13,7,8,26,17,22,3,18,4,117,10,12,12,21,29,16,9,14,5,129,17,13,22,21,25,11,12,19,8,149,18,26,23,21,23,9,8,11,4,147,13,29,10,13,17,3,6,6,9,103,19,26,7,12,10,3,4,0,0,75,7,26,0,3,0,3,0,0,5,45,19,24,3,8,3,6,0,3,3,56,8,12,0,0,0,4,0,0,0,37,3,3,6,7,6,7,0,4,40,77,138,207,119,174,145,112,60,111,97,1170
305,33,30,4,4,22,3,5,3,0,116,14,3,4,5,0,3,0,0,0,25,0,3,5,4,6,0,0,0,4,22,234,261,177,402,838,331,94,231,33,2592,15,10,8,7,4,8,0,4,26,77,3,3,3,22,10,20,3,16,10,93,9,16,5,25,8,10,3,35,14,128,10,11,12,47,19,25,10,55,14,212,14,26,32,45,33,31,10,73,21,282,24,44,42,71,77,43,16,85,26,434,27,60,58,84,99,43,22,83,32,497,45,130,97,69,210,43,34,63,42,744,84,161,112,63,241,56,33,44,46,834,47,196,66,34,155,36,21,25,32,609,62,218,51,30,85,28,21,17,27,538,63,159,46,13,53,21,9,13,15,381,150,305,51,23,60,27,21,17,19,657,118,232,13,4,36,18,3,12,19,453,26,56,27,32,47,24,11,38,213,474,684,1642,626,573,1144,422,205,572,558,6412
306,8,4,3,0,4,0,0,0,0,23,3,3,0,0,0,0,0,0,0,7,3,0,3,3,3,5,0,4,0,14,127,76,130,254,281,307,87,272,15,1550,6,6,0,4,5,5,4,3,15,53,4,3,6,20,3,37,0,30,5,109,10,17,12,8,7,21,6,34,10,132,19,17,17,33,25,20,9,47,10,192,21,20,36,48,25,36,13,59,12,269,36,20,39,75,30,62,19,84,15,383,46,40,56,93,44,74,40,119,22,520,55,57,64,72,61,44,44,73,24,499,53,65,59,47,49,15,39,45,19,394,38,43,30,27,23,13,26,19,11,220,31,54,13,15,24,7,8,9,3,166,19,32,7,7,4,3,0,6,4,81,20,31,18,10,3,7,4,4,6,93,20,31,3,3,0,3,0,4,3,74,18,12,23,33,24,20,21,33,95,277,387,439,383,497,329,371,238,576,247,3467
307,3,0,0,0,0,5,0,3,3,14,10,0,0,0,0,0,0,0,0,11,4,0,0,3,0,0,0,3,0,12,125,21,74,123,152,119,89,239,12,936,17,4,3,0,7,7,0,3,3,40,8,0,3,9,8,19,0,27,0,82,17,3,4,14,5,10,3,11,11,80,16,4,5,16,8,10,9,27,11,108,23,4,13,15,10,9,9,26,8,120,40,18,22,35,19,19,7,53,17,233,22,4,38,26,20,14,28,69,16,235,43,13,28,23,30,14,33,66,6,259,36,12,26,12,28,10,46,36,18,215,29,14,11,3,3,9,22,15,3,106,18,17,19,8,7,4,14,3,4,84,10,11,18,3,4,0,11,6,0,59,12,12,20,6,0,3,14,4,3,75,17,11,7,0,0,0,4,4,6,49,30,6,9,15,3,7,10,22,44,158,331,129,231,193,153,145,217,371,146,1907
308,5,7,6,0,5,0,36,12,3,80,4,7,4,0,4,0,5,3,0,26,3,0,0,0,0,0,3,0,3,16,152,81,155,208,261,293,167,307,12,1631,10,4,4,0,5,0,3,3,4,40,8,6,8,10,4,27,5,33,7,102,18,10,9,10,10,22,3,15,5,96,16,6,8,19,9,20,7,39,8,129,5,15,21,42,9,28,8,39,8,163,23,20,26,55,28,22,16,46,10,239,27,12,23,49,40,28,18,62,19,280,28,21,43,36,26,22,40,57,19,302,36,31,41,25,35,9,68,39,15,295,27,24,24,7,17,12,40,22,12,192,26,31,25,7,15,13,35,17,3,164,14,26,14,9,9,0,45,13,4,142,23,31,46,5,7,3,71,35,3,223,16,28,32,5,3,5,22,19,3,141,19,12,16,18,8,15,25,37,67,225,293,273,331,292,225,232,403,479,200,2729
309,11,8,3,5,6,14,0,3,0,50,9,3,3,0,6,3,0,4,0,26,3,4,6,10,4,9,3,3,3,34,241,160,258,456,562,566,156,442,37,2885,7,7,13,5,8,12,5,5,15,77,3,8,7,38,11,71,3,32,12,188,7,26,20,68,31,42,11,47,15,270,29,39,46,70,50,52,22,75,24,404,23,40,53,80,59,67,28,85,29,474,43,62,87,130,109,115,43,137,35,753,73,90,135,133,170,121,74,138,54,989,96,123,134,115,160,114,75,115,28,955,109,136,146,69,147,73,75,63,44,873,69,107,75,43,78,35,26,32,23,491,55,96,46,13,42,25,24,23,13,349,30,47,29,17,21,16,6,8,10,181,68,89,23,12,19,24,20,6,9,259,54,105,15,10,6,16,0,6,13,239,35,39,39,40,40,52,30,64,210,556,713,1019,864,845,947,833,430,849,537,7039
310,16,0,3,0,3,7,3,0,0,29,0,0,0,0,0,3,0,0,0,11,0,0,0,7,0,0,0,3,0,20,126,62,124,252,261,297,154,309,12,1605,0,0,8,0,4,5,0,5,5,29,3,0,8,9,12,36,0,12,3,82,7,3,3,15,4,25,7,22,9,102,10,10,14,22,8,22,6,30,24,141,10,10,22,25,17,19,12,30,13,165,17,19,30,50,30,30,34,67,11,281,20,22,53,67,31,34,62,95,28,406,39,34,61,51,53,18,92,91,22,459,34,38,59,44,40,20,61,50,22,367,21,42,29,33,27,6,32,13,12,222,17,28,26,14,22,7,12,11,11,161,21,23,8,8,6,5,10,6,9,94,29,40,14,3,6,4,11,5,12,114,25,22,5,0,3,3,0,3,4,77,14,7,19,18,25,14,17,30,110,252,270,297,359,368,277,247,360,487,290,2955
311,3,0,0,0,7,3,5,0,0,14,0,0,0,0,0,3,0,3,0,10,0,0,0,0,3,4,0,6,0,16,93,50,117,213,256,292,90,254,11,1385,3,5,0,4,0,9,0,4,12,42,4,7,6,10,0,26,3,16,7,76,0,6,9,19,11,22,9,21,8,97,4,8,18,27,12,14,10,24,3,127,9,6,14,31,29,23,15,22,12,157,15,21,29,50,38,36,31,47,21,283,22,28,38,62,55,31,40,61,23,367,37,31,50,36,65,36,65,51,25,383,46,56,53,39,51,18,35,31,18,345,37,29,26,19,29,10,17,25,10,201,7,35,9,8,12,14,12,8,10,117,4,20,13,3,5,11,5,0,3,60,16,14,3,8,7,5,8,7,3,76,20,34,3,6,0,4,5,8,7,74,17,10,16,13,16,11,12,17,80,201,252,305,296,331,336,264,253,336,229,2610
312,8,10,11,0,6,0,35,5,0,83,3,0,0,0,0,0,13,0,0,21,0,9,4,5,4,3,3,0,0,23,92,62,95,172,191,200,160,221,17,1213,5,0,0,3,0,3,0,4,4,20,5,3,4,15,4,26,0,21,3,84,3,10,3,18,9,17,10,26,3,97,7,5,12,13,4,17,9,29,12,110,13,4,16,21,23,12,12,32,11,147,13,7,23,43,21,27,19,49,14,216,25,10,31,37,26,30,26,52,15,246,24,30,39,27,36,22,46,97,10,332,40,24,54,16,31,12,42,51,5,272,20,17,32,9,4,3,44,18,5,162,23,24,27,7,7,3,52,16,4,170,15,14,21,3,9,4,44,7,0,113,18,23,42,0,7,0,84,7,5,194,16,27,25,7,3,3,32,5,4,120,16,10,31,9,7,24,37,26,72,221,249,203,369,237,196,198,449,437,168,2505
313,0,7,0,0,0,0,0,0,0,4,3,0,0,3,0,0,0,0,0,10,0,0,3,3,0,3,0,3,0,5,66,32,73,187,185,243,60,224,3,1080,7,0,0,0,3,4,0,3,4,14,3,0,8,16,7,41,0,10,3,88,8,0,4,13,10,18,0,22,6,86,7,10,10,18,23,10,4,39,13,134,8,10,14,25,10,12,10,34,7,143,17,17,21,45,15,34,12,49,18,220,15,21,24,42,22,29,23,42,9,232,31,37,29,35,32,18,31,35,11,257,24,42,40,16,27,17,27,30,17,233,15,22,21,15,19,8,9,10,7,124,13,31,10,12,15,6,5,7,6,107,5,28,3,3,4,0,0,7,5,54,9,14,3,3,5,0,3,4,3,46,12,17,4,4,6,6,3,6,0,62,5,17,10,22,4,11,9,18,43,150,184,259,196,264,203,216,155,323,145,1948
314,8,3,0,0,3,3,0,3,0,13,0,0,0,0,0,0,0,0,0,4,0,0,0,0,4,0,0,0,0,12,74,20,54,96,118,157,46,119,4,691,3,3,0,0,4,3,0,0,7,20,0,7,0,8,3,19,3,7,0,49,0,3,3,13,3,5,3,9,3,42,3,7,3,10,4,12,4,17,3,62,3,7,6,8,19,14,0,6,6,78,5,12,17,23,13,14,11,20,0,120,11,12,27,24,28,13,12,24,6,163,15,18,27,11,17,15,22,11,10,151,24,15,27,8,16,4,23,11,9,142,6,12,18,5,14,5,3,7,0,77,9,17,12,8,3,7,3,5,3,70,5,13,6,0,5,3,5,3,0,39,11,7,5,3,7,0,0,3,0,46,13,14,0,0,0,3,0,0,3,34,4,8,10,11,3,9,3,10,31,86,121,153,167,144,139,131,99,145,87,1179
315,0,3,10,0,3,0,9,3,0,32,3,0,0,0,0,0,0,0,0,3,0,3,0,4,5,0,0,3,0,15,90,50,70,119,93,70,58,156,15,715,8,0,0,0,4,3,0,3,0,19,7,0,3,10,0,8,0,16,3,44,12,6,0,16,5,11,4,18,15,80,12,0,3,7,3,9,3,17,9,67,13,3,5,19,14,3,11,24,9,100,22,8,18,24,8,13,7,41,7,151,14,15,14,27,16,8,16,41,10,160,29,17,16,27,19,11,21,33,11,172,18,9,31,16,26,3,26,29,5,164,9,14,16,9,13,3,18,9,3,95,8,17,15,6,7,4,19,3,6,82,9,12,12,7,5,0,22,4,0,66,11,18,15,0,3,0,21,9,4,83,10,5,3,3,3,0,8,3,0,29,11,11,12,20,9,4,11,19,43,144,184,143,158,188,135,79,181,270,114,1454
316,11,7,3,0,0,4,4,0,0,28,0,4,0,0,0,3,0,0,0,12,0,0,0,3,0,3,3,0,0,13,140,95,151,304,381,389,86,266,17,1829,18,5,10,7,6,6,4,6,13,64,12,3,8,26,7,40,3,21,11,127,18,17,14,38,16,44,9,38,8,186,8,12,21,53,29,34,7,31,14,208,7,20,31,59,42,40,8,55,15,286,31,41,42,71,57,62,18,54,17,400,39,34,61,74,71,61,32,65,29,469,57,55,84,48,73,46,31,49,23,460,53,66,81,31,55,26,33,28,19,382,35,45,38,11,21,11,20,9,15,194,41,55,17,21,19,15,6,8,8,179,21,26,13,3,5,5,3,4,8,91,26,34,5,8,5,5,0,0,6,99,28,43,3,0,5,4,0,9,6,107,22,28,32,28,18,23,18,23,98,278,411,488,434,466,421,437,193,395,278,3531
317,0,0,0,0,0,0,3,0,0,6,0,0,0,0,0,0,0,3,0,8,0,0,0,0,0,0,0,3,3,12,68,38,79,124,216,204,69,181,8,996,3,3,0,0,3,7,0,0,0,13,6,0,0,12,9,29,3,10,0,67,7,5,6,10,3,12,8,12,4,64,7,3,6,15,11,11,9,9,4,73,3,14,9,18,14,13,4,25,3,105,12,6,14,33,15,22,10,40,8,157,12,14,18,38,28,29,23,42,11,214,18,14,24,21,38,14,26,47,12,223,22,23,26,23,29,12,22,20,12,189,13,16,16,7,15,3,12,7,3,97,18,32,8,10,7,3,7,5,3,90,5,15,5,7,4,0,8,3,0,54,13,20,5,0,0,0,6,0,0,53,11,20,3,0,3,0,0,0,0,39,10,4,11,15,8,14,7,19,39,127,152,195,172,208,191,165,148,232,98,1557
318,3,3,0,3,0,0,0,0,0,20,0,3,0,0,0,0,0,0,0,5,0,0,0,3,3,0,3,0,0,16,101,72,125,296,272,244,91,195,11,1399,6,0,8,3,4,4,0,8,3,32,3,0,5,10,6,19,0,9,12,63,7,3,3,14,3,18,6,28,7,85,12,8,11,15,8,15,4,31,3,107,12,9,15,34,12,20,10,24,3,150,12,19,30,45,27,26,20,48,12,235,18,25,31,52,25,38,18,53,21,286,27,31,60,48,51,22,38,52,20,339,29,46,44,36,46,19,21,34,20,290,14,44,28,24,34,5,39,19,8,208,25,42,16,17,6,6,16,7,10,146,18,22,14,12,4,3,12,3,6,91,18,40,4,3,5,0,5,0,0,86,15,31,0,0,0,3,3,0,0,54,14,17,23,23,10,12,21,24,56,195,228,339,286,336,247,213,214,343,176,2374
319,3,0,3,0,0,3,3,0,0,17,0,0,3,0,3,0,0,0,0,8,0,0,0,4,5,7,4,3,3,24,152,55,129,290,336,396,120,373,14,1866,20,0,3,8,0,10,0,4,11,48,10,7,6,12,13,37,3,30,12,122,20,3,10,12,13,20,10,41,13,145,20,10,14,26,10,35,13,42,19,189,27,20,19,47,32,32,15,67,15,278,37,30,28,82,27,44,29,81,23,363,33,35,42,66,47,44,30,94,19,408,44,33,54,46,40,33,31,77,11,366,46,32,43,35,43,15,38,40,10,303,22,37,16,12,13,6,28,16,10,162,21,33,14,8,9,4,6,8,5,117,20,25,6,4,9,3,12,4,0,87,21,13,11,0,0,5,14,4,3,69,6,22,3,0,3,0,0,4,0,49,23,19,14,14,13,12,20,39,86,238,368,321,285,374,276,287,247,544,240,2942
397,0,0,0,0,0,0,0,0,0,0,0,0,0,0,0,0,0,0,0,0,0,0,0,0,0,0,0,0,0,0,0,0,0,3,0,0,0,4,0,8,0,0,0,0,0,0,0,0,0,0,0,0,0,0,0,0,0,0,0,0,0,0,0,0,0,0,0,0,0,0,0,0,0,0,0,0,0,0,0,0,0,0,0,0,0,0,0,0,0,0,0,0,0,0,0,0,0,0,0,0,0,0,0,0,0,0,0,0,0,0,0,0,0,0,0,0,0,0,0,0,0,0,0,0,0,0,0,0,0,0,0,0,0,0,0,0,0,0,0,4,0,0,0,0,0,0,0,0,0,0,0,0,0,0,0,0,0,0,0,0,0,0,0,0,0,0,0,3,0,3,0,0,0,0,0,0,0,0,0,0,0,0,0,0,0,0,0,3,0,3,0,7,0,0,0,0,0,7,0,10
399,3,0,0,0,0,3,8,3,0,17,0,3,3,0,0,0,0,3,0,11,0,0,0,0,0,0,3,4,0,14,41,94,193,155,73,69,95,395,17,1136,3,3,4,4,0,3,0,8,11,40,0,4,10,19,0,10,0,29,5,79,0,11,20,9,5,9,9,60,10,140,11,8,39,24,7,14,16,62,18,189,13,10,36,23,6,17,14,81,14,226,11,17,74,50,23,8,18,103,10,323,10,19,63,37,8,9,29,104,29,309,18,14,120,27,14,18,42,97,25,384,31,24,125,16,6,11,45,99,25,393,17,13,81,7,11,9,30,51,8,230,14,9,44,3,3,3,32,29,10,156,10,16,31,3,3,0,15,33,5,114,18,17,23,3,5,3,28,14,3,106,17,22,13,0,0,3,6,12,9,74,18,16,67,17,5,13,21,38,104,301,190,214,767,247,113,122,317,804,282,3063
401,22,11,6,10,13,8,0,0,0,65,10,0,0,0,0,3,0,0,0,18,3,0,3,6,0,4,0,3,0,27,248,195,191,437,788,375,62,298,29,2610,3,4,3,9,3,3,6,3,11,44,3,14,7,43,4,44,0,35,12,162,4,17,18,46,18,33,0,33,10,178,11,27,25,43,26,40,3,47,9,230,20,22,30,48,47,42,3,58,19,286,23,49,48,95,74,56,18,60,23,445,39,52,64,90,103,55,20,60,32,519,56,94,76,89,180,53,26,53,25,647,68,135,80,51,174,32,25,19,24,601,42,146,46,21,93,20,12,5,17,406,45,121,29,23,48,5,9,9,16,301,47,97,15,12,34,5,3,6,6,225,81,126,12,28,31,8,9,0,12,304,53,97,5,3,21,9,0,8,15,203,20,31,23,30,31,28,8,24,135,331,519,1031,475,618,880,431,142,423,366,4888
402,10,4,0,5,3,3,4,0,0,22,6,0,0,0,0,0,0,3,0,8,0,0,0,0,3,4,4,0,0,19,162,72,143,323,334,452,186,399,27,2106,9,3,5,4,6,6,3,9,8,49,3,0,0,15,12,27,0,17,3,79,9,10,11,26,11,30,17,26,8,140,5,11,25,33,22,30,11,44,13,191,17,10,27,40,27,31,9,39,16,213,19,13,31,67,53,40,25,78,19,342,28,23,60,56,42,48,59,84,18,422,30,35,62,70,45,27,71,80,22,441,45,57,51,48,48,28,53,24,20,380,31,41,34,37,26,13,21,19,12,233,25,65,20,21,13,5,16,5,6,178,23,43,10,14,8,0,11,3,5,114,32,37,10,8,8,0,15,0,4,112,10,30,3,0,8,3,3,3,0,67,19,15,26,23,15,25,18,42,91,269,309,387,379,466,330,307,338,472,260,3235
403,4,0,0,3,0,8,0,0,0,15,0,3,0,0,3,0,0,0,0,6,0,0,0,0,3,3,0,3,3,13,122,60,125,244,267,363,73,239,14,1499,4,4,7,3,5,3,0,9,10,40,3,8,4,15,0,21,4,22,6,80,7,6,17,19,9,25,3,22,9,112,7,15,18,31,12,28,5,28,8,150,14,9,27,27,17,32,4,29,11,174,16,21,33,73,33,36,12,39,14,266,18,24,42,68,44,28,19,40,12,286,19,47,48,59,45,18,26,27,14,311,26,46,47,43,52,19,22,16,7,283,29,46,34,18,17,9,13,7,3,174,23,55,21,9,13,6,3,3,8,146,11,26,4,5,5,8,0,4,0,67,10,24,0,8,5,0,0,0,6,60,11,22,0,3,3,3,0,3,0,51,14,7,15,24,13,20,6,19,66,188,210,361,310,405,277,260,123,266,170,2384
404,11,4,0,5,4,0,0,3,0,36,0,0,0,4,0,0,0,0,0,6,0,0,0,0,3,0,0,3,0,12,117,78,161,210,346,294,184,271,23,1679,3,0,0,0,3,0,0,7,5,22,0,3,5,8,3,20,0,18,0,68,3,8,3,12,13,22,5,17,13,99,3,9,13,25,15,28,7,26,12,145,6,16,28,30,19,17,12,27,10,156,16,19,34,61,40,43,36,65,15,323,30,24,43,69,56,31,67,81,10,409,35,44,79,47,74,25,84,69,20,471,36,56,63,34,64,25,72,46,17,426,32,52,46,13,44,17,30,19,7,262,35,47,33,5,20,11,9,13,3,176,24,34,21,9,7,7,20,8,0,136,44,40,15,5,10,10,14,3,7,142,20,33,3,0,3,9,3,5,3,85,7,21,18,20,8,15,17,22,77,204,292,404,410,354,373,281,383,428,198,3120
405,4,3,0,0,0,0,0,0,0,5,0,0,0,0,0,0,0,0,0,0,0,0,0,0,0,0,0,0,0,4,113,30,66,104,145,100,47,181,8,799,14,0,3,0,0,0,0,7,4,28,6,0,3,9,3,13,0,24,0,66,9,0,3,10,3,12,0,24,6,69,18,0,3,7,13,9,6,27,4,86,15,7,6,14,4,8,8,30,7,99,22,11,13,26,17,24,11,33,10,160,27,9,24,24,24,11,14,35,10,171,29,15,27,15,21,11,22,43,9,203,33,19,8,8,19,5,17,21,3,135,31,10,15,7,14,4,18,19,3,114,23,11,9,3,6,4,10,4,6,81,20,11,8,3,3,0,4,0,0,51,13,6,5,0,3,0,4,0,0,42,12,5,0,0,0,3,0,3,4,33,17,5,8,5,4,7,8,21,20,99,288,122,134,134,138,122,125,281,85,1432
406,3,0,0,3,3,0,20,6,0,33,5,0,9,0,0,0,0,3,0,18,0,0,0,0,0,3,3,3,0,12,89,34,65,111,116,94,86,120,9,724,3,0,4,3,0,0,0,0,4,17,4,3,4,3,0,11,0,12,0,32,7,3,4,15,4,9,5,8,0,63,12,7,8,10,3,7,3,19,3,69,5,3,10,12,8,3,7,24,9,81,14,7,3,20,13,11,8,18,3,104,12,10,7,16,8,9,13,24,12,115,25,10,16,16,13,9,23,29,9,145,24,17,20,10,19,3,17,16,7,135,19,8,11,13,12,4,10,12,6,89,8,15,7,6,5,3,28,4,0,74,7,3,12,0,6,0,16,4,0,48,10,9,12,8,3,0,32,5,5,88,15,9,6,0,4,0,11,9,3,51,13,9,15,14,5,6,5,15,27,104,170,118,144,149,99,87,165,195,92,1217
407,9,5,3,6,3,0,0,0,0,30,3,0,0,0,3,0,0,0,0,13,3,0,0,3,0,3,0,3,0,18,182,56,101,169,275,282,103,331,10,1515,21,3,3,3,3,3,0,6,5,49,6,4,4,18,4,35,3,27,10,105,19,0,17,15,3,28,5,36,10,128,25,10,6,21,11,8,3,33,10,124,39,7,23,31,9,17,10,48,16,203,41,17,25,58,23,24,21,82,14,314,45,17,36,52,21,33,22,110,14,344,47,29,39,31,37,28,37,92,16,354,54,24,22,19,24,9,44,53,7,263,21,36,13,9,10,4,25,24,3,150,28,15,15,7,7,5,7,10,5,99,19,15,5,3,8,0,4,3,6,58,20,16,0,7,4,0,3,3,3,55,17,5,3,5,8,0,0,11,0,49,25,8,15,10,7,9,16,28,36,154,424,212,227,277,182,207,195,566,154,2443
497,0,0,0,0,0,0,0,0,0,0,0,0,0,0,0,0,0,0,0,0,0,0,0,0,0,0,0,0,0,0,0,0,0,0,0,0,0,0,0,4,0,0,0,0,0,0,0,0,0,0,0,0,0,0,0,0,0,0,0,0,0,0,0,0,0,0,0,0,0,0,0,0,0,0,0,0,0,0,0,0,0,0,0,0,0,0,0,0,0,0,0,0,0,0,0,0,0,0,0,0,0,0,0,0,0,0,0,0,0,0,0,0,0,0,0,0,0,0,0,0,0,0,0,0,0,0,0,0,0,0,0,0,0,0,0,0,0,0,0,0,0,0,0,0,0,0,0,0,0,0,0,0,0,0,0,0,0,0,0,0,0,0,0,0,0,0,0,0,0,0,0,0,0,0,0,0,0,0,0,0,0,0,0,0,0,0,0,0,0,0,0,0,0,0,0,0,0,3,0,7
499,0,0,0,0,0,0,0,0,0,8,0,0,0,3,0,0,0,0,0,5,0,0,0,0,0,0,0,0,0,4,25,28,98,107,34,31,31,145,6,508,5,0,0,3,4,0,0,3,3,20,0,0,0,8,0,4,0,15,3,33,0,7,9,19,0,0,0,18,6,59,0,8,13,13,3,6,5,22,3,78,7,7,33,13,3,7,3,26,0,99,6,7,34,30,3,4,3,39,9,143,8,6,34,18,7,7,9,41,8,134,11,12,32,13,5,0,10,35,3,127,12,15,43,4,4,9,12,40,10,149,4,4,22,4,3,0,5,9,4,63,4,7,19,0,3,0,3,13,3,56,4,3,8,0,0,0,5,0,0,29,0,12,10,4,0,0,3,4,0,33,0,5,3,6,0,0,0,3,3,22,0,4,13,3,0,3,3,15,23,68,71,94,277,138,38,45,72,281,79,1112
501,3,0,3,4,9,4,8,4,0,38,3,3,0,0,0,4,0,0,0,10,0,0,0,0,0,4,3,3,0,19,117,60,103,211,272,308,86,253,7,1417,13,0,0,3,3,0,0,0,3,25,6,6,3,20,8,40,4,27,5,110,5,4,6,26,13,18,6,31,0,110,7,8,11,19,17,14,4,24,4,108,23,3,26,30,10,15,3,37,6,152,27,10,15,50,25,26,18,39,8,224,31,23,19,44,30,29,20,55,11,277,37,19,44,35,45,26,23,50,7,276,42,30,39,23,37,4,40,35,11,259,23,18,23,10,22,10,19,8,4,140,19,27,21,12,11,6,23,5,3,136,14,19,12,4,8,4,21,9,7,87,20,16,20,9,6,7,28,14,11,127,19,19,5,3,3,6,0,9,6,75,17,7,15,11,7,17,20,19,51,155,294,204,245,297,260,226,230,365,137,2267
502,4,0,6,0,0,0,0,0,0,15,0,0,3,0,0,0,0,0,0,4,0,0,0,0,0,4,0,0,0,11,35,19,58,84,62,103,29,71,9,457,0,0,0,0,0,3,0,3,3,11,0,7,0,7,0,4,3,8,0,25,3,0,3,8,3,7,3,12,0,46,4,3,10,10,7,12,3,9,0,56,4,7,8,14,10,20,3,11,0,61,4,8,8,28,16,19,3,11,3,99,6,7,9,14,11,12,0,10,10,80,10,16,14,23,17,10,3,3,0,98,12,8,11,14,20,8,6,11,0,95,6,14,11,0,7,7,3,3,0,46,4,18,7,0,4,3,3,3,7,56,0,6,6,0,0,3,5,4,3,31,4,11,5,0,0,0,5,0,0,36,6,6,3,0,0,0,5,0,3,26,3,5,5,7,4,6,5,3,11,49,58,108,97,126,117,111,60,88,42,808
503,31,21,13,3,17,5,5,3,0,94,8,13,3,0,11,4,0,0,0,40,0,3,0,3,4,3,0,0,3,22,164,165,131,314,707,232,53,178,26,1965,5,6,4,0,6,3,0,3,13,39,4,3,7,28,3,16,0,13,3,82,9,18,11,37,12,30,6,25,7,157,12,19,23,43,17,25,0,40,15,192,4,29,33,61,31,24,7,48,12,249,17,61,34,77,75,40,7,52,17,378,36,49,55,97,93,38,13,52,26,461,30,106,63,99,131,37,11,71,29,584,62,133,98,84,236,26,23,32,30,721,45,182,53,49,153,32,17,10,23,563,54,175,46,33,95,24,8,13,18,461,44,170,47,19,59,17,18,11,16,385,98,302,35,22,55,13,15,13,29,585,146,279,20,3,46,19,14,6,20,553,21,43,24,35,36,18,3,23,134,340,588,1570,555,681,1051,361,139,407,398,5749
504,9,5,7,3,6,3,3,0,0,30,3,0,0,0,3,0,0,0,0,6,0,0,0,4,3,0,0,0,0,8,103,47,121,174,246,223,90,178,15,1200,0,4,0,3,7,4,3,4,12,35,7,6,5,13,3,16,4,15,4,76,6,3,3,23,9,23,10,21,7,113,3,10,12,23,14,16,5,19,3,110,6,10,9,24,23,24,9,22,4,130,11,14,27,58,40,38,21,32,11,259,18,23,36,54,38,32,28,54,8,295,27,20,62,54,50,37,48,52,9,353,36,25,63,37,53,19,46,36,13,327,25,32,34,18,38,19,33,11,9,226,22,31,39,15,27,9,26,6,5,184,15,30,12,13,9,6,7,6,3,104,34,26,14,15,9,5,7,3,5,115,25,17,3,3,9,3,3,5,5,62,9,15,14,16,11,19,17,15,64,174,256,277,336,356,331,271,271,306,162,2560
505,12,4,3,3,5,4,5,3,3,45,7,3,0,3,3,3,0,0,0,17,0,0,4,3,4,6,0,8,3,26,160,94,194,371,444,463,100,296,21,2138,3,8,4,8,6,10,0,5,5,49,4,5,9,27,13,42,3,21,3,134,4,15,20,44,27,51,4,36,7,215,6,13,11,53,35,58,3,37,14,239,12,25,20,53,35,48,10,56,15,271,14,31,58,112,87,81,16,55,16,467,38,31,58,83,79,61,27,67,20,470,43,55,78,92,118,59,42,66,31,576,48,76,114,59,99,45,38,43,23,546,43,85,44,26,71,22,28,22,12,354,41,94,51,22,32,21,16,10,13,297,34,55,19,18,23,12,5,4,6,190,78,81,34,9,14,13,9,9,3,256,48,41,4,0,15,10,7,10,6,143,11,32,23,20,31,20,10,26,93,271,433,647,555,628,686,556,219,482,268,4468
506,15,13,10,11,10,11,6,12,0,74,4,0,3,0,3,6,0,0,0,16,3,0,0,8,6,3,3,4,4,31,204,95,230,465,507,440,260,411,27,2628,8,4,3,6,8,3,0,11,12,45,0,14,5,24,5,30,0,23,10,115,8,7,10,42,19,39,14,33,11,181,11,6,24,46,29,48,15,44,18,236,9,22,25,60,38,44,13,59,26,302,29,29,44,102,84,59,36,85,26,499,38,29,53,123,88,49,87,90,26,582,40,61,96,101,124,54,121,74,33,705,54,82,127,67,154,39,112,70,33,744,60,67,87,44,84,31,59,21,26,484,48,89,46,27,45,26,40,20,22,366,33,66,37,21,13,6,19,11,8,223,77,83,23,15,32,8,26,13,20,300,58,59,13,0,8,11,7,3,9,180,15,27,41,40,30,26,46,31,118,360,493,653,643,714,758,466,617,595,390,5323
507,11,12,16,4,8,4,4,4,4,71,7,4,7,0,3,4,0,0,0,26,0,0,0,3,3,3,0,4,3,17,157,88,224,354,408,403,119,311,29,2098,7,8,0,10,7,12,4,6,6,59,0,6,4,29,8,38,3,34,8,134,4,9,20,44,17,38,7,25,4,168,3,12,17,41,21,38,9,40,12,188,5,12,23,39,22,18,5,40,16,182,23,23,29,85,46,61,26,64,13,379,27,39,44,80,70,52,24,72,22,426,47,56,85,90,84,46,58,53,17,525,53,79,101,58,102,30,48,49,23,541,35,80,58,39,49,15,28,22,17,346,40,67,44,23,37,16,31,17,12,289,34,63,35,25,13,12,15,7,19,221,66,75,41,17,25,8,28,24,10,284,51,63,16,0,15,7,4,9,9,174,13,28,28,20,23,23,19,32,106,289,413,618,542,591,546,407,308,495,296,4209
509,3,4,4,3,3,0,16,7,0,36,7,0,0,0,0,4,0,5,0,12,0,0,0,3,5,3,3,4,3,19,155,32,81,145,209,155,82,207,15,1075,24,0,3,0,3,5,3,5,8,48,9,4,3,6,7,17,3,12,4,64,19,3,6,10,8,11,7,23,4,87,18,7,16,21,18,14,8,18,7,121,22,6,11,19,22,8,3,45,7,143,36,12,22,25,20,15,12,41,5,187,58,9,21,34,20,27,17,53,11,258,37,26,39,23,30,14,32,80,9,287,60,15,30,29,28,14,35,31,8,239,40,7,18,9,25,13,16,20,4,141,32,14,9,15,9,3,18,8,3,113,16,10,7,0,3,0,16,7,3,67,18,21,12,6,3,0,27,8,0,94,33,11,3,0,6,3,10,0,7,71,34,3,13,16,3,12,14,20,44,150,457,152,212,206,200,147,210,371,123,2079
510,11,8,24,9,15,4,87,47,4,195,7,25,23,0,3,3,22,30,4,115,0,9,0,0,0,0,0,3,0,15,62,105,124,152,163,85,204,223,27,1141,3,0,3,0,0,3,0,4,13,31,0,0,5,7,3,13,0,10,0,35,8,3,3,14,4,4,8,13,4,53,8,3,0,7,8,5,3,15,3,44,0,8,7,10,6,8,3,13,8,65,3,9,17,16,18,8,10,23,9,110,8,9,18,14,10,18,16,22,10,127,6,11,16,32,19,21,19,42,13,165,17,16,19,33,40,13,33,36,7,205,15,12,21,18,20,6,29,25,7,153,18,18,22,18,9,5,36,23,5,161,11,17,17,10,12,3,54,27,3,153,20,36,74,17,12,3,143,77,11,389,30,39,67,3,10,3,86,66,11,307,10,8,16,20,10,5,23,30,78,203,152,184,305,208,172,121,453,417,178,2201
511,7,6,14,6,4,0,30,14,0,86,3,7,4,0,0,0,5,3,0,25,0,0,0,3,3,3,0,3,0,16,111,52,90,146,208,155,128,202,14,1107,13,0,0,0,3,3,3,7,5,29,6,0,4,6,11,8,0,9,9,55,6,3,4,6,8,3,4,18,3,55,8,0,8,13,10,8,6,24,5,82,10,4,10,20,10,6,7,24,9,101,20,9,7,30,20,16,12,26,4,151,17,13,29,20,20,15,15,36,11,182,25,20,16,36,21,12,13,27,7,168,20,16,20,22,27,10,26,28,9,183,23,25,38,9,18,3,21,26,8,177,12,23,14,12,8,8,40,13,4,126,18,13,17,7,4,3,35,16,0,119,22,31,29,11,8,3,67,16,3,186,18,19,7,0,3,0,24,5,7,91,18,7,12,18,10,5,23,23,53,163,221,184,212,210,171,113,302,294,149,1867
597,0,0,3,0,0,0,0,8,0,17,0,3,4,0,0,0,0,4,0,8,0,0,0,0,0,0,0,0,0,0,0,3,4,0,0,0,0,17,0,28,0,0,0,0,0,0,0,0,0,0,0,0,0,0,0,0,0,0,0,0,0,0,0,0,0,0,0,0,0,0,0,0,0,0,0,0,0,0,0,0,0,0,0,0,0,0,0,0,0,0,0,0,0,0,0,0,0,0,0,0,0,0,0,0,0,0,0,0,0,0,0,0,0,0,0,0,0,0,0,4,0,0,0,0,0,0,0,0,0,6,0,0,0,0,0,0,0,0,0,3,0,0,0,0,0,0,0,4,0,3,0,0,0,0,0,0,0,0,0,0,0,0,0,0,0,0,0,10,0,16,0,3,8,0,0,0,3,5,3,25,0,0,0,0,0,0,0,0,3,5,0,3,10,3,3,0,9,24,12,60
599,0,7,8,0,0,0,3,11,0,27,0,4,3,0,0,0,0,4,0,20,0,0,0,0,0,0,0,0,0,3,31,46,131,113,25,42,49,189,6,622,0,0,0,0,0,0,0,4,12,25,3,4,3,4,3,5,0,15,4,50,3,3,14,11,0,3,6,33,3,78,3,4,21,12,0,9,7,28,6,85,6,8,21,21,3,6,13,29,8,120,10,4,31,27,6,14,13,34,8,154,4,7,34,13,7,3,13,52,9,155,7,15,53,11,11,4,17,35,8,166,12,7,61,17,9,6,24,55,9,199,9,8,46,8,5,3,13,20,3,126,12,6,29,7,3,0,13,18,6,95,5,4,15,0,3,0,15,12,6,70,8,15,26,4,0,0,28,20,0,100,9,17,11,0,0,0,5,16,4,66,9,9,23,0,3,0,19,24,50,133,95,116,398,146,63,62,191,397,135,1604
601,3,6,0,3,3,3,0,0,0,23,4,0,0,0,0,0,0,0,0,5,0,3,0,0,3,6,0,4,0,18,91,73,120,262,337,329,64,261,15,1552,3,0,3,0,3,0,0,4,3,20,8,4,3,15,3,23,3,19,8,79,6,3,12,25,7,23,3,21,3,117,11,10,21,25,10,15,11,32,15,136,3,15,18,41,21,17,11,27,15,165,14,17,34,63,35,31,20,45,14,272,26,38,36,63,48,35,30,60,13,342,39,49,42,47,64,31,43,48,13,368,45,64,53,23,60,14,17,26,12,314,19,59,20,9,32,3,11,8,10,173,17,54,14,19,17,8,9,3,8,141,12,23,5,14,15,3,3,3,3,84,27,33,8,10,3,13,0,3,8,103,20,22,6,3,4,0,0,0,6,58,13,18,21,12,10,13,9,15,51,159,250,405,296,373,338,235,168,314,168,2548
602,3,0,0,0,3,0,0,0,0,14,0,0,0,0,0,0,0,0,0,4,0,0,0,0,0,3,0,0,0,16,80,33,80,176,194,187,56,181,8,1009,7,0,3,0,3,3,0,0,3,30,4,4,5,10,3,16,0,22,3,62,0,3,11,13,9,11,8,27,10,93,16,11,6,18,15,18,6,23,7,122,13,5,17,43,16,9,12,23,5,139,11,18,29,48,21,20,13,58,11,216,27,12,37,33,45,24,29,42,20,253,30,17,34,25,31,15,30,20,0,204,18,21,18,13,27,10,12,21,4,156,18,24,15,13,17,10,9,3,7,111,14,24,6,6,6,0,11,4,0,81,12,11,3,3,0,0,8,3,0,35,10,16,3,3,0,0,3,0,0,40,18,16,0,0,0,0,3,7,0,43,12,6,12,9,6,11,8,17,42,113,206,178,205,231,187,148,153,268,121,1700
603,0,0,0,0,0,0,0,0,0,0,0,0,0,0,0,0,0,0,0,0,0,0,0,0,0,0,0,0,0,0,25,3,17,34,30,19,7,53,0,190,3,0,0,0,0,0,0,0,0,8,3,0,3,0,0,3,0,3,0,14,0,3,0,0,0,3,0,12,0,19,3,0,8,0,0,8,7,8,0,38,7,0,5,3,5,3,3,6,7,29,7,0,3,9,4,0,4,11,4,41,10,5,8,7,0,7,6,17,0,55,3,3,5,0,3,5,9,12,3,44,8,3,3,0,3,5,7,3,0,36,4,0,4,0,0,0,5,0,0,13,5,6,0,0,0,0,0,0,0,8,3,0,0,0,0,0,0,0,0,4,0,0,3,0,0,0,0,0,0,8,0,0,0,0,0,0,0,0,0,7,4,0,3,0,0,0,0,7,13,29,58,30,41,35,24,28,33,78,25,351
604,3,0,0,0,0,0,3,0,0,9,0,0,0,0,0,0,0,0,0,0,0,0,0,0,0,9,0,0,0,9,65,29,65,149,158,162,56,185,14,883,5,0,0,0,0,0,0,0,3,10,7,3,3,3,3,18,0,19,0,59,3,0,5,9,0,13,3,27,9,75,6,0,9,23,12,25,6,25,3,106,15,3,9,14,6,22,12,18,7,100,17,10,18,25,25,32,7,35,7,181,14,13,19,25,25,26,18,33,9,178,20,15,24,23,29,8,21,29,3,174,24,21,20,11,21,3,32,16,3,160,17,12,5,7,6,3,11,9,0,70,15,11,9,8,4,0,12,9,0,60,5,14,7,10,0,0,8,3,0,45,7,13,3,3,3,0,7,4,0,39,4,7,0,0,0,0,0,6,3,17,8,5,16,9,4,10,10,19,34,116,162,117,145,175,134,171,146,255,89,1387
697,0,0,0,0,0,0,0,0,0,0,0,0,0,0,0,0,0,0,0,0,0,0,0,0,0,0,0,0,0,0,0,0,0,0,0,0,0,0,0,0,0,0,0,0,0,0,0,0,0,0,0,0,0,0,0,0,0,0,0,0,0,0,0,0,0,0,0,0,0,0,0,0,0,0,0,0,0,0,0,0,0,0,0,0,0,0,0,0,0,0,0,0,0,0,0,0,0,0,0,0,0,0,0,0,0,0,0,0,0,0,0,0,0,0,0,0,0,0,0,0,0,0,0,0,0,0,0,0,0,0,0,0,0,0,0,0,0,0,0,0,0,0,0,0,0,0,0,0,0,0,0,0,0,0,0,0,0,0,0,0,0,0,0,0,0,0,0,0,0,0,0,0,0,0,0,0,0,0,0,0,0,0,0,0,0,0,0,0,0,0,0,0,0,0,0,0,0,0,0,0
699,0,0,0,0,0,0,0,3,0,6,0,0,0,0,0,0,0,3,0,3,0,0,0,0,0,0,0,0,0,3,4,4,14,28,4,11,6,64,4,149,0,0,0,0,0,0,0,0,0,0,0,0,0,0,0,0,0,3,0,7,0,0,3,3,0,3,0,11,7,26,0,3,5,4,0,0,3,6,3,24,0,0,10,4,0,0,0,17,4,40,0,4,8,6,0,0,3,11,0,33,3,3,9,7,3,3,6,5,3,39,3,0,7,3,0,0,6,10,0,34,3,3,5,0,0,0,10,3,0,23,3,4,4,0,0,0,7,6,0,22,0,0,0,0,0,0,0,0,0,4,0,0,0,0,0,0,0,0,0,7,4,0,0,0,0,0,0,0,0,10,0,8,0,0,0,0,0,0,0,8,0,3,0,0,0,0,0,3,12,31,21,26,56,28,9,12,34,74,35,302
701,7,6,6,7,4,3,3,5,0,40,3,0,7,0,0,3,0,3,0,14,0,0,0,3,6,0,3,3,3,18,89,84,119,176,240,124,70,118,14,1033,3,0,3,0,0,3,0,0,5,21,0,3,4,8,0,20,0,4,3,45,4,0,3,4,3,8,3,9,7,49,3,0,13,15,4,10,0,15,8,59,0,7,9,19,5,18,9,20,7,85,10,3,15,13,13,22,11,37,8,127,16,8,18,39,21,23,9,44,7,188,19,13,33,34,43,27,17,39,16,247,32,33,58,37,59,15,28,37,16,309,15,26,41,18,30,5,20,15,15,192,21,46,29,20,24,3,17,6,8,174,19,33,20,17,13,4,11,11,3,126,32,53,33,13,12,3,23,42,4,219,28,34,27,0,0,3,16,24,7,134,12,19,33,20,11,4,9,17,97,222,210,284,330,255,257,169,167,312,213,2198
702,7,3,0,3,0,0,7,3,0,27,0,0,3,0,0,0,0,0,0,5,0,10,0,11,4,0,0,4,4,31,63,101,54,192,134,75,37,120,34,804,4,0,0,3,0,0,0,0,7,17,3,3,6,6,4,6,0,13,11,49,3,9,9,35,9,11,8,16,30,127,3,15,3,15,3,12,3,16,10,81,6,7,9,13,4,6,3,11,8,67,9,27,5,41,12,8,8,53,22,184,6,18,12,20,16,11,8,37,12,139,13,11,12,26,15,10,15,17,11,137,15,22,16,31,34,3,8,16,5,163,19,20,14,18,12,4,6,16,0,121,6,31,10,17,9,3,7,9,0,88,8,12,8,0,4,0,12,0,0,51,19,22,12,3,3,0,13,8,3,87,6,12,3,0,0,0,3,3,3,33,11,38,16,32,11,7,8,25,79,228,128,251,141,269,142,83,98,237,210,1563
797,0,0,0,0,0,0,0,0,0,0,0,0,0,0,0,0,0,0,0,0,0,0,0,0,0,0,0,0,0,0,0,0,0,0,0,0,0,0,0,0,0,0,0,0,0,0,0,0,0,0,0,0,0,0,0,0,0,0,0,0,0,0,0,0,0,0,0,0,0,0,0,0,0,0,0,0,0,0,0,0,0,0,0,0,0,0,0,0,0,0,0,0,0,0,0,0,0,0,0,0,0,0,0,0,0,0,0,0,0,0,0,0,0,0,0,0,0,0,0,0,0,0,0,0,0,0,0,0,0,0,0,0,0,0,0,0,0,0,0,0,0,0,0,0,0,0,0,0,0,0,0,0,0,0,0,0,0,0,0,0,0,0,0,0,0,0,0,0,0,4,0,0,0,0,0,0,0,0,0,0,0,0,0,0,0,0,0,0,0,0,0,0,3,0,0,0,0,5,0,5
799,0,3,0,0,0,0,0,0,0,3,0,0,0,0,0,0,0,0,0,3,0,0,0,0,0,0,0,0,0,0,4,4,0,10,4,3,4,8,0,44,0,0,0,0,0,0,0,0,0,4,0,0,0,0,0,0,0,3,0,3,0,0,0,0,0,0,0,0,0,0,0,0,3,0,0,0,0,0,0,4,0,0,0,0,0,0,0,5,0,13,0,0,3,3,0,0,0,3,0,13,0,0,0,0,0,0,0,0,0,6,0,0,0,0,0,0,3,6,0,8,0,4,7,0,4,0,0,3,3,21,0,0,3,0,0,0,3,4,3,14,0,0,4,0,0,0,0,0,0,6,0,0,4,0,0,0,4,0,0,8,0,0,0,0,0,0,3,4,0,15,0,0,3,0,0,0,0,3,0,9,0,0,4,0,0,4,0,3,5,15,3,7,42,12,7,8,12,39,14,138
801,26,23,7,3,21,3,3,3,0,89,12,9,3,0,3,0,0,0,0,30,0,4,0,6,0,0,0,0,0,15,218,204,160,395,580,286,69,186,36,2140,9,4,5,3,0,0,0,10,14,37,7,8,3,23,3,25,0,17,16,89,4,10,14,20,7,24,5,14,9,111,7,23,6,25,13,16,7,26,10,129,4,15,18,36,18,15,8,22,8,142,17,23,24,68,37,29,14,38,13,266,30,48,46,47,51,40,18,52,29,366,38,35,57,61,92,35,21,49,30,410,42,69,68,71,146,27,15,29,46,520,40,111,50,34,118,12,20,17,32,437,48,132,27,13,86,11,9,3,14,350,40,113,19,18,41,6,3,8,20,263,131,182,17,18,51,6,3,5,27,451,61,128,8,8,23,4,0,3,16,248,18,30,26,21,25,15,5,26,117,281,492,922,398,455,735,272,123,309,397,4102
897,0,0,0,0,0,0,0,0,0,0,0,0,0,0,0,0,0,0,0,0,0,0,0,0,0,0,0,0,0,0,0,0,0,0,0,0,0,0,0,0,0,0,0,0,0,0,0,0,0,0,0,0,0,0,0,0,0,0,0,0,0,0,0,0,0,0,0,0,0,0,0,0,0,0,0,0,0,0,0,0,0,0,0,0,0,0,0,0,0,0,0,0,0,0,0,0,0,0,0,0,0,0,0,0,0,0,0,0,0,0,0,0,0,0,0,0,0,0,0,0,0,0,0,0,0,0,0,0,0,0,0,0,0,0,0,0,0,0,0,0,0,0,0,0,0,0,0,0,0,0,0,0,0,0,0,0,0,0,0,0,0,0,0,0,0,0,0,0,0,0,0,0,0,0,0,0,0,0,0,0,0,0,0,0,0,0,0,0,0,0,0,0,0,0,0,0,0,0,0,0
899,0,0,0,0,0,0,0,0,0,0,0,0,0,0,0,0,0,0,0,0,0,0,0,0,0,0,0,0,0,0,0,5,12,22,3,3,3,14,0,75,0,0,0,0,0,0,0,3,3,4,0,0,0,0,0,0,0,0,0,4,0,0,0,0,0,0,0,0,0,0,0,0,0,0,0,0,0,0,0,5,0,0,4,3,0,0,0,5,0,12,0,0,6,0,0,0,0,4,0,13,0,0,7,0,0,0,0,5,0,19,3,0,6,5,3,0,3,3,3,26,0,0,10,3,0,0,0,0,0,15,0,0,6,0,0,0,0,4,0,16,0,3,6,0,0,0,3,3,0,16,0,3,3,0,0,0,0,0,0,7,3,0,3,3,0,0,0,0,0,9,3,0,0,0,3,0,0,0,0,4,0,3,0,0,3,0,0,0,12,14,10,17,53,12,10,3,9,34,13,165
901,0,0,0,0,0,0,0,0,0,3,0,0,0,0,0,0,0,0,0,3,0,0,0,0,0,0,0,0,0,0,3,5,3,15,14,3,3,11,0,61,0,0,0,0,0,0,0,0,0,3,0,0,0,0,0,0,0,0,0,8,0,0,0,3,0,0,0,4,0,4,3,0,3,0,0,0,0,3,0,13,0,0,0,3,0,3,0,0,0,10,8,3,0,3,0,0,0,3,0,11,0,3,0,0,3,0,0,4,0,17,0,0,0,0,6,0,3,4,0,13,0,0,3,3,5,0,0,3,0,15,0,4,3,0,0,0,0,3,0,9,0,0,0,0,0,0,3,0,0,7,3,0,4,0,0,0,4,0,0,11,0,0,3,3,0,0,0,0,0,9,0,3,0,0,0,0,0,0,0,4,0,0,0,0,0,0,0,0,3,5,15,13,18,20,17,9,14,25,10,142
997,0,0,0,0,0,0,0,0,0,0,0,0,0,0,0,0,0,0,0,0,0,0,0,0,0,0,0,0,0,0,0,0,0,0,0,0,0,0,0,0,0,0,0,0,0,0,0,0,0,0,0,0,0,0,0,0,0,0,0,0,0,0,0,0,0,0,0,0,0,0,0,0,0,0,0,0,0,0,0,0,0,0,0,0,0,0,0,0,0,0,0,0,0,0,0,0,0,0,0,0,0,0,0,0,0,0,0,0,0,0,0,0,0,0,0,0,0,0,0,0,0,0,0,0,0,0,0,0,0,0,0,0,0,0,0,0,0,0,0,0,0,0,0,0,0,0,0,0,0,0,0,0,0,0,0,0,0,0,0,0,0,0,0,0,0,0,0,0,0,0,0,0,0,0,0,0,0,0,0,0,0,0,0,0,0,0,0,0,0,0,0,0,0,0,0,0,0,0,0,0
999,0,0,0,0,0,0,0,0,0,0,0,0,0,0,0,0,0,0,0,0,0,0,0,0,0,0,0,0,0,0,0,0,0,0,0,0,0,0,0,0,0,0,0,0,0,0,0,0,0,0,0,0,0,0,0,0,0,0,0,0,0,0,0,0,0,0,0,0,0,0,0,0,0,0,0,0,0,0,0,0,0,0,0,0,0,0,0,0,0,0,0,0,0,0,0,0,0,0,0,0,0,0,0,0,0,0,0,0,0,0,0,0,0,0,0,0,0,0,0,0,0,0,0,0,0,0,0,0,0,3,0,0,0,0,0,0,0,0,0,0,0,0,0,0,0,0,0,0,0,0,0,0,0,0,0,0,0,0,0,0,0,0,0,0,0,0,0,0,0,0,0,0,0,0,0,0,0,0,0,0,0,0,0,0,0,0,0,0,0,0,0,0,0,0,0,0,0,0,0,3