SA4_CODE_2016,Mng_Mng_nfd_M,Mng_Mng_nfd_F,Mng_Mng_nfd_P,Mng_ChiefEx_GMng_legs__M,Mng_ChiefEx_GMng_legs__F,Mng_ChiefEx_GMng_legs__P,Mng_Farmers_FMng_M,Mng_Farmers_FMng_F,Mng_Farmers_FMng_P,Mng_Spec_Mng_M,Mng_Spec_Mng_F,Mng_Spec_Mng_P,Mng_Hosp_ret_svce_Mng_M,Mng_Hosp_ret_svce_Mng_F,Mng_Hosp_ret_svce_Mng_P,Mng_Tot_M,Mng_Tot_F,Mng_Tot_P,Pro_Pro_nfd_M,Pro_Pro_nfd_F,Pro_Pro_nfd_P,Pro_Arts_media_Pro_M,Pro_Arts_media_Pro_F,Pro_Arts_media_Pro_P,Pro_Busin_HR_mkting_Pro_M,Pro_Busin_HR_mkting_Pro_F,Pro_Busin_HR_mkting_Pro_P,Pro_DesEng_sci_tspt_Pro_M,Pro_DesEng_sci_tspt_Pro_F,Pro_DesEng_sci_tspt_Pro_P,Pro_Educ_Pro_M,Pro_Educ_Pro_F,Pro_Educ_Pro_P,Pro_Health_Pro_M,Pro_Health_Pro_F,Pro_Health_Pro_P,Pro_Inf_Com_Tec_ICT_Pro_M,Pro_Inf_Com_Tec_ICT_Pro_F,Pro_Inf_Com_Tec_ICT_Pro_P,Pro_Leg_soc_welf_Pro_M,Pro_Leg_soc_welf_Pro_F,Pro_Leg_soc_welf_Pro_P,Pro_Tot_M,Pro_Tot_F,Pro_Tot_P,TecTW_TecTW_nfd_M,TecTW_TecTW_nfd_F,TecTW_TecTW_nfd_P,TecTW_Eng_ICT_STecs_M,TecTW_Eng_ICT_STecs_F,TecTW_Eng_ICT_STecs_P,TecTW_Auto_eng_tds_wks_M,TecTW_Auto_eng_tds_wks_F,TecTW_Auto_eng_tds_wks_P,TecTW_Const_tds_wks_M,TecTW_Const_tds_wks_F,TecTW_Const_tds_wks_P,TecTW_EleTec_telco_tds_wks_M,TecTW_EleTec_telco_tds_wks_F,TecTW_EleTec_telco_tds_wks_P,TecTW_Food_tds_wks_M,TecTW_Food_tds_wks_F,TecTW_Food_tds_wks_P,TecTW_Sk_ani_hort_wks_M,TecTW_Sk_ani_hort_wks_F,TecTW_Sk_ani_hort_wks_P,TecTW_Oth_TecTW_M,TecTW_Oth_TecTW_F,TecTW_Oth_TecTW_P,TecTW_Tot_M,TecTW_Tot_F,TecTW_Tot_P,CoPSW_CoPSW_nfd_M,CoPSW_CoPSW_nfd_F,CoPSW_CoPSW_nfd_P,CoPSW_HlthWlfSptWs_M,CoPSW_HlthWlfSptWs_F,CoPSW_HlthWlfSptWs_P,CoPSW_Carers_aides_M,CoPSW_Carers_aides_F,CoPSW_Carers_aides_P,CoPSW_Hosp_wks_M,CoPSW_Hosp_wks_F,CoPSW_Hosp_wks_P,CoPSW_ProtecSvcWks_M,CoPSW_ProtecSvcWks_F,CoPSW_ProtecSvcWks_P,CoPSW_SptsPsnlSvceWs_M,CoPSW_SptsPsnlSvceWs_F,CoPSW_SptsPsnlSvceWs_P,CoPSW_Tot_M,CoPSW_Tot_F,CoPSW_Tot_P,ClAW_ClAW_nfd_M,ClAW_ClAW_nfd_F,ClAW_ClAW_nfd_P,ClAW_OfMngs_ProgAdm_M,ClAW_OfMngs_ProgAdm_F,ClAW_OfMngs_ProgAdm_P,ClAW_PsnlAs_secretaries_M,ClAW_PsnlAs_secretaries_F,ClAW_PsnlAs_secretaries_P,ClAW_GnrlClerWs_M,ClAW_GnrlClerWs_F,ClAW_GnrlClerWs_P,ClAW_InqClks_recepts_M,ClAW_InqClks_recepts_F,ClAW_InqClks_recepts_P,ClAW_Num_clerks_M,ClAW_Num_clerks_F,ClAW_Num_clerks_P,ClAW_Clerl_OfSuptWs_M,ClAW_Clerl_OfSuptWs_F,ClAW_Clerl_OfSuptWs_P,ClAW_Oth_ClAW_M,ClAW_Oth_ClAW_F,ClAW_Oth_ClAW_P,ClAW_Tot_M,ClAW_Tot_F,ClAW_Tot_P,SWs_SWs_nfd_M,SWs_SWs_nfd_F,SWs_SWs_nfd_P,SWs_Sales_reps_agnts_M,SWs_Sales_reps_agnts_F,SWs_Sales_reps_agnts_P,SWs_SalesAs_SalesPsns_M,SWs_SalesAs_SalesPsns_F,SWs_SalesAs_SalesPsns_P,SWs_SalesSptWks_M,SWs_SalesSptWks_F,SWs_SalesSptWks_P,SWs_Tot_M,SWs_Tot_F,SWs_Tot_P,MaOpD_MaOpD_nfd_M,MaOpD_MaOpD_nfd_F,MaOpD_MaOpD_nfd_P,MaOpD_Ma_StatPlntOps_M,MaOpD_Ma_StatPlntOps_F,MaOpD_Ma_StatPlntOps_P,MaOpD_MobPlntOps_M,MaOpD_MobPlntOps_F,MaOpD_MobPlntOps_P,MaOpD_RoadRail_dvrs_M,MaOpD_RoadRail_dvrs_F,MaOpD_RoadRail_dvrs_P,MaOpD_StorPsns_M,MaOpD_StorPsns_F,MaOpD_StorPsns_P,MaOpD_Tot_M,MaOpD_Tot_F,MaOpD_Tot_P,Lab_Lab_nfd_M,Lab_Lab_nfd_F,Lab_Lab_nfd_P,Lab_Clnrs_lndryWs_M,Lab_Clnrs_lndryWs_F,Lab_Clnrs_lndryWs_P,Lab_Const_and_Min_Lab_M,Lab_Const_and_Min_Lab_F,Lab_Const_and_Min_Lab_P,Lab_Factory_ProcWs_M,Lab_Factory_ProcWs_F,Lab_Factory_ProcWs_P,Lab_FarmFrstyGrdnWs_M,Lab_FarmFrstyGrdnWs_F,Lab_FarmFrstyGrdnWs_P,Lab_Food_prep_asts_M,Lab_Food_prep_asts_F,Lab_Food_prep_asts_P,Lab_Oth_Lab_M,Lab_Oth_Lab_F,Lab_Oth_Lab_P,Lab_Tot_M,Lab_Tot_F,Lab_Tot_P,Inad_des_M,Inad_des_F,Inad_des_P,NS_M,NS_F,NS_P,Tot_M,Tot_F,Tot_P
101,132,44,177,393,148,542,2863,1146,4011,2108,1060,3173,1925,1829,3752,7425,4228,11650,31,36,64,181,221,405,717,873,1599,933,421,1359,854,2479,3326,666,2386,3051,254,57,309,312,614,924,3946,7085,11037,96,6,105,689,258,945,2215,39,2255,2041,24,2064,1088,17,1110,961,528,1483,807,334,1143,710,543,1257,8604,1760,10364,0,3,3,269,734,1009,518,3255,3778,582,1714,2299,975,247,1224,472,707,1181,2831,6663,9494,12,9,17,265,1212,1472,16,526,542,208,1617,1829,176,1420,1596,181,1542,1723,307,251,556,384,548,926,1549,7121,8664,3,3,8,506,528,1032,2026,3524,5553,264,711,973,2793,4761,7557,124,3,128,861,148,1018,851,40,894,2122,132,2257,299,81,374,4264,412,4673,189,34,229,760,1454,2214,1005,19,1028,812,316,1125,1093,360,1451,639,570,1209,1081,270,1350,5581,3022,8604,389,263,655,322,228,557,37702,35539,73243
102,161,99,261,590,209,803,282,137,421,3196,1755,4954,2234,2377,4613,6472,4579,11054,51,64,108,353,312,656,1434,1619,3051,1203,622,1822,1482,4157,5632,1721,5153,6874,601,110,707,517,1124,1641,7350,13153,20499,121,15,128,1155,570,1727,2534,46,2579,3002,49,3054,1488,24,1513,1202,574,1774,867,466,1336,833,980,1817,11199,2725,13927,0,4,3,530,1201,1729,875,5259,6133,727,2448,3171,812,246,1061,589,1152,1745,3538,10304,13845,7,25,30,381,1855,2240,9,1040,1055,258,2548,2806,281,2851,3131,371,2525,2899,387,306,693,634,851,1484,2331,11997,14330,5,17,20,941,903,1846,2949,6209,9159,389,1346,1734,4286,8475,12761,111,9,117,886,177,1063,849,40,887,2589,192,2779,870,305,1177,5297,730,6025,200,23,223,1039,1430,2470,1393,22,1413,1120,663,1787,495,200,697,1068,1004,2075,1385,571,1959,6701,3919,10621,548,408,954,380,340,715,48103,56630,104732
103,98,53,153,353,137,485,3977,1495,5476,2325,1204,3527,1664,1597,3263,8409,4488,12901,31,79,111,158,185,344,932,1111,2039,1177,544,1716,1098,3319,4414,890,3124,4013,224,58,287,346,729,1081,4855,9148,14002,108,0,111,1100,407,1512,3615,55,3673,1594,28,1623,1477,20,1501,726,558,1287,656,303,962,465,569,1030,9735,1944,11681,0,5,5,302,954,1248,554,3558,4113,417,1465,1887,935,250,1188,278,606,893,2494,6838,9335,4,16,19,250,1334,1587,11,760,774,197,2071,2271,136,1426,1553,214,1672,1885,322,280,603,487,663,1154,1619,8222,9848,5,5,13,504,444,952,1907,3711,5618,210,767,975,2630,4930,7556,150,3,151,2651,207,2862,1044,46,1087,2370,218,2591,359,52,412,6577,524,7098,214,40,254,816,1604,2419,977,26,1008,1063,408,1475,1229,371,1604,495,724,1224,1114,277,1390,5916,3453,9369,431,268,700,392,317,707,43056,40144,83199
104,65,29,94,189,68,262,977,403,1375,1244,695,1942,1181,1145,2329,3654,2344,5996,29,39,66,115,117,238,594,634,1232,694,269,966,735,1840,2570,738,2221,2963,187,33,215,273,481,752,3362,5632,8998,50,3,53,537,249,792,1389,19,1411,922,14,936,659,7,666,681,305,991,408,163,575,319,385,699,4973,1144,6118,4,0,0,291,604,894,521,2400,2922,366,1086,1456,427,94,518,232,449,677,1844,4634,6478,3,8,13,217,885,1105,13,392,407,174,1228,1405,137,1102,1238,155,970,1125,177,158,338,309,477,782,1190,5230,6421,4,7,12,367,362,727,1388,2581,3970,166,549,709,1924,3497,5421,55,0,59,460,61,521,506,14,515,1382,83,1462,225,27,249,2621,188,2807,108,8,116,524,914,1436,611,11,621,469,113,583,761,362,1119,449,476,923,817,182,995,3734,2069,5801,255,153,409,218,184,397,23774,25067,48844
105,68,31,100,189,97,284,2937,1074,4007,1078,660,1742,953,915,1867,5228,2773,7999,17,14,33,77,85,158,486,521,1011,497,204,707,564,1940,2507,431,1745,2182,66,23,90,235,500,740,2376,5046,7420,71,3,77,491,173,661,1798,26,1828,760,7,768,821,15,829,389,306,690,446,125,575,190,289,480,4964,949,5909,3,5,7,242,728,969,379,2282,2656,208,764,973,568,225,794,143,267,411,1544,4264,5809,4,7,13,146,699,844,5,344,348,118,1121,1238,66,732,798,141,842,981,157,122,284,281,372,652,911,4238,5150,3,8,8,319,183,501,1063,1920,2988,133,406,538,1519,2515,4039,81,3,80,1117,97,1214,581,29,610,1254,99,1360,222,35,254,3253,262,3518,160,24,179,406,928,1338,505,29,531,459,150,608,978,221,1196,224,399,629,601,147,748,3331,1888,5224,255,140,400,247,187,432,23632,22266,45892
106,162,44,206,554,138,690,1352,563,1917,3302,1329,4631,1824,1944,3759,7190,4017,11204,44,26,64,125,179,307,1102,1170,2274,2165,573,2741,1097,3331,4424,846,2759,3605,324,72,394,334,628,964,6029,8748,14775,211,12,224,1763,421,2183,7060,108,7175,1763,36,1794,2213,62,2282,994,649,1643,760,475,1228,520,760,1280,15287,2516,17807,4,5,6,236,780,1011,423,4028,4452,559,2146,2705,1656,360,2010,355,817,1180,3232,8134,11367,4,10,14,412,1458,1871,9,802,809,197,2297,2497,154,1710,1859,233,1944,2177,220,256,475,583,788,1365,1812,9257,11071,7,9,16,528,606,1135,2146,5239,7387,250,976,1230,2930,6831,9762,323,18,346,4931,465,5400,1067,37,1101,3486,548,4030,637,113,751,10437,1182,11618,249,38,292,839,2075,2916,1382,30,1412,842,362,1201,911,400,1310,810,849,1655,1607,494,2103,6647,4251,10893,671,264,934,389,288,672,54612,45486,100101
107,184,97,281,526,181,711,147,72,219,3171,1732,4904,2128,2039,4172,6155,4125,10283,217,231,448,323,255,581,1578,1870,3448,1879,668,2543,1868,4430,6303,1566,4247,5807,920,217,1130,562,1219,1782,8910,13144,22047,163,16,181,1436,554,1991,3188,30,3215,2722,36,2759,1811,26,1833,1062,571,1635,632,318,947,612,910,1520,11626,2455,14080,4,7,7,387,1304,1689,758,4642,5405,959,2309,3268,857,196,1057,589,1162,1755,3553,9625,13181,12,22,42,412,1616,2028,13,946,961,337,2700,3039,322,2628,2953,396,2541,2934,398,344,744,714,1144,1858,2617,11938,14553,8,15,16,659,629,1291,2449,5416,7869,354,1065,1414,3476,7122,10597,199,7,209,1863,151,2011,544,8,551,3047,175,3220,444,65,511,6098,404,6496,222,28,248,916,1544,2460,1296,16,1320,618,188,803,301,89,393,983,932,1914,1588,473,2066,5926,3267,9199,561,376,940,354,296,651,49280,52747,102028
108,81,30,115,262,113,372,1396,610,2003,1739,909,2651,1584,1579,3166,5058,3246,8306,21,30,54,127,156,286,761,821,1583,824,316,1140,1111,2632,3740,1133,3188,4321,207,41,251,391,629,1023,4583,7815,12403,75,6,88,707,346,1054,1930,32,1957,1615,29,1644,920,20,941,922,480,1402,609,251,857,471,551,1020,7249,1719,8970,0,3,10,285,864,1149,800,3682,4484,522,1451,1976,556,147,704,256,620,875,2420,6772,9187,0,3,7,223,1084,1312,9,604,613,155,1589,1744,149,1583,1734,214,1438,1656,316,244,557,341,475,819,1413,7022,8431,4,5,7,512,518,1031,2021,3756,5773,255,762,1014,2788,5044,7834,100,4,107,655,109,768,656,17,676,1992,99,2092,262,31,292,3670,267,3942,174,27,195,783,1372,2156,1052,18,1071,811,213,1022,723,202,929,592,717,1309,1145,303,1453,5274,2857,8133,359,186,541,325,288,619,33144,35213,68360
109,83,32,116,249,82,326,2625,886,3511,1348,709,2058,1158,1058,2217,5458,2770,8232,20,24,49,94,107,198,732,731,1462,570,238,809,520,1629,2153,488,1707,2201,156,44,201,203,359,558,2786,4839,7626,72,3,74,470,195,666,1723,24,1750,890,16,901,748,12,763,533,429,961,494,146,637,319,365,684,5250,1187,6435,0,0,0,152,601,752,273,2121,2391,376,1204,1578,343,93,439,140,362,500,1281,4377,5659,0,11,16,171,810,988,3,341,347,166,1294,1459,92,976,1071,163,1092,1257,154,122,277,315,374,690,1070,5024,6090,5,0,5,355,217,568,1126,2390,3521,151,484,637,1636,3096,4729,70,5,74,655,63,724,711,30,738,1554,98,1648,260,45,304,3239,238,3481,104,9,113,389,1156,1542,457,12,466,786,285,1073,1079,311,1385,283,486,771,558,173,731,3659,2430,6082,272,150,424,217,174,387,24865,24281,49146
110,97,45,144,307,131,432,4709,1880,6584,1811,965,2775,1457,1376,2830,8377,4388,12765,43,61,105,123,150,275,972,1066,2041,959,411,1373,1110,2981,4094,662,2575,3239,199,42,240,371,672,1042,4446,7952,12398,78,3,82,709,377,1089,2755,39,2790,1212,22,1228,1057,21,1079,666,413,1075,515,252,769,380,503,883,7371,1629,9000,4,4,7,276,910,1188,503,3198,3705,340,1173,1516,583,157,742,171,444,611,1879,5885,7768,0,10,16,211,1205,1416,11,686,696,170,1800,1964,97,1099,1197,199,1501,1695,235,239,473,422,534,954,1344,7074,8424,6,0,8,497,349,843,1756,3359,5111,196,593,782,2454,4296,6746,116,5,122,1182,132,1311,1129,47,1174,2284,213,2499,351,33,384,5060,432,5492,199,49,247,689,1441,2130,713,12,727,1355,514,1868,1949,530,2485,432,654,1084,987,296,1284,6318,3498,9818,411,243,657,341,283,629,38005,35683,73688
111,266,98,369,970,315,1284,65,29,95,5008,2788,7801,2821,2845,5673,9143,6077,15220,268,330,592,507,399,906,3009,3262,6271,3397,1282,4674,2331,5302,7636,2620,8138,10762,1230,265,1492,1061,2020,3079,14422,20997,35418,222,25,247,2589,1024,3610,4770,57,4824,3440,39,3484,2789,50,2844,1574,814,2386,717,386,1107,964,1273,2233,17073,3666,20739,3,8,9,759,1892,2648,1238,6748,7985,1219,3147,4368,1224,273,1496,784,1416,2204,5231,13492,18715,8,26,41,840,2918,3761,31,1497,1526,532,4137,4672,448,3958,4410,752,4255,5009,689,587,1275,1335,1688,3027,4647,19073,23716,16,29,39,1314,1008,2322,3839,7509,11346,546,1468,2015,5709,10013,15719,241,3,248,2157,261,2419,933,22,951,4265,339,4604,1082,133,1219,8681,760,9437,307,50,358,1487,2239,3724,1934,21,1958,1518,824,2346,531,100,634,1323,1264,2587,2140,685,2830,9246,5188,14430,778,493,1273,504,421,924,75421,80164,155588
112,104,70,170,447,185,633,1839,720,2557,2255,1294,3544,2148,2051,4191,6781,4311,11099,54,68,122,386,370,761,1071,1214,2284,1030,621,1648,1475,3342,4820,1462,3853,5314,367,65,435,552,1023,1572,6396,10561,16952,88,11,100,801,397,1198,2032,39,2072,2007,28,2027,1082,17,1097,1281,575,1855,778,308,1082,668,678,1345,8730,2046,10773,0,5,5,353,1049,1405,878,4099,4975,677,1882,2558,575,151,730,449,930,1379,2932,8116,11049,6,8,13,321,1429,1745,13,706,720,240,2028,2271,181,1749,1926,332,1782,2112,296,258,553,459,743,1200,1842,8698,10537,11,12,26,717,660,1377,2419,4506,6931,316,847,1162,3466,6028,9499,107,6,120,574,155,722,664,21,686,2221,179,2401,396,78,473,3965,442,4408,214,27,244,955,1483,2434,932,20,956,1187,538,1727,1094,412,1503,723,842,1563,1289,339,1629,6391,3660,10051,419,281,700,389,328,717,41310,44471,85780
113,87,28,115,315,79,393,3705,1240,4947,1973,988,2965,1227,1222,2448,7308,3558,10864,35,39,77,120,103,227,1046,934,1982,823,371,1194,864,2445,3308,655,2418,3072,170,35,204,290,529,817,4006,6873,10881,105,5,112,722,351,1077,2865,49,2920,1339,19,1364,1113,24,1137,591,461,1047,505,195,701,391,464,856,7635,1569,9204,0,4,8,278,737,1006,338,2840,3181,276,1157,1431,1234,345,1579,213,452,668,2334,5534,7868,10,6,13,238,1072,1308,9,535,546,164,1699,1863,84,1065,1144,181,1391,1569,209,209,414,428,525,956,1311,6507,7824,4,6,12,430,305,736,1588,3146,4730,191,583,776,2214,4037,6250,107,8,112,819,152,971,1096,47,1139,2039,138,2169,335,51,389,4393,393,4785,187,40,228,601,1279,1880,593,8,603,2038,938,2973,1292,418,1712,329,556,887,758,230,987,5798,3475,9272,379,168,548,280,225,508,35655,32345,67996
114,75,33,106,277,128,404,526,224,746,1667,739,2411,1280,1430,2712,3822,2563,6383,30,31,60,163,173,337,600,685,1282,920,343,1269,680,1790,2475,700,2128,2825,187,37,225,272,574,845,3553,5763,9317,64,4,69,562,242,802,2001,59,2059,1481,24,1502,773,18,785,737,387,1118,642,285,932,343,456,797,6597,1461,8059,0,3,3,206,669,871,397,2404,2795,447,1292,1735,626,151,775,232,517,748,1902,5034,6933,0,3,3,151,873,1022,6,481,491,132,1061,1189,60,1077,1133,127,1142,1265,157,143,306,253,367,619,893,5137,6037,3,8,11,377,453,827,1411,2869,4282,176,520,691,1967,3847,5816,69,3,72,494,76,576,393,12,409,1312,70,1389,215,61,276,2492,230,2719,127,8,136,501,938,1439,694,13,707,560,133,689,374,150,524,526,468,1003,729,230,958,3516,1953,5470,291,156,441,214,169,388,25250,26316,51563
115,159,97,250,826,260,1084,482,249,738,4110,2179,6291,1809,1564,3373,7390,4348,11737,131,101,226,217,227,443,2581,2427,5009,1768,769,2530,1006,3476,4482,756,1951,2713,1782,411,2197,387,539,927,8634,9898,18527,125,9,126,1410,484,1893,1233,12,1249,2185,40,2220,1310,19,1328,700,341,1040,692,394,1086,492,600,1094,8147,1896,10047,0,0,0,185,530,714,536,3485,4026,511,1260,1774,305,63,364,541,1022,1567,2080,6362,8446,6,5,10,550,1686,2240,26,994,1013,236,1936,2167,165,1640,1806,396,2285,2678,166,137,304,531,741,1272,2062,9431,11494,10,9,22,1143,750,1893,2276,3910,6188,375,937,1305,3803,5601,9408,73,7,80,409,133,545,470,10,484,1328,87,1419,509,147,662,2796,393,3189,102,12,114,557,631,1190,871,14,884,500,473,972,469,397,865,563,437,1007,930,275,1203,3997,2241,6242,488,316,800,339,250,589,39740,40737,80475
116,208,82,293,855,181,1040,77,39,121,4880,1964,6845,2264,1522,3780,8288,3784,12078,62,59,120,172,148,314,1738,1553,3289,1387,463,1845,1514,4543,6059,1062,2444,3504,753,157,914,429,722,1150,7112,10081,17196,247,9,254,1300,367,1668,3205,44,3244,2256,32,2288,2166,35,2197,715,330,1046,577,182,759,981,569,1547,11444,1568,13013,0,0,3,285,706,990,497,4083,4583,345,1081,1429,1036,273,1313,446,679,1125,2616,6833,9448,10,16,23,595,1451,2045,16,664,683,371,2504,2877,219,1992,2212,447,2300,2746,693,215,903,1628,1324,2956,3977,10462,14442,10,21,36,1244,667,1911,2815,4391,7204,434,1163,1600,4504,6248,10751,188,21,205,1454,263,1717,2729,137,2870,5748,222,5974,3932,1461,5398,14061,2105,16163,245,19,265,918,922,1836,1488,21,1502,1960,1619,3580,279,47,328,873,598,1466,1699,518,2218,7461,3740,11197,747,449,1198,547,365,913,60756,45639,106400
117,1535,860,2398,7418,2837,10251,35,18,54,37228,26105,63339,12466,10349,22815,58690,40172,98862,2648,2442,5097,5688,5570,11257,44381,40900,85287,15210,9005,24214,5756,7742,13498,3773,8166,11938,25639,6441,32081,9547,10751,20296,112646,91019,203659,856,71,930,8088,2419,10502,4570,102,4673,5164,81,5244,5346,220,5567,7423,2176,9596,725,464,1190,3701,2370,6068,35865,7899,43765,3,10,17,684,1523,2204,964,4790,5758,7641,8610,16251,6027,1444,7477,3222,5723,8949,18553,22103,40654,87,117,205,6169,10435,16601,294,9820,10113,3701,10141,13840,2886,8334,11227,8915,14142,23058,2124,1405,3527,7874,9341,17216,32053,63738,95788,64,56,121,7135,5521,12654,8648,12851,21503,2383,5277,7654,18229,23704,41930,272,34,308,1611,546,2154,2687,212,2899,7384,293,7677,2477,673,3148,14439,1753,16188,477,37,518,4448,4789,9242,2895,52,2947,1854,1231,3084,240,55,288,3021,1825,4840,3902,914,4817,16836,8905,25736,4385,3039,7426,2327,2006,4330,314013,264329,578345
118,202,128,333,873,430,1303,24,16,47,3242,2437,5679,2372,2222,4591,6711,5232,11942,465,509,970,937,817,1755,2555,2747,5305,1634,1608,3242,2860,4911,7767,2039,5361,7401,1021,226,1245,659,1261,1923,12161,17442,29607,68,11,72,953,425,1375,433,11,442,2064,30,2095,723,19,742,1761,532,2298,495,257,751,609,836,1444,7103,2116,9218,0,11,6,276,659,943,722,3610,4334,1431,2013,3442,1232,308,1538,1274,1683,2957,4936,8283,13219,3,10,14,424,1569,1997,31,1038,1076,404,1641,2042,310,1719,2031,417,1380,1799,154,167,326,409,584,997,2160,8117,10280,9,15,20,1099,849,1946,2140,3486,5619,334,808,1146,3577,5157,8734,18,0,23,187,61,250,85,3,92,1282,66,1348,190,38,225,1765,172,1942,102,5,107,913,977,1890,638,8,641,113,81,194,161,74,235,756,475,1229,828,186,1018,3505,1805,5312,565,377,944,377,288,672,42874,48989,91871
119,309,148,461,1121,302,1421,28,11,35,6153,2762,8916,3525,2276,5806,11139,5495,16632,97,127,225,339,230,564,3094,2803,5899,2101,874,2974,1901,6992,8893,2598,6855,9450,1391,258,1649,864,1324,2191,12383,19455,31839,246,8,251,1627,542,2169,3767,48,3813,4397,56,4452,2759,42,2800,1881,586,2470,520,310,826,1587,1117,2711,16788,2712,19498,0,7,9,456,1143,1598,1078,6895,7975,1160,2092,3246,1441,346,1785,768,1378,2150,4903,11867,16768,10,24,31,833,2194,3029,34,1401,1435,567,3227,3792,395,3318,3708,944,3710,4652,1184,514,1701,1459,1231,2688,5422,15622,21039,10,18,32,1801,1131,2936,4093,5701,9797,594,1547,2145,6507,8403,14908,175,28,202,1415,439,1852,1005,31,1035,6046,196,6243,1564,448,2008,10204,1141,11343,268,30,290,1672,1448,3118,1754,20,1775,2141,1451,3590,264,34,301,1094,881,1981,1966,528,2495,9163,4386,13548,1006,616,1622,832,605,1430,78336,70299,148635
120,274,123,396,904,349,1252,30,14,44,5150,3007,8158,2754,2054,4803,9113,5533,14649,182,237,412,694,607,1299,3505,3660,7165,2092,1154,3251,1585,4460,6039,1699,3850,5548,2214,529,2747,775,1303,2078,12735,15802,28534,122,16,135,1473,448,1923,1344,27,1377,2344,45,2393,1082,23,1103,1536,518,2051,341,264,601,840,747,1582,9084,2082,11161,3,7,10,379,789,1164,646,4118,4772,1025,1491,2516,595,112,709,754,1174,1930,3410,7688,11101,8,9,12,880,1836,2718,32,1060,1093,481,2248,2730,504,2058,2562,1343,3162,4507,734,611,1341,919,955,1875,4897,11940,16844,10,21,32,1579,947,2530,3049,4148,7195,448,1013,1461,5092,6130,11219,50,8,55,392,92,487,683,12,703,2603,100,2697,703,164,865,4429,378,4802,154,20,174,1094,796,1892,993,23,1022,573,386,958,162,29,193,718,615,1334,1068,211,1284,4764,2086,6847,715,481,1195,478,397,872,54706,52524,107232
121,658,285,940,3063,1058,4117,42,20,68,13521,8302,21819,4747,4027,8772,22028,13688,35716,551,525,1071,2097,1789,3883,11534,11078,22607,6679,3321,9996,2467,7242,9706,3072,9151,12221,8398,1970,10370,1334,2109,3443,36122,37189,73310,286,25,312,3596,1210,4802,2043,27,2072,2956,44,2998,1962,60,2026,2259,692,2952,1003,505,1506,1456,1292,2748,15559,3851,19405,3,7,15,452,1280,1736,1232,6416,7647,1676,2661,4338,1095,219,1307,1613,2579,4195,6074,13170,19246,13,45,58,1789,4147,5938,73,2383,2450,840,3825,4669,775,4077,4856,1787,4669,6455,708,465,1174,1552,2041,3592,7537,21648,29184,35,27,62,2970,2245,5219,4624,6240,10869,845,1635,2478,8476,10151,18621,64,4,72,545,197,745,304,6,304,2074,98,2174,809,151,959,3796,460,4253,166,21,183,1770,1437,3207,1081,23,1109,668,513,1180,216,39,255,1173,858,2032,1816,382,2199,6895,3264,10158,1341,933,2274,769,685,1457,108598,105036,213633
122,235,103,342,1127,354,1481,28,19,41,4119,2489,6604,2389,1938,4327,7896,4904,12796,108,107,211,691,642,1337,2793,2707,5495,1672,1077,2744,1016,3717,4737,882,2880,3760,1185,257,1445,402,798,1196,8751,12182,20930,131,5,142,1010,365,1380,1536,29,1562,2667,27,2694,1238,22,1258,1279,425,1701,893,363,1263,985,791,1778,9742,2030,11773,0,5,6,167,523,684,662,3586,4244,1002,1723,2722,437,90,527,762,1360,2120,3023,7278,10303,3,15,15,440,1816,2258,35,973,1010,239,1852,2088,200,1689,1896,333,2136,2474,243,187,428,650,816,1469,2143,9492,11633,22,15,41,1100,891,1994,2722,3608,6331,368,863,1234,4209,5386,9598,59,0,55,432,111,550,284,3,289,1658,98,1756,715,289,1005,3153,503,3657,94,13,109,784,606,1395,660,16,676,602,427,1030,294,73,368,647,475,1124,1168,243,1404,4250,1857,6109,506,365,868,299,261,558,43978,44253,88233
123,157,54,215,552,127,678,251,117,366,2652,1252,3900,1521,1427,2942,5131,2976,8100,36,62,105,131,108,239,1022,969,1989,916,370,1291,1234,3610,4845,897,2458,3353,312,65,374,359,759,1121,4904,8407,13313,145,5,152,982,345,1328,2963,37,2999,2178,30,2204,1626,15,1643,661,383,1039,490,259,744,701,661,1358,9748,1728,11472,0,0,0,258,723,973,343,3739,4083,369,1342,1708,690,167,860,343,767,1108,1991,6742,8730,6,5,10,296,1279,1575,13,669,681,153,1890,2046,134,1474,1605,220,1672,1898,317,229,546,650,748,1399,1782,7970,9759,10,14,22,740,534,1275,1857,4063,5920,271,934,1202,2877,5544,8418,172,24,190,1962,263,2229,1320,57,1379,3028,195,3222,1234,348,1581,7717,886,8600,156,28,186,610,918,1528,1188,17,1204,1311,1006,2319,401,173,576,772,641,1413,1127,506,1636,5572,3276,8848,463,306,773,366,275,640,40555,38100,78655
124,157,80,240,595,201,794,296,150,448,3350,1688,5042,2103,2023,4127,6499,4142,10640,80,140,219,337,322,658,1497,1517,3017,1308,619,1935,1616,4414,6035,1503,4222,5723,480,115,599,571,1095,1667,7400,12446,19852,148,9,163,1033,458,1489,3585,43,3633,2569,32,2604,1464,35,1499,1053,555,1612,682,378,1057,797,821,1615,11343,2332,13671,3,0,3,409,1151,1554,630,4456,5088,692,2177,2872,1370,371,1742,492,1043,1533,3592,9205,12790,6,11,19,430,1858,2293,13,971,985,337,2631,2965,235,2358,2595,299,2124,2416,441,309,749,910,1128,2038,2668,11384,14052,9,4,11,783,654,1436,2587,4968,7553,338,1202,1538,3715,6830,10539,200,26,223,1366,213,1578,1536,56,1592,3401,218,3619,1302,498,1795,7807,1003,8810,214,24,241,841,1250,2087,1307,30,1332,1111,763,1874,451,299,750,1014,863,1875,1425,582,2009,6364,3807,10173,631,396,1030,410,291,701,50424,51834,102264
125,510,240,750,1804,415,2215,22,14,40,11570,5359,16930,4323,2924,7244,18224,8952,27181,363,348,715,321,250,573,6742,6563,13307,3944,1776,5723,2141,6274,8415,2863,7996,10860,3944,1025,4971,1519,2408,3923,21832,26637,48476,488,30,516,3390,1212,4598,4912,64,4970,4454,75,4528,3891,93,3985,1687,624,2313,568,233,800,2054,848,2895,21439,3172,24611,3,14,14,573,1414,1981,1145,6460,7600,956,1821,2781,3357,949,4305,872,1125,1998,6904,11775,18681,36,56,89,1703,3404,5107,46,1850,1891,1302,5779,7079,1252,5140,6390,2879,7944,10824,1768,942,2714,3554,3546,7096,12539,28655,41194,25,28,49,2871,1497,4371,4542,5783,10323,647,1635,2277,8089,8937,17025,308,37,341,2362,632,2997,2869,90,2962,6455,255,6708,4030,1345,5375,16022,2360,18380,353,50,402,2158,1781,3938,2222,55,2274,3427,2409,5838,381,80,464,985,996,1986,2291,688,2973,11819,6059,17875,1743,1196,2943,1200,802,1999,119810,98550,218360
126,250,121,374,918,293,1212,17,0,18,7366,4390,11760,2084,1642,3727,10631,6452,17086,391,388,772,470,511,982,4975,5107,10087,2882,1479,4361,1635,3592,5224,1117,2855,3973,5610,1177,6791,631,1022,1656,17722,16124,33845,143,21,158,2354,894,3249,728,19,747,1332,24,1355,1369,39,1407,891,295,1187,314,186,504,422,439,855,7554,1920,9471,0,3,3,186,479,668,616,2938,3560,736,1111,1848,613,149,767,462,790,1258,2621,5479,8095,4,12,22,1000,1786,2794,41,1049,1090,483,2003,2482,696,1976,2670,718,2167,2887,389,201,589,748,1142,1894,4080,10342,14427,12,14,26,988,738,1729,2078,2978,5057,321,702,1017,3396,4430,7826,21,3,29,229,114,343,172,5,179,1081,51,1125,333,128,457,1829,301,2131,74,19,95,885,712,1591,545,13,565,355,349,712,93,10,109,512,460,975,683,181,865,3153,1744,4897,637,427,1064,416,335,754,52046,47554,99607
127,294,106,400,900,169,1070,502,290,788,5190,1980,7168,2606,1827,4430,9489,4365,13860,61,78,138,138,105,242,1982,1773,3753,1359,548,1902,1846,5956,7807,1902,4221,6120,570,140,708,602,1040,1644,8457,13865,22320,256,8,269,1479,523,2006,3904,34,3941,3451,51,3498,2031,43,2071,1233,527,1754,543,267,810,1487,808,2300,14385,2263,16647,0,10,9,327,878,1205,743,5044,5787,711,1608,2314,1733,301,2026,490,940,1422,4003,8772,12771,7,20,24,554,1691,2250,12,1126,1142,483,3114,3594,341,2920,3260,597,2668,3262,432,269,699,1497,1458,2957,3922,13265,17183,24,14,39,1496,756,2257,3197,5300,8497,399,1336,1738,5114,7412,12523,249,34,284,2000,509,2510,2135,63,2200,5002,192,5191,2513,928,3437,11898,1729,13624,272,46,317,1083,1127,2217,1698,25,1720,2182,1539,3719,448,261,712,886,779,1661,1765,557,2325,8337,4331,12668,993,647,1639,741,500,1243,67328,57157,124482
128,144,58,210,553,168,723,12,6,21,2628,1303,3928,1645,1463,3110,4985,3000,7986,50,44,97,206,158,365,1431,1350,2774,1173,587,1760,905,3079,3979,937,2490,3428,389,77,465,330,600,932,5425,8378,13807,110,3,115,777,292,1072,1445,29,1475,2034,27,2059,1134,15,1145,857,289,1147,426,258,686,641,728,1371,7415,1656,9070,0,6,6,199,604,806,436,3263,3703,754,1502,2259,462,108,573,513,1083,1598,2367,6576,8941,7,3,8,363,1271,1630,3,824,831,177,1565,1743,123,1488,1609,243,1672,1917,175,142,317,512,578,1091,1595,7547,9139,7,8,11,652,538,1193,2228,4021,6250,285,823,1109,3170,5397,8570,54,8,62,358,102,464,239,14,247,1180,67,1245,516,99,617,2348,284,2636,100,7,107,596,576,1172,657,8,663,476,261,739,133,17,148,703,489,1197,948,270,1217,3604,1633,5244,345,218,556,236,203,432,31489,34890,66381
197,0,0,0,0,0,0,0,0,0,4,0,3,0,0,0,4,0,3,0,0,0,0,0,0,0,0,0,15,3,20,0,0,0,0,0,0,0,0,0,0,0,0,16,3,19,0,0,3,0,0,0,5,0,5,3,0,3,3,0,3,0,0,0,0,0,0,8,0,5,12,3,18,0,0,0,0,0,0,0,0,0,0,0,3,4,0,4,5,0,5,6,3,11,0,0,0,0,0,0,0,0,0,0,0,0,0,0,0,0,0,0,0,0,0,3,0,3,3,0,3,0,0,0,0,0,0,0,0,0,0,0,0,0,0,0,0,0,0,3,0,3,0,0,0,0,0,0,0,0,0,3,0,3,0,0,0,0,0,0,0,0,0,0,0,0,0,0,0,0,0,0,24,5,21,22,5,30,0,0,0,0,0,0,78,12,86
199,203,67,273,467,169,640,501,83,592,5861,780,6642,1223,598,1818,8265,1700,9958,116,86,202,1367,693,2058,1575,1219,2792,1403,372,1774,1195,2129,3323,660,1573,2237,560,91,647,384,736,1116,7258,6905,14164,474,15,493,2116,251,2363,3020,25,3043,27323,306,27630,9143,86,9227,310,124,433,4487,634,5128,1046,704,1746,47908,2150,50062,0,8,12,256,633,887,868,5891,6763,335,450,784,997,148,1144,1580,1495,3073,4038,8626,12664,6,8,15,336,331,666,14,266,278,178,599,774,81,280,363,227,814,1045,1198,478,1681,492,294,783,2538,3073,5611,17,5,20,1314,699,2008,1092,1118,2205,349,1415,1766,2771,3239,6003,226,11,237,1489,80,1572,2603,37,2635,8076,529,8603,238,80,315,12631,738,13373,569,33,597,4146,5263,9409,9388,168,9555,475,202,680,2828,408,3234,122,155,277,4196,489,4689,21729,6717,28442,1335,462,1793,771,521,1293,109242,34122,143365
201,117,57,180,331,112,440,1205,396,1596,1859,888,2747,1379,1170,2547,4888,2628,7514,52,65,115,195,186,378,956,891,1853,755,368,1125,1050,2245,3297,871,2866,3735,462,84,549,322,732,1048,4657,7433,12096,68,3,68,730,372,1106,1922,37,1959,1424,21,1443,752,24,773,642,432,1066,540,218,760,464,467,928,6542,1574,8117,0,3,3,284,925,1209,447,2816,3261,415,1130,1546,511,143,658,324,593,919,1985,5607,7595,0,16,18,199,917,1116,17,430,449,164,1244,1412,196,1357,1557,211,1330,1546,202,220,416,433,603,1031,1419,6119,7539,6,10,15,411,278,689,1617,3151,4764,241,629,865,2269,4067,6338,56,6,62,561,130,687,525,21,539,1489,83,1574,317,44,364,2945,280,3230,108,44,152,564,948,1511,563,24,584,926,453,1382,431,238,672,506,650,1157,746,281,1027,3848,2642,6487,308,202,515,244,207,447,29111,30750,59866
202,104,51,155,340,141,485,1263,507,1762,1824,962,2786,1299,1193,2494,4834,2855,7684,43,62,104,196,204,401,969,977,1945,929,403,1331,941,2158,3100,844,2925,3768,377,91,475,346,732,1077,4650,7547,12202,64,4,68,718,315,1031,1782,29,1807,1425,27,1453,903,16,918,662,391,1054,454,252,705,410,497,905,6404,1526,7929,0,9,9,397,927,1325,429,2697,3124,346,984,1331,666,190,850,264,494,757,2100,5296,7394,3,9,14,304,944,1247,9,394,403,159,1296,1460,134,1176,1308,304,1360,1668,232,178,407,342,420,761,1497,5773,7268,0,4,6,377,286,663,1547,3049,4595,196,677,877,2124,4024,6148,50,4,58,705,204,910,516,7,524,1474,74,1552,310,42,355,3057,337,3394,111,20,130,526,855,1376,580,13,597,1591,755,2343,556,211,764,497,668,1173,864,231,1103,4728,2754,7486,302,197,495,208,189,396,29903,30497,60402
203,292,151,439,653,251,906,746,304,1052,3453,1895,5349,2371,2190,4563,7515,4790,12309,179,156,335,341,337,678,1841,1977,3813,2055,1092,3148,1898,3970,5864,1534,5080,6609,787,198,980,513,1283,1800,9141,14096,23234,112,22,132,1365,658,2020,2671,45,2711,3126,49,3171,1268,35,1304,1249,690,1933,874,461,1328,1031,968,1998,11681,2917,14602,3,7,8,412,1404,1811,694,5018,5713,747,2244,2989,1155,368,1526,618,1227,1849,3630,10275,13901,20,26,45,415,1712,2132,29,741,777,310,2190,2499,278,2499,2781,434,2323,2759,420,295,713,718,991,1708,2635,10782,13411,13,14,25,775,603,1381,2897,5696,8595,514,1446,1954,4193,7760,11955,101,14,111,993,246,1240,815,39,853,2562,132,2692,586,264,852,5054,695,5751,181,29,214,946,1554,2498,1329,21,1352,1188,512,1697,539,238,776,1111,1083,2196,1457,470,1928,6749,3912,10667,547,374,916,399,330,727,51549,55920,107466
204,140,55,195,358,149,507,2622,1117,3742,2334,1036,3373,1581,1522,3105,7032,3885,10920,12,38,55,136,162,291,880,782,1664,805,413,1219,994,2391,3383,629,2754,3381,190,46,238,273,589,865,3922,7176,11097,91,3,96,644,273,924,2758,46,2807,1461,30,1494,1005,18,1025,758,578,1338,625,326,948,480,471,954,7825,1754,9577,0,10,11,331,972,1298,345,2839,3187,413,1295,1707,1228,219,1442,498,678,1176,2819,6014,8829,5,8,17,219,1031,1250,9,377,389,172,1279,1450,77,1105,1183,173,1452,1629,252,215,466,433,442,878,1341,5912,7254,3,8,13,398,299,691,1563,3015,4571,194,699,890,2153,4019,6171,74,9,78,976,220,1198,925,45,975,1893,125,2013,544,116,666,4422,517,4936,150,28,174,571,1320,1892,699,11,707,1602,550,2154,957,413,1373,501,756,1256,768,306,1071,5250,3382,8634,403,199,604,291,222,515,35455,33064,68527
205,210,75,285,416,175,590,3793,1986,5782,2887,1234,4125,2259,2047,4305,9561,5523,15086,38,67,99,164,193,353,1110,1184,2289,1481,580,2064,1313,3523,4832,1067,3946,5010,301,54,353,413,971,1380,5875,10514,16383,149,7,152,1262,492,1752,3841,45,3887,2359,27,2384,1694,24,1717,1070,696,1766,729,412,1147,1156,865,2023,12252,2567,14819,5,8,12,390,1343,1733,574,4838,5413,482,1754,2236,1021,298,1315,357,899,1257,2828,9140,11971,6,18,22,345,1429,1779,9,548,561,212,2052,2265,204,2223,2427,261,2367,2632,378,332,710,557,799,1361,1978,9769,11753,3,16,15,581,509,1095,2353,5130,7482,338,1118,1458,3271,6778,10048,109,3,113,1685,154,1841,1190,31,1226,2551,175,2727,357,64,417,5899,429,6327,145,31,173,808,1913,2721,1358,29,1381,1494,596,2098,1413,684,2093,757,1034,1795,1325,507,1839,7302,4796,12101,547,295,844,459,394,858,49991,50200,100188
206,2499,1471,3968,7980,3339,11321,100,36,141,40919,27273,68184,15262,12706,27965,66754,44825,111585,2934,3187,6122,5475,4600,10069,42237,40287,82524,20308,12459,32775,7597,12296,19895,7812,20739,28552,31449,7656,39109,8937,11964,20902,126750,113197,239952,565,85,652,10646,4083,14731,4014,98,4114,8070,101,8166,5415,199,5609,9047,3054,12101,1126,973,2092,4079,3577,7656,42955,12163,55120,14,29,45,1436,3516,4947,1866,10106,11974,10084,12077,22159,7260,1703,8963,3703,5376,9077,24367,32799,57170,137,208,342,7380,13457,20835,273,8777,9051,4211,12301,16509,5257,13781,19043,10563,18172,28735,2520,2047,4566,7303,9577,16874,37635,78317,115959,117,66,187,7600,6080,13679,11331,17097,28427,2742,4806,7548,21785,28051,49839,229,38,263,1742,647,2391,1263,36,1299,6470,468,6942,1941,510,2451,11649,1701,13346,410,38,452,5410,5816,11228,3308,72,3379,1967,1034,3003,397,138,534,4274,2768,7044,4276,1093,5370,20045,10962,31011,4451,3378,7826,2560,2110,4669,358957,327510,686467
207,460,264,726,1424,614,2035,39,16,56,6155,4279,10432,3097,2805,5906,11171,7983,19155,362,479,840,557,570,1121,5810,5713,11522,2553,1516,4069,3467,7329,10790,2266,6336,8603,3326,843,4162,1080,1980,3064,19420,24766,44188,132,14,141,2034,845,2880,1185,25,1213,2854,39,2898,1099,23,1127,1655,640,2295,721,455,1184,750,1159,1903,10439,3197,13636,3,20,19,707,1583,2286,1172,6196,7366,1222,2102,3323,645,164,807,1220,2053,3268,4965,12110,17072,16,35,51,828,2733,3564,60,1471,1526,633,2963,3595,844,3453,4299,888,3337,4222,421,325,743,1084,1584,2666,4767,15903,20674,28,26,51,1731,1326,3057,3612,6175,9790,779,1672,2455,6156,9197,15350,17,3,19,275,146,421,204,5,209,1355,84,1436,388,106,498,2233,343,2575,76,10,91,1160,1047,2207,739,18,754,350,241,590,111,24,139,1058,1045,2106,1260,322,1583,4757,2702,7466,708,557,1264,491,449,942,65113,77211,142323
208,503,239,749,1647,566,2214,42,21,65,6645,3454,10094,3655,3275,6933,12497,7560,20054,149,194,346,721,644,1368,4287,3911,8195,2584,1555,4131,2390,6403,8798,1923,6216,8134,1675,352,2022,674,1419,2093,14400,20695,35092,197,17,207,1727,648,2376,3085,49,3133,4030,40,4063,2024,49,2072,2063,764,2827,1000,454,1453,1650,1512,3158,15768,3523,19294,3,4,8,378,1382,1761,1102,7053,8155,1283,2427,3711,869,189,1058,1506,2470,3975,5145,13525,18667,17,27,50,695,2759,3454,39,1218,1259,498,2607,3108,461,3230,3692,832,3549,4376,420,273,694,1306,1339,2647,4263,15014,19281,28,33,59,1919,1325,3243,4748,8424,13168,770,1754,2529,7470,11537,18999,66,19,86,1538,493,2035,721,21,740,2239,138,2372,1346,396,1741,5912,1058,6975,161,25,190,1337,1074,2413,1104,18,1120,1827,1384,3211,262,106,367,1271,1096,2368,1757,418,2175,7713,4122,11838,814,515,1326,585,454,1040,74571,78002,152571
209,378,169,551,1012,339,1344,224,101,322,5180,2560,7742,3145,2451,5598,9944,5620,15564,171,240,413,421,443,862,2555,2358,4913,2159,1524,3680,2683,6838,9525,2464,8251,10715,964,184,1145,653,1787,2445,12068,21642,33708,181,16,194,1611,909,2521,3306,62,3364,4009,54,4063,2302,61,2362,1376,650,2028,798,373,1170,1556,1190,2745,15132,3322,18450,3,7,11,504,1570,2079,1194,7587,8778,757,1862,2619,1258,340,1600,877,1716,2597,4590,13082,17669,12,24,32,574,2273,2849,20,997,1015,408,2984,3385,326,3070,3394,570,3356,3923,617,347,965,1042,1115,2154,3564,14153,17716,23,11,35,1377,752,2132,4109,7796,11906,608,1807,2414,6110,10369,16480,102,20,121,1569,393,1961,1193,18,1214,3373,150,3523,1346,363,1712,7583,940,8520,195,37,232,1309,1197,2500,1393,27,1426,1920,1326,3242,429,281,707,1385,1054,2433,1753,576,2332,8375,4498,12874,721,418,1141,607,464,1068,68703,74502,143201
210,492,131,626,1117,238,1357,222,96,316,6792,2326,9116,2863,1901,4762,11479,4692,16178,93,77,169,216,181,399,2144,1797,3941,3422,851,4276,1694,4923,6620,926,1906,2829,882,181,1064,373,683,1051,9749,10614,20363,244,15,259,1677,476,2158,5894,84,5975,4213,50,4267,2311,35,2349,1234,577,1809,685,357,1039,2037,780,2820,18293,2386,20674,0,4,8,344,851,1188,575,5416,5992,604,1409,2010,1904,518,2417,1032,2123,3152,4450,10312,14767,15,27,45,679,1763,2438,9,696,705,458,2486,2943,335,2332,2673,668,3271,3942,1010,441,1448,2596,1830,4423,5772,12860,18624,19,30,52,1442,763,2205,3535,5828,9361,717,2105,2820,5711,8722,14438,139,17,157,2245,440,2690,3220,152,3369,6075,194,6269,2882,698,3581,14567,1499,16065,311,42,357,1484,1217,2706,1840,30,1874,2998,1526,4530,271,126,399,1158,1074,2234,2157,523,2675,10228,4540,14764,900,512,1412,700,454,1149,81837,56593,138428
211,608,257,863,1648,374,2018,574,222,800,7835,3463,11301,3959,3307,7268,14628,7620,22247,121,106,226,511,483,996,3453,2977,6427,3077,1249,4327,2133,6324,8455,1658,5459,7120,1817,316,2127,764,1521,2292,13530,18431,31964,304,13,319,2062,822,2881,5094,74,5162,5218,72,5290,2940,66,3013,1716,880,2597,1563,754,2322,2211,1555,3766,21113,4240,25345,6,10,12,502,1746,2249,998,7842,8842,1028,3021,4045,1034,254,1293,1032,2099,3123,4598,14969,19567,8,29,41,784,2996,3782,31,1189,1219,441,3424,3869,436,3653,4089,767,4842,5616,594,338,933,1543,1552,3096,4607,18029,22638,31,34,62,1811,1141,2955,5461,9309,14769,875,2207,3088,8180,12696,20871,118,17,129,2086,663,2741,1418,36,1459,3321,250,3570,1979,771,2744,8916,1733,10651,263,45,305,1387,1449,2837,1615,41,1654,2848,2102,4950,747,360,1107,1644,1496,3138,2412,883,3291,10909,6373,17278,857,528,1387,661,555,1212,87992,85170,173162
212,1070,390,1458,2922,652,3579,883,352,1240,15046,6214,21257,6267,4266,10531,26185,11876,38061,555,531,1087,544,457,1006,6932,6359,13290,5428,2685,8115,4672,11479,16149,3234,9763,12997,3753,741,4498,1089,2497,3586,26207,34515,60724,563,37,599,4616,1750,6364,9854,130,9983,7841,108,7947,4811,87,4906,2666,1172,3836,1497,807,2299,3375,1925,5304,35226,6015,41244,3,20,23,794,2372,3164,1589,11778,13367,1145,3015,4160,1988,559,2545,1527,2421,3952,7044,20170,27215,36,75,117,1534,4562,6100,81,1956,2034,1001,5780,6780,886,6183,7067,1865,7817,9685,1861,991,2846,3570,3344,6914,10838,30706,41540,61,36,97,3923,2132,6054,8051,11907,19958,1233,3190,4425,13270,17264,30539,255,33,284,4619,1199,5818,3881,122,3997,8833,387,9221,5039,1540,6573,22620,3278,25900,481,67,549,2453,2236,4689,3301,56,3352,6453,3937,10389,813,617,1431,1877,1904,3781,3510,1107,4612,18882,9924,28806,1750,1039,2793,1353,1005,2355,163386,135786,299165
213,703,223,931,1428,393,1823,321,100,417,8530,3638,12172,4766,3563,8333,15759,7918,23675,166,162,331,472,403,882,3287,3185,6470,2829,1194,4026,3399,9536,12934,2448,6775,9223,1183,265,1445,932,2091,3022,14709,23615,38325,334,13,348,2350,845,3196,6701,78,6783,5470,86,5557,2953,66,3016,2069,1015,3081,898,538,1436,2262,1603,3863,23041,4244,27287,4,14,16,610,1793,2400,1182,10955,12138,1070,2521,3589,2733,899,3632,1214,1959,3179,6821,18139,24954,25,42,62,927,2608,3539,44,1004,1046,724,4029,4750,525,3913,4432,916,4070,4987,1191,645,1835,2972,2343,5313,7322,18643,25964,26,22,46,2205,1254,3465,6442,11292,17733,883,2630,3515,9556,15206,24754,206,27,234,3158,701,3855,5072,178,5248,10180,327,10510,5301,1982,7285,23917,3212,27130,543,55,599,2014,1834,3850,2469,41,2516,4949,2245,7189,399,133,534,1875,1515,3388,3095,1014,4108,15347,6836,22184,1460,800,2263,1106,803,1908,119030,99425,218458
214,256,118,373,672,216,885,391,166,562,3062,1541,4601,2163,2059,4219,6544,4095,10646,52,74,126,260,276,533,1415,1368,2785,1114,560,1680,1333,3608,4939,1342,4449,5790,392,84,474,355,930,1282,6262,11347,17607,270,28,297,941,441,1381,2171,31,2205,3504,44,3547,1468,66,1535,1101,615,1711,1081,512,1589,955,865,1822,11488,2604,14087,0,5,5,298,1291,1592,583,4831,5414,595,1887,2488,1091,316,1407,643,1338,1978,3210,9666,12878,5,7,9,315,1543,1860,18,627,642,169,1749,1920,136,2153,2292,252,2387,2641,300,233,531,437,666,1100,1626,9375,11002,15,19,32,770,732,1502,2759,5491,8244,429,1308,1728,3967,7541,11510,41,3,44,804,226,1029,494,24,515,1552,129,1682,432,100,528,3326,479,3804,126,22,142,704,1109,1815,1254,31,1285,955,758,1704,542,298,842,890,1010,1899,1280,488,1773,5747,3720,9465,481,261,742,353,298,657,43005,49390,92394
215,114,50,166,267,93,358,4923,1570,6494,1655,733,2385,1301,1187,2484,8261,3629,11887,8,24,35,94,96,191,759,695,1457,639,268,907,744,2120,2868,526,2490,3020,110,28,136,257,546,804,3147,6270,9416,79,3,89,466,293,757,2116,20,2137,1034,13,1048,773,15,789,562,379,938,564,178,738,321,450,771,5912,1354,7263,0,4,9,311,948,1253,442,2877,3320,199,845,1048,708,208,914,180,396,579,1847,5276,7125,0,9,12,155,781,937,11,383,390,110,1239,1349,76,1134,1209,206,1354,1559,210,174,386,307,414,723,1080,5481,6566,4,3,7,392,223,612,1634,3111,4744,211,622,833,2234,3966,6200,66,3,69,681,107,786,870,34,899,1647,96,1743,186,30,223,3446,270,3717,156,45,193,508,1128,1639,535,7,542,1063,594,1661,1632,477,2108,400,623,1029,804,241,1045,5097,3119,8214,306,164,471,308,223,527,31650,29745,61396
216,100,49,150,251,81,328,2848,1069,3924,1624,691,2317,1135,1021,2150,5968,2912,8873,20,22,39,64,74,138,693,750,1445,573,240,818,659,1813,2470,571,2325,2897,114,25,137,228,474,706,2917,5734,8652,67,3,66,567,269,840,2068,26,2096,1002,21,1025,842,8,850,446,334,781,338,201,537,380,383,758,5707,1243,6953,3,0,3,196,812,1011,286,2433,2722,170,722,895,378,98,468,165,405,571,1196,4471,5667,4,4,9,194,792,986,9,300,309,132,1159,1287,104,982,1091,148,1180,1331,147,165,316,288,366,655,1022,4952,5975,6,7,14,348,225,573,1418,2798,4219,154,591,749,1930,3623,5549,38,3,39,444,108,551,926,27,958,1685,104,1783,217,29,249,3309,269,3581,119,28,141,416,815,1232,512,10,521,1733,856,2588,1104,411,1519,311,465,775,661,243,905,4854,2829,7683,218,122,341,319,213,534,27441,26368,53808
217,105,43,150,192,83,279,3876,1733,5613,1355,623,1980,1079,1042,2126,6616,3530,10143,14,18,35,87,96,184,662,565,1230,606,282,879,680,1726,2404,523,2161,2687,96,26,128,215,425,642,2894,5302,8193,53,3,57,497,266,760,1687,24,1707,1060,17,1076,668,8,679,573,384,957,441,192,632,341,399,743,5309,1299,6610,3,0,3,172,775,946,316,2382,2703,226,781,1010,352,101,451,202,428,631,1267,4479,5751,5,6,13,161,669,829,14,306,323,123,909,1038,62,941,1005,146,990,1135,158,202,357,259,343,600,929,4365,5292,5,3,11,324,217,538,1295,2594,3886,150,517,667,1773,3326,5101,89,0,84,807,90,903,784,26,814,1705,77,1775,136,13,155,3521,205,3728,84,19,106,528,1067,1595,493,18,506,1243,495,1733,1215,527,1739,429,611,1039,681,241,929,4674,2976,7653,267,129,389,251,220,469,27507,25822,53330
297,0,0,0,0,0,0,0,0,0,4,0,4,4,0,3,11,0,6,0,0,0,0,0,0,0,0,0,8,0,10,0,0,0,4,0,4,0,0,0,0,0,0,15,3,14,0,0,0,4,0,8,16,0,16,0,0,0,8,0,8,13,4,15,0,0,0,17,0,17,62,7,67,0,0,0,0,0,0,0,0,0,0,0,0,0,0,0,0,0,0,0,0,0,0,0,0,0,0,0,0,0,0,0,0,0,0,0,0,0,0,0,0,0,0,0,0,0,0,0,0,0,0,0,0,0,0,0,0,0,0,0,0,0,0,3,0,0,0,22,0,22,3,0,3,0,0,0,0,0,0,25,0,25,0,0,0,0,0,0,11,0,11,0,0,0,0,0,0,0,0,0,22,0,22,32,0,34,0,0,0,0,3,3,144,12,157
299,237,82,318,418,156,575,413,82,492,4454,652,5106,1005,435,1442,6521,1414,7931,76,76,153,888,544,1430,1292,1013,2304,977,264,1245,912,1725,2641,623,1495,2123,616,82,694,340,651,988,5726,5847,11580,337,12,349,1683,237,1923,2161,33,2194,26802,380,27181,7331,68,7403,269,130,398,4171,726,4899,1014,496,1505,43770,2072,45842,4,4,12,245,650,889,795,5171,5965,207,388,598,720,140,859,1236,1178,2413,3210,7527,10740,4,5,13,243,230,474,12,152,168,129,465,587,73,249,328,211,762,976,856,340,1195,359,204,563,1887,2412,4300,8,8,16,1063,542,1603,905,1065,1975,279,1181,1455,2257,2789,5053,98,3,101,1084,63,1148,1866,22,1891,5275,248,5521,224,70,298,8555,406,8963,428,23,450,3176,3929,7103,7823,147,7963,416,178,598,1548,248,1799,125,162,291,3328,536,3865,16845,5230,22073,1145,404,1548,607,400,1007,90529,28505,119032
301,253,104,356,708,201,905,111,37,147,3424,1540,4962,1703,1553,3251,6202,3425,9628,59,54,114,151,165,313,1450,1304,2752,1458,610,2063,801,2606,3406,719,2149,2864,625,119,743,250,421,669,5503,7426,12930,159,8,167,1227,492,1719,2373,47,2416,2013,26,2042,1759,27,1789,681,357,1040,477,257,736,1189,701,1888,9885,1911,11798,0,0,3,234,613,849,422,3945,4362,446,1342,1790,706,143,847,424,765,1183,2232,6803,9039,3,13,18,433,1555,1989,9,571,581,213,1730,1948,104,1560,1659,289,2065,2351,354,219,573,842,856,1704,2247,8567,10814,15,7,26,972,740,1716,2004,3290,5301,344,953,1296,3345,4994,8336,104,5,110,933,156,1086,1136,54,1194,2644,140,2784,1301,305,1606,6113,670,6779,239,29,270,775,1086,1858,1026,21,1049,1734,1325,3059,397,156,553,653,567,1226,1522,433,1954,6350,3619,9968,450,278,724,302,231,531,42623,37924,80553
302,271,106,377,858,222,1080,25,13,36,5017,2154,7170,2311,2039,4347,8478,4535,13014,122,111,233,182,196,373,2109,1988,4095,3144,781,3924,1076,2564,3642,1517,4326,5837,1054,182,1238,298,722,1015,9495,10871,20366,215,19,225,2023,545,2568,4073,83,4154,2258,24,2280,2348,55,2406,860,374,1229,491,282,777,952,718,1667,13225,2096,15320,0,0,3,270,850,1123,703,3903,4605,579,1616,2195,1181,342,1525,686,1765,2453,3427,8482,11903,15,22,38,781,1783,2566,26,605,630,490,2398,2879,419,2462,2886,514,2176,2694,894,413,1306,2018,1563,3582,5157,11417,16577,15,17,29,1222,755,1975,3027,5019,8051,627,1659,2282,4894,7442,12335,105,12,121,1242,260,1500,1738,149,1889,3856,219,4079,1935,422,2359,8872,1067,9941,252,31,278,1231,1323,2556,1337,22,1364,1682,1044,2724,264,39,299,961,927,1887,1641,570,2204,7367,3955,11317,678,381,1060,405,273,680,61994,50512,112509
303,403,188,588,1289,374,1663,81,51,129,6519,3165,9683,3391,2765,6159,11689,6542,18225,258,333,591,392,339,724,3754,3781,7531,2555,1340,3900,2167,5396,7563,2639,7385,10024,1744,354,2094,829,1557,2386,14334,20478,34811,217,13,227,2207,894,3099,4882,81,4955,2867,42,2911,2661,42,2704,1506,530,2030,495,290,784,1062,1046,2111,15889,2937,18825,0,5,6,498,1405,1902,1212,6496,7707,813,2066,2878,1078,246,1324,848,1396,2244,4447,11613,16063,16,35,51,962,2895,3858,33,1084,1115,685,3715,4399,567,3524,4093,914,3820,4736,864,550,1411,1990,1735,3724,6025,17354,23378,19,22,43,2122,1273,3397,4094,6124,10220,679,1491,2169,6916,8914,15830,135,12,148,1530,312,1848,2037,78,2113,5659,296,5960,3109,677,3785,12471,1380,13852,350,32,379,1459,1438,2895,1245,28,1271,1648,936,2582,305,67,371,1232,1008,2239,1906,549,2453,8138,4049,12193,967,564,1532,566,444,1012,81440,74277,155714
304,115,79,191,393,144,533,48,19,64,2221,1246,3464,1214,1444,2651,3982,2924,6906,511,512,1018,343,381,717,1225,1281,2504,1508,1005,2511,2086,3839,5929,577,1427,2007,707,143,853,373,505,882,7325,9089,16417,63,6,64,823,483,1307,984,23,1003,1019,15,1037,709,39,745,544,267,814,404,218,619,349,582,925,4889,1631,6516,0,3,3,195,412,606,490,3219,3714,440,1176,1615,2348,236,2586,431,815,1244,3908,5859,9765,3,6,9,242,1018,1259,19,465,479,264,1166,1433,106,901,1007,238,1129,1373,119,127,244,368,495,865,1370,5309,6677,4,8,15,426,402,823,1642,3453,5098,288,625,915,2361,4487,6849,21,0,21,190,52,235,126,6,132,884,91,976,251,56,309,1472,204,1677,73,12,83,545,596,1137,252,11,265,125,69,196,129,35,158,632,511,1136,724,255,970,2474,1483,3955,371,210,578,161,135,293,28308,31339,59640
305,898,577,1472,3203,1220,4423,50,30,79,16548,11007,27555,5584,5330,10921,26285,18166,44452,1113,1235,2347,1462,1408,2872,15846,17998,33841,12250,5454,17707,3309,6015,9321,4486,13118,17604,11309,2644,13948,4376,5746,10124,54151,53621,107768,305,41,347,6380,2077,8458,1999,37,2034,4269,58,4331,3023,99,3122,3201,1107,4307,631,313,945,1390,1430,2825,21201,5162,26357,6,13,14,622,1524,2145,1201,5063,6268,3670,5823,9494,3169,852,4024,1761,2921,4682,10426,16195,26623,71,124,193,3870,8240,12109,150,4820,4973,2363,8666,11031,2162,7812,9970,3557,8676,12231,789,1091,1882,3505,5529,9035,16460,44955,61416,33,38,73,3410,2939,6353,4000,6263,10263,1021,1941,2963,8463,11188,19645,32,3,35,1013,253,1265,520,34,554,2418,176,2594,872,161,1033,4861,629,5489,327,29,359,2391,3078,5461,1880,47,1930,962,602,1564,235,72,304,1851,1390,3246,1797,546,2338,9433,5760,15195,1867,1492,3356,959,790,1749,154104,157955,312065
306,223,93,320,546,247,798,1713,629,2338,2573,1559,4126,2516,2411,4928,7568,4936,12506,51,88,139,296,266,560,1130,1584,2717,1845,691,2530,1226,3432,4656,1324,3779,5100,286,55,346,575,1005,1585,6724,10904,17632,179,14,188,1108,429,1538,3240,48,3288,1822,23,1849,1770,55,1831,1418,658,2079,764,329,1092,680,725,1408,10987,2287,13277,8,7,11,409,1221,1625,695,4432,5130,830,2029,2853,1189,292,1478,920,1325,2248,4049,9295,13350,7,23,26,399,1887,2292,17,726,742,276,2445,2721,255,2040,2296,284,2283,2568,275,311,586,706,1016,1726,2218,10731,12958,17,19,30,736,845,1580,2509,4906,7421,389,1264,1653,3646,7032,10676,122,3,123,678,113,793,975,58,1034,2740,183,2922,543,76,617,5064,439,5499,308,44,357,1185,2362,3539,884,27,909,670,564,1230,1639,527,2165,840,761,1602,1449,492,1947,6971,4776,11746,573,304,876,424,358,784,48238,51057,99301
307,67,30,101,215,77,293,4768,2016,6787,1436,564,2004,1012,1012,2027,7506,3709,11207,19,11,33,54,56,110,491,521,1015,882,250,1130,481,1754,2234,385,1299,1686,74,16,92,148,223,373,2533,4139,6670,115,3,123,767,180,956,3009,55,3070,885,18,905,874,14,885,492,359,854,348,188,531,644,345,989,7136,1171,8303,0,4,4,150,451,598,192,2354,2547,143,655,795,463,71,535,112,239,352,1056,3774,4827,3,9,11,173,875,1042,5,277,283,90,1322,1404,41,639,679,106,1196,1304,144,201,344,343,352,690,901,4864,5762,4,0,4,287,211,498,1031,1989,3022,122,425,545,1442,2623,4065,117,4,118,1207,98,1305,1290,62,1354,1997,141,2135,354,91,442,4956,407,5363,255,42,297,393,1196,1587,742,33,772,1373,635,2008,1897,680,2576,238,446,675,662,251,916,5554,3279,8830,331,111,439,267,200,471,31680,24267,55949
308,149,58,207,364,160,521,2019,1029,3056,2432,1202,3635,1605,1956,3562,6574,4410,10978,48,67,109,99,147,241,905,1346,2255,1760,536,2295,971,3339,4313,928,2625,3554,275,74,350,325,674,1002,5308,8807,14118,219,11,226,2182,468,2653,6072,110,6188,1525,35,1564,2740,92,2827,749,590,1336,517,261,782,860,681,1537,14868,2250,17116,0,3,3,284,970,1257,451,4006,4455,338,1459,1796,1010,289,1297,281,682,963,2365,7406,9776,10,12,22,404,1677,2081,12,590,598,171,2479,2647,135,1669,1804,190,1855,2048,232,384,615,715,938,1658,1865,9611,11476,4,5,9,467,522,991,1792,4424,6216,317,1062,1382,2577,6015,8594,286,13,301,5223,407,5633,1250,54,1308,3124,430,3555,552,116,671,10437,1023,11456,330,51,384,791,2152,2942,1711,64,1777,1121,416,1534,1004,339,1340,649,821,1468,1458,685,2146,7070,4528,11600,585,240,826,351,271,622,52001,44565,96570
309,669,315,988,2029,690,2721,274,137,416,8370,4545,12915,6104,5986,12095,17450,11676,29126,219,284,510,969,905,1874,4598,4854,9455,3386,1613,4994,3055,7630,10679,3288,8357,11646,1621,290,1911,1124,1838,2962,18256,25772,44027,359,13,376,2974,1047,4020,5401,80,5484,6547,118,6660,3694,74,3770,3717,1351,5065,1680,783,2462,2672,2079,4751,27049,5533,32585,10,13,22,668,2080,2752,1262,9261,10520,2553,6276,8828,2088,481,2564,1882,3096,4973,8455,21200,29654,15,56,69,1110,4715,5823,63,2177,2243,655,5488,6144,792,5819,6612,1018,6130,7145,760,628,1390,1728,2422,4146,6141,27428,33571,24,37,64,3611,2979,6589,6567,12209,18781,1251,3365,4615,11456,18593,30046,167,16,186,2102,610,2712,1611,84,1696,5600,368,5963,1703,449,2156,11181,1527,12715,612,67,683,2904,4163,7070,3399,60,3464,1988,936,2929,867,303,1176,2337,1808,4148,3029,1039,4065,15140,8383,23523,1469,926,2397,855,756,1615,117454,121810,239261
310,230,89,317,677,176,854,968,431,1404,4109,1838,5946,2022,1796,3819,8001,4328,12337,72,72,145,172,179,355,1456,1477,2930,1485,481,1968,1308,4071,5382,1319,3187,4506,492,86,577,490,1030,1514,6789,10593,17387,191,8,205,1306,367,1671,4883,72,4953,1989,57,2045,1776,47,1819,977,492,1471,748,404,1150,690,706,1393,12567,2151,14714,0,5,6,626,1266,1890,752,5677,6430,357,1396,1751,2310,808,3117,389,734,1125,4436,9879,14316,13,16,26,467,1571,2039,16,558,568,312,2294,2605,190,1791,1982,412,2213,2631,330,277,611,1183,1173,2356,2930,9898,12827,17,13,29,936,742,1684,2536,4434,6966,441,1180,1618,3926,6376,10300,159,13,170,1787,252,2042,1897,77,1972,3732,270,3999,1482,433,1914,9051,1052,10106,390,60,445,1005,1617,2623,1163,30,1196,3277,1880,5153,735,306,1044,775,813,1592,1506,500,2006,8854,5210,14059,727,342,1067,469,331,796,57743,50160,107904
311,236,100,336,662,202,864,444,187,628,3304,1526,4831,2103,1839,3940,6748,3847,10596,40,53,90,163,184,354,1297,1418,2712,874,481,1350,1197,3981,5176,1081,2863,3947,487,76,570,434,1030,1465,5579,10081,15655,163,13,173,1133,343,1483,2933,43,2975,2596,73,2668,1689,50,1734,739,403,1142,571,378,945,972,711,1685,10802,2003,12800,0,3,3,367,978,1343,679,5669,6352,285,1143,1420,783,263,1049,411,820,1233,2520,8877,11399,6,21,29,424,1837,2260,16,627,643,287,2282,2567,153,1862,2010,410,2397,2809,450,380,832,793,906,1695,2536,10305,12842,11,16,26,1160,895,2051,2846,4949,7791,436,1299,1730,4449,7152,11602,110,4,118,1012,232,1240,987,39,1026,3118,250,3370,1105,258,1361,6332,783,7119,326,36,365,870,1332,2203,1555,34,1594,1245,700,1945,510,315,831,804,831,1640,1462,614,2073,6784,3867,10653,522,333,853,407,322,726,46683,47566,94250
312,136,58,194,380,98,482,1621,649,2269,2065,916,2977,1380,1698,3077,5581,3418,8995,22,31,47,95,126,219,767,1124,1894,1583,485,2066,612,2257,2873,615,2025,2636,161,36,196,192,484,670,4039,6570,10605,136,6,137,1985,426,2415,6599,125,6723,1219,21,1244,2343,83,2429,761,499,1262,385,207,595,443,539,980,13870,1908,15785,0,0,0,198,593,785,171,2775,2949,344,1300,1641,594,175,771,221,637,857,1530,5473,7004,0,12,14,264,1337,1604,11,418,428,90,1923,2014,80,1244,1324,135,1598,1733,184,294,482,497,675,1169,1267,7505,8772,3,6,11,314,475,788,1381,3430,4809,186,854,1037,1882,4767,6651,282,23,305,6167,642,6812,1277,88,1357,3133,623,3760,555,143,697,11413,1517,12933,215,46,258,589,1838,2428,965,41,1010,638,312,952,940,359,1298,445,679,1132,1227,517,1744,5029,3799,8826,504,186,689,327,259,591,45433,35409,80844
313,118,64,180,338,118,459,453,225,682,1603,977,2579,1305,1418,2724,3819,2801,6621,29,32,62,100,110,214,598,719,1316,572,286,858,910,2797,3702,987,3050,4033,198,29,226,258,593,852,3653,7620,11271,80,0,82,605,237,835,2156,27,2190,1687,31,1719,834,26,855,628,358,987,457,240,696,559,570,1131,7016,1489,8506,4,5,8,271,886,1160,542,4395,4941,309,1140,1447,757,198,952,290,591,886,2172,7218,9391,3,10,12,202,1126,1322,10,463,470,162,1472,1628,110,1340,1447,203,1436,1638,219,219,438,411,556,968,1311,6624,7935,7,10,12,619,548,1167,1842,3592,5432,254,883,1134,2713,5025,7740,77,3,78,704,123,826,626,15,644,1946,190,2133,344,58,402,3698,388,4083,246,35,276,609,1019,1628,1083,27,1107,874,618,1496,832,516,1345,670,696,1374,1026,440,1468,5345,3353,8700,323,194,520,242,230,478,30299,34944,65244
314,132,46,179,378,109,490,66,27,91,1745,927,2674,1101,1127,2228,3429,2239,5671,29,35,64,124,189,314,856,805,1662,584,303,889,565,2228,2794,418,1082,1498,374,67,436,208,439,640,3166,5134,8302,78,0,80,661,223,882,1530,29,1557,1681,24,1709,968,14,988,487,224,717,396,247,646,644,547,1191,6456,1318,7768,0,0,0,139,384,519,281,3033,3312,261,900,1161,318,78,392,302,670,979,1308,5064,6366,0,4,10,244,951,1195,11,364,370,137,1165,1305,100,992,1095,223,1352,1580,174,114,285,400,465,872,1287,5419,6711,4,10,15,590,486,1075,1550,2951,4505,255,736,998,2413,4179,6594,46,0,46,520,95,617,454,18,474,1071,82,1155,506,185,697,2606,392,2994,150,16,171,418,538,956,682,12,699,344,205,541,223,42,264,559,426,992,874,380,1253,3255,1621,4877,255,164,420,190,146,336,24358,25668,50032
315,56,30,85,179,66,250,1695,825,2519,887,501,1390,601,736,1337,3407,2162,5572,14,12,22,53,80,132,233,383,615,941,206,1150,326,1194,1518,377,1037,1418,37,7,49,152,288,437,2132,3201,5331,46,7,52,790,145,936,2093,47,2141,776,13,787,930,43,974,301,316,620,279,87,367,238,114,353,5455,777,6235,3,3,5,181,490,673,188,1565,1754,97,351,449,617,208,823,104,158,262,1197,2772,3973,0,3,5,131,574,701,0,157,157,61,775,838,38,409,446,47,539,593,103,166,273,341,264,606,724,2893,3622,0,3,3,90,110,199,420,992,1414,82,251,333,597,1353,1947,120,11,128,2084,235,2322,647,48,692,963,137,1105,167,59,231,3980,496,4474,198,40,238,225,914,1139,741,26,768,145,85,233,1051,426,1472,108,231,336,501,169,664,2973,1887,4858,282,122,405,201,160,362,20941,15832,36773
316,296,173,468,896,345,1244,637,294,932,3942,2220,6163,3327,3512,6842,9106,6541,15644,108,135,240,520,603,1121,2196,2491,4691,1949,908,2857,1826,4530,6353,2049,5425,7479,766,161,931,607,1075,1683,10026,15329,25355,123,15,136,1611,643,2250,2915,42,2959,3789,60,3843,1947,37,1986,1856,860,2719,1283,622,1910,1344,1342,2686,14869,3616,18489,0,4,10,506,1426,1930,907,6219,7131,1065,3181,4244,797,185,981,833,1662,2494,4110,12679,16787,0,28,27,606,2834,3440,24,1113,1138,311,3034,3348,334,3205,3537,543,3419,3965,464,336,796,716,1165,1888,2992,15139,18132,18,16,32,1831,1572,3397,3491,7123,10613,488,1471,1953,5818,10176,15996,79,3,84,820,197,1010,811,21,830,2849,199,3049,517,108,627,5077,531,5605,324,38,361,1338,2417,3756,1604,34,1635,839,503,1339,948,398,1340,1097,1090,2192,1814,643,2454,7962,5123,13080,659,393,1050,465,386,848,61082,69899,130983
317,97,32,131,339,129,468,555,223,780,1843,987,2831,1293,1273,2563,4124,2648,6774,74,61,136,103,109,214,1147,1228,2381,976,413,1385,1069,2517,3592,967,2896,3861,313,66,374,374,699,1079,5017,7995,13015,82,6,82,886,389,1280,2349,34,2381,1384,23,1401,1005,23,1032,617,348,957,408,210,620,492,545,1045,7223,1576,8801,3,3,3,281,757,1032,577,3188,3771,293,968,1258,540,137,671,251,569,822,1943,5620,7566,7,6,10,306,1304,1611,11,482,496,207,1747,1958,152,1534,1681,345,1709,2058,232,173,410,529,739,1270,1793,7697,9493,3,10,8,515,400,910,1793,3015,4806,183,617,802,2498,4028,6525,82,4,87,722,94,816,619,30,652,1924,109,2035,402,45,451,3756,287,4038,209,28,234,629,1016,1650,750,16,768,781,520,1299,634,336,969,523,587,1113,749,312,1060,4267,2814,7084,276,137,411,209,154,357,31102,32964,64066
318,170,61,231,431,154,585,1313,414,1729,2944,1583,4526,1758,1941,3697,6610,4158,10768,94,118,215,184,181,370,1251,1648,2899,1604,732,2332,1245,3552,4793,1326,4260,5592,380,80,453,535,1061,1595,6625,11629,18253,146,8,155,1430,496,1925,3821,77,3897,1924,37,1963,2110,77,2189,890,566,1452,560,290,843,562,669,1230,11442,2211,13654,0,8,8,485,1237,1727,644,4569,5213,611,1732,2337,3184,535,3722,425,786,1216,5350,8863,14215,3,21,27,414,1885,2296,11,652,667,325,2698,3022,261,2291,2554,258,1994,2255,251,287,545,863,1163,2023,2389,11002,13383,8,6,18,632,656,1290,2214,4612,6829,281,1050,1333,3147,6325,9473,165,11,173,1191,150,1340,1103,48,1158,3012,287,3300,845,208,1058,6317,700,7021,333,55,383,808,1859,2662,1032,34,1071,815,249,1062,902,229,1131,836,919,1757,1419,583,2003,6146,3926,10070,531,283,809,365,258,625,48915,49355,98272
319,132,52,182,373,131,507,2860,1254,4119,2026,1147,3174,1974,2002,3977,7372,4582,11952,43,32,77,136,165,303,760,1033,1797,912,327,1240,1272,3436,4709,1192,3418,4608,215,41,264,417,773,1187,4949,9229,14180,102,7,103,949,442,1390,3319,46,3363,1601,27,1627,1460,30,1494,923,563,1482,580,327,908,606,774,1379,9531,2218,11747,0,3,4,425,1185,1604,936,5499,6434,410,1560,1966,839,208,1042,348,637,985,2954,9079,12036,3,22,23,260,1560,1825,15,647,663,213,2247,2464,159,1938,2095,230,1947,2183,311,339,647,512,696,1214,1712,9400,11109,3,12,18,636,631,1266,2463,4872,7333,314,1007,1323,3416,6520,9940,144,4,146,1290,150,1444,1379,52,1431,2740,184,2926,389,55,447,5945,443,6393,346,60,407,862,1959,2828,1002,30,1028,1546,800,2348,2130,787,2918,627,893,1523,1506,538,2040,8023,5065,13092,429,241,673,431,366,801,44757,47154,91920
397,0,0,0,0,0,0,0,0,0,3,3,5,0,0,0,3,3,9,0,0,0,0,0,0,0,0,0,52,0,54,0,0,0,0,0,0,0,0,0,0,0,0,56,0,53,0,0,0,0,0,0,6,0,6,3,0,3,7,0,7,10,3,9,0,0,0,3,0,3,30,3,36,0,0,0,0,0,0,0,0,0,0,3,3,7,0,7,3,4,4,6,8,15,0,0,0,0,0,0,0,0,0,0,0,0,0,0,0,0,0,0,0,0,0,4,3,10,9,3,13,0,0,0,0,0,0,0,0,0,0,0,3,0,0,3,0,0,0,14,0,14,0,0,0,3,0,3,0,0,0,18,0,14,0,0,0,0,0,0,3,0,3,0,0,0,0,0,0,0,0,0,46,3,49,52,4,52,4,0,4,0,0,0,175,26,202
399,169,44,214,284,139,423,365,112,472,3511,581,4088,863,439,1296,5187,1308,6495,49,37,91,699,433,1134,974,802,1777,1154,230,1378,629,1518,2143,495,960,1452,312,45,354,205,378,582,4529,4389,8918,271,7,280,1534,179,1717,2961,41,3000,19320,313,19635,5577,97,5672,244,106,347,2446,457,2904,759,524,1286,33121,1734,34854,3,4,4,193,488,676,522,3369,3892,153,305,463,782,146,922,994,1001,1992,2638,5321,7958,0,3,8,210,249,458,12,131,144,100,467,565,45,178,220,140,646,790,683,309,988,357,202,562,1549,2176,3721,7,13,16,932,556,1493,729,883,1611,210,1096,1300,1877,2544,4424,120,3,130,1824,91,1916,2318,45,2367,4068,319,4382,149,40,189,8475,505,8983,632,41,671,2521,4226,6747,7172,164,7342,354,125,476,2112,270,2381,87,106,195,3100,468,3567,15979,5405,21381,975,323,1296,477,343,825,74802,24039,98838
401,426,239,665,2066,909,2972,618,258,875,7945,6047,13985,4369,4126,8497,15419,11571,26997,563,629,1189,1178,916,2092,8509,9103,17613,5203,2948,8153,3271,6523,9791,3654,10138,13792,4863,1106,5966,2429,3494,5925,29672,34855,64526,162,24,185,3417,1511,4928,1773,29,1805,2556,34,2589,1724,49,1774,2506,1210,3711,891,530,1416,1225,1534,2760,14245,4927,19172,3,9,12,930,2836,3764,1304,6528,7836,2600,4551,7153,2621,662,3283,1011,2034,3048,8471,16621,25086,52,78,124,1744,5285,7026,88,2854,2939,1385,6068,7453,1499,6033,7530,2119,6644,8760,868,925,1791,1928,3173,5098,9663,31065,40727,19,32,50,1846,1526,3374,4190,7694,11885,768,1772,2541,6827,11018,17850,59,4,61,609,263,870,457,14,472,1638,90,1736,592,97,685,3347,472,3823,163,30,188,1579,2690,4267,1138,36,1174,868,627,1497,510,125,632,1666,1665,3331,1706,417,2120,7623,5591,13214,1144,1010,2152,598,542,1139,97016,117663,214679
402,204,79,280,779,158,937,896,399,1289,4466,1778,6245,2623,2092,4710,8955,4499,13456,145,92,233,162,153,316,1539,1456,2992,2024,484,2514,1884,4779,6661,1616,4380,5993,1220,176,1396,532,1121,1647,9127,12638,21763,205,10,218,1447,436,1876,4808,64,4872,2241,29,2269,1786,47,1830,1056,588,1651,909,420,1328,1090,1018,2112,13534,2621,16153,7,5,13,633,1911,2541,1119,6944,8062,392,1504,1896,2012,477,2492,492,1031,1525,4662,11873,16533,12,15,25,596,1636,2237,21,629,646,366,2297,2663,257,2154,2416,426,2301,2729,462,231,692,1085,931,2015,3222,10201,13423,15,16,27,1033,521,1555,3842,6636,10471,626,1880,2509,5513,9048,14564,115,12,126,1468,313,1782,1775,57,1830,4366,151,4522,2113,205,2318,9835,744,10584,238,32,268,1080,1608,2693,1319,25,1349,3561,1695,5251,756,280,1036,1184,1240,2424,1950,632,2585,10101,5512,15610,851,408,1257,434,347,780,66230,57891,124118
403,158,74,233,658,226,887,329,109,446,2732,1695,4428,2280,2004,4284,6166,4104,10268,131,204,332,250,254,507,1388,1556,2943,1471,735,2203,2036,4535,6571,1915,5850,7764,590,113,702,454,983,1434,8228,14230,22461,120,9,134,1026,550,1567,2211,39,2246,2310,51,2359,1434,31,1465,1123,572,1698,944,420,1360,986,1060,2048,10156,2721,12879,3,14,18,503,1846,2346,1322,6069,7394,689,1859,2547,682,192,873,591,1236,1826,3793,11215,15007,0,15,11,390,1621,2012,29,647,670,250,2036,2286,184,2101,2283,506,2244,2747,333,214,548,583,686,1272,2284,9562,11844,11,12,24,820,606,1427,3059,5307,8369,467,1461,1927,4352,7389,11736,61,3,67,709,191,903,420,11,429,1700,98,1796,645,69,713,3540,369,3907,128,24,154,918,1419,2342,829,20,851,1173,505,1677,491,154,641,1194,1044,2237,1629,395,2023,6360,3563,9921,440,279,723,263,222,491,45579,53655,99237
404,268,83,353,1220,271,1490,55,14,65,6058,2178,8236,2732,1954,4690,10345,4495,14840,74,64,144,263,223,493,2174,1941,4113,2512,702,3218,1157,2544,3703,1418,3549,4965,994,188,1185,374,893,1270,8970,10110,19080,306,11,314,2207,565,2767,5263,75,5337,2218,22,2244,3215,59,3275,1176,509,1680,632,292,922,1915,828,2740,16925,2366,19294,0,7,7,433,1310,1744,947,3925,4873,614,1594,2208,1373,355,1730,753,1122,1878,4131,8307,12434,12,15,34,878,2009,2892,24,702,723,461,2486,2950,268,2157,2421,717,2623,3339,1023,361,1390,1841,1257,3102,5228,11620,16850,28,12,44,1577,717,2294,3273,4759,8038,568,1441,2009,5450,6929,12387,197,16,209,1884,268,2156,1912,59,1973,5136,157,5288,2321,317,2638,11449,814,12263,214,15,234,1351,1549,2900,1248,18,1265,2885,1172,4058,280,50,332,878,905,1782,2255,390,2644,9121,4101,13226,812,398,1208,392,316,705,72821,49463,122287
405,38,25,66,183,66,254,3357,1022,4377,996,578,1575,852,892,1747,5433,2583,8017,11,20,27,51,73,120,363,416,782,579,221,795,492,1337,1828,297,1136,1429,68,19,87,104,210,320,1957,3432,5389,72,8,81,357,157,511,1477,22,1497,575,16,588,589,12,601,401,390,792,398,131,533,277,315,590,4152,1041,5192,0,0,0,93,673,768,174,1888,2058,175,772,945,206,52,257,101,227,333,747,3613,4366,3,7,12,106,545,650,4,287,291,73,872,950,36,540,576,92,920,1014,134,137,269,237,261,495,683,3574,4257,0,3,3,200,165,366,774,1825,2603,124,404,527,1101,2399,3498,63,0,63,740,71,809,706,22,723,1044,69,1113,200,28,229,2752,192,2946,118,30,152,311,953,1265,393,14,413,1220,518,1737,1195,374,1569,257,468,722,659,162,818,4154,2518,6678,243,94,333,148,144,291,21373,19585,40953
406,45,24,68,136,69,205,1659,530,2184,860,422,1279,701,730,1437,3408,1773,5178,10,15,24,44,82,131,311,356,665,672,142,816,419,1222,1649,303,1064,1369,46,14,55,131,329,467,1951,3230,5177,75,4,80,709,179,892,2025,24,2046,532,11,540,805,17,823,324,263,589,249,105,355,391,225,620,5109,826,5938,0,3,3,162,579,743,196,1593,1791,123,466,587,573,167,738,97,203,295,1146,3022,4165,3,4,4,123,474,596,5,235,237,64,703,767,46,554,605,63,699,763,79,113,191,228,269,493,613,3045,3662,3,4,4,111,135,246,694,1555,2248,100,409,512,913,2103,3014,107,5,108,2218,151,2370,465,17,483,1078,103,1185,154,33,190,4030,311,4341,91,10,104,335,903,1243,475,19,497,256,156,412,573,127,694,212,338,544,736,143,883,2683,1693,4377,299,140,438,158,130,284,20302,16278,36578
407,93,52,148,313,99,414,5013,1679,6693,1561,817,2376,1520,1608,3125,8500,4251,12753,17,13,23,99,117,218,661,671,1335,704,317,1025,698,2240,2937,540,1968,2503,104,19,124,243,500,748,3060,5841,8907,80,3,80,507,214,723,2491,39,2525,1194,21,1216,899,17,919,679,536,1217,723,271,994,429,500,935,7003,1596,8603,3,3,4,250,968,1221,397,3381,3782,289,1193,1482,574,144,715,210,484,691,1728,6171,7896,3,9,9,160,973,1135,3,461,465,128,1538,1672,57,1005,1061,144,1546,1690,215,240,457,344,491,834,1056,6264,7316,3,0,7,433,322,752,1694,3478,5167,232,890,1116,2359,4690,7051,87,6,87,833,104,940,1339,40,1381,1925,133,2058,327,97,425,4513,378,4891,171,35,201,471,1576,2044,601,14,616,2169,1062,3234,2740,892,3635,465,666,1128,1054,258,1309,7667,4507,12172,379,175,552,261,205,461,36509,34084,70596
497,0,0,0,0,0,0,0,0,0,3,0,3,0,0,0,3,0,3,0,0,0,0,0,0,0,0,0,9,0,12,0,0,0,0,0,0,0,0,0,0,0,0,9,0,12,0,0,0,0,0,0,8,0,8,0,0,0,0,0,0,0,0,0,0,0,0,5,0,5,14,0,14,0,0,0,0,0,0,0,0,0,0,0,0,0,0,0,0,0,0,3,0,3,0,0,0,0,0,0,0,0,0,0,0,0,0,0,0,0,0,0,0,0,0,0,0,0,0,0,0,0,0,0,0,0,0,0,0,0,0,0,0,0,0,0,0,0,0,0,0,0,0,0,0,0,0,0,0,0,0,7,0,7,0,0,0,0,0,0,0,0,0,0,0,0,0,0,0,0,0,0,18,0,23,23,0,19,0,0,0,0,0,0,62,3,64
499,45,9,51,81,47,126,281,62,341,1090,174,1259,252,108,363,1736,398,2139,15,16,33,203,101,305,262,250,516,265,68,338,295,518,812,213,483,698,98,6,108,85,199,284,1425,1647,3071,123,0,123,462,75,541,736,16,749,6466,86,6554,2067,22,2087,60,40,95,1357,175,1528,265,157,421,11538,564,12101,0,0,0,137,358,496,328,1967,2292,42,78,117,361,48,411,329,253,579,1193,2705,3898,0,0,0,44,50,94,5,40,47,34,112,149,22,69,89,21,176,201,400,139,540,98,54,159,632,644,1273,0,3,4,271,159,431,251,282,530,103,431,536,618,877,1496,32,0,32,408,17,428,571,8,579,1271,52,1323,28,7,43,2313,88,2402,118,11,127,1033,1646,2686,2028,46,2076,109,36,141,881,153,1035,29,46,68,1046,129,1173,5240,2062,7300,318,95,411,138,82,215,25152,9161,34311
501,88,49,133,341,124,466,1846,815,2663,1845,913,2758,1470,1751,3227,5590,3655,9243,19,30,54,148,158,309,787,879,1661,1199,450,1645,808,2456,3269,668,2103,2779,166,29,196,221,537,758,4016,6654,10669,129,8,138,1166,436,1604,3138,53,3185,1671,24,1693,1316,26,1347,800,474,1276,598,326,929,657,643,1303,9478,1991,11471,0,6,11,138,693,833,272,3309,3583,280,1309,1589,486,121,604,229,735,963,1399,6180,7579,0,7,7,249,1100,1345,9,421,424,126,1495,1617,97,1482,1581,150,1716,1872,185,265,448,365,516,876,1176,6998,8178,3,4,10,482,478,961,1447,3683,5131,225,853,1081,2159,5017,7177,143,6,148,1986,178,2164,937,36,967,1922,193,2106,312,56,376,5299,464,5769,126,28,153,559,1687,2243,808,31,837,1143,591,1731,1107,428,1536,493,670,1160,1078,510,1584,5315,3943,9256,434,191,624,252,202,453,35121,35298,70419
502,37,14,51,123,45,172,118,51,166,508,330,835,546,667,1213,1325,1111,2438,6,12,23,57,61,114,240,388,630,262,122,390,365,1158,1524,296,952,1246,52,11,58,71,250,322,1351,2955,4306,35,0,35,332,149,488,1027,18,1045,823,15,840,390,14,400,254,200,452,272,138,410,192,329,527,3322,869,4194,0,3,3,76,302,373,130,1774,1908,140,617,753,230,59,296,103,381,487,683,3132,3818,0,3,3,75,421,488,4,185,193,35,533,567,34,613,646,61,644,705,83,89,176,101,203,310,388,2692,3081,0,7,7,174,256,434,716,1731,2448,132,518,647,1021,2509,3531,32,3,30,535,72,606,196,5,204,597,128,721,101,32,132,1462,236,1702,43,5,51,215,595,808,353,7,358,72,29,106,159,46,204,284,351,637,493,257,746,1613,1294,2908,155,91,240,76,81,157,11412,14970,26378
503,555,279,840,2668,905,3576,58,34,93,11535,7036,18572,3830,3977,7807,18649,12231,30883,748,922,1665,866,844,1713,12094,12699,24798,11544,4633,16178,2426,4881,7312,3946,12857,16804,6083,1366,7450,2992,4387,7378,40706,42594,83294,250,50,298,4597,1827,6423,1644,37,1681,2342,32,2381,1806,62,1869,2591,1040,3627,548,313,857,1206,1274,2478,14984,4636,19613,3,10,15,480,1708,2180,1213,5025,6235,2208,3787,5997,2622,580,3208,1272,2188,3462,7791,13295,21091,38,81,118,2537,5013,7548,109,3613,3719,1270,5611,6876,1034,5700,6737,2241,6970,9210,540,1026,1564,2032,3433,5462,9803,31439,41244,20,17,37,1813,1914,3722,2586,5053,7640,462,1209,1673,4883,8190,13074,40,0,40,1283,372,1655,224,12,235,1452,132,1588,398,62,465,3391,584,3975,169,31,198,1613,2447,4058,1167,40,1208,286,193,477,168,35,202,1358,1286,2649,1382,361,1739,6144,4384,10526,1445,1068,2512,621,534,1158,108423,118955,227378
504,182,67,244,795,164,960,223,99,328,3629,1492,5124,2038,1684,3716,6867,3505,10376,47,43,94,221,205,428,1462,1260,2723,1383,498,1885,1060,2926,3988,713,1994,2706,525,72,600,333,672,1009,5750,7677,13429,185,5,191,1227,408,1635,4892,57,4949,2244,48,2294,1724,37,1760,978,474,1455,594,422,1018,1165,851,2009,13010,2293,15304,3,3,7,288,782,1067,494,3831,4327,425,1294,1719,1339,410,1750,420,842,1254,2966,7166,10132,7,7,12,360,1375,1734,12,542,553,285,1770,2057,175,1566,1741,327,2245,2572,452,231,681,978,840,1816,2598,8576,11171,10,12,23,935,550,1480,2509,4373,6882,330,1189,1520,3784,6119,9910,151,5,153,1288,262,1551,990,51,1044,3239,221,3457,1204,247,1457,6872,787,7659,186,17,204,783,1137,1918,1136,33,1170,1094,656,1752,438,224,662,743,833,1575,1524,556,2086,5905,3459,9367,608,308,915,292,252,544,48661,40150,88807
505,300,150,445,1422,355,1778,291,145,437,5864,2928,8796,3469,3172,6637,11350,6749,18100,114,162,272,544,538,1081,3250,3217,6463,2316,1084,3405,2433,7293,9726,1544,4871,6409,1481,314,1791,584,1338,1921,12266,18817,31085,240,23,262,2675,989,3663,3623,59,3677,5219,72,5290,3549,68,3616,1611,791,2395,1103,582,1689,1569,1843,3407,19580,4425,24001,3,5,8,449,1543,1993,844,8531,9377,884,2661,3540,1364,343,1709,990,2094,3086,4530,15183,19713,4,27,36,826,2759,3581,35,1218,1256,461,3608,4066,410,3819,4227,635,4572,5204,597,483,1082,1204,1372,2575,4167,17863,22027,22,29,53,1925,1405,3325,4921,9102,14029,843,2441,3287,7710,12977,20686,110,4,115,1201,289,1490,807,31,839,3227,248,3480,1198,231,1423,6549,801,7352,224,35,260,1567,2169,3731,1877,57,1932,1337,853,2195,675,280,957,1465,1327,2791,2451,968,3416,9600,5683,15281,898,572,1475,502,427,927,77151,83492,160642
506,429,140,569,1822,363,2185,352,137,494,8751,3453,12205,4168,3235,7411,15527,7330,22858,331,279,615,328,282,614,4097,3698,7790,4325,1389,5709,2888,6725,9616,1510,3972,5479,1730,285,2014,680,1288,1965,15898,17911,33808,402,20,424,3734,1159,4890,8489,117,8609,4518,83,4596,3902,72,3970,1751,896,2645,1143,692,1835,1484,1350,2833,25431,4379,29806,3,16,18,620,1465,2091,976,8179,9155,1766,3332,5091,2542,633,3173,933,2281,3218,6843,15902,22743,6,33,39,1170,2947,4118,24,1196,1227,594,4127,4724,409,3347,3752,746,4644,5395,1525,843,2368,2729,2304,5028,7206,19442,26648,29,21,55,2222,1384,3610,4710,7265,11979,928,2738,3667,7894,11416,19305,290,20,304,2921,430,3359,3074,238,3309,7383,488,7868,3297,782,4081,16957,1963,18924,346,47,393,1977,2762,4741,2101,54,2158,1881,1009,2891,735,330,1067,1727,1397,3126,3192,954,4150,11970,6553,18523,1322,660,1982,696,498,1195,109730,86062,195786
507,335,109,445,1326,299,1628,162,61,216,5903,2540,8443,3047,3018,6068,10770,6024,16798,151,169,314,360,433,795,2483,2543,5025,3478,1333,4816,2077,5621,7706,2359,7181,9540,791,181,964,560,1274,1831,12260,18729,30986,542,26,571,2824,1123,3950,5921,78,5998,3556,68,3624,3067,104,3176,1538,714,2255,841,606,1443,1988,1434,3424,20280,4160,24437,0,7,7,381,1457,1830,765,6931,7704,917,2462,3384,1858,437,2297,816,1827,2642,4741,13120,17860,4,14,18,848,2399,3249,23,982,1005,382,3113,3496,219,3111,3332,503,3377,3884,400,412,817,1429,1447,2881,3818,14863,18683,11,15,30,1150,1110,2259,3506,7403,10904,695,2064,2756,5357,10600,15951,228,7,235,2295,314,2610,1180,59,1242,3578,267,3841,1428,290,1714,8704,944,9647,255,41,294,1293,2249,3539,1597,29,1623,1299,780,2079,435,286,716,1380,1270,2654,2598,837,3432,8853,5489,14344,1061,522,1578,504,369,877,76353,74813,151165
509,65,43,109,269,106,375,5879,2182,8059,1226,748,1978,1089,1203,2296,8534,4281,12816,12,30,47,66,85,150,551,561,1113,772,332,1103,582,1724,2302,435,1379,1822,77,12,84,194,398,588,2695,4523,7212,64,3,67,699,222,913,2658,43,2701,924,27,947,786,23,806,410,399,808,637,277,914,256,378,636,6422,1366,7789,0,5,10,103,565,665,296,2431,2730,117,667,780,603,141,741,129,309,436,1248,4115,5364,0,12,11,137,729,868,7,400,407,79,1154,1235,46,871,910,98,1387,1483,138,220,352,247,296,547,755,5065,5816,0,5,10,289,273,564,976,1962,2937,141,416,550,1396,2659,4054,105,12,114,1425,173,1596,1047,41,1090,1617,287,1903,175,42,215,4369,554,4917,125,23,145,401,1163,1564,584,27,613,702,304,999,1656,591,2247,189,443,624,869,278,1144,4518,2830,7348,329,143,473,252,196,441,30511,25723,56235
510,105,44,148,290,120,415,223,73,295,2401,844,3246,933,882,1814,3944,1970,5909,31,31,60,81,84,167,541,594,1132,3280,514,3793,543,1360,1904,769,1278,2048,120,17,140,209,426,631,5574,4303,9876,292,11,300,3648,436,4079,9157,119,9274,1288,14,1305,4227,100,4321,703,316,1021,403,127,530,810,247,1060,20525,1366,21891,0,9,8,249,499,743,238,1349,1589,189,583,766,869,258,1121,208,325,532,1746,3014,4760,9,11,18,404,732,1140,6,201,207,115,1216,1327,50,600,653,68,650,720,78,183,260,778,478,1252,1507,4076,5584,0,0,0,99,217,322,525,1106,1632,64,300,362,689,1630,2313,194,26,221,6854,790,7649,1081,99,1180,3219,758,3979,628,115,740,11982,1790,13771,130,38,170,580,1590,2164,3344,75,3422,244,50,291,409,124,536,271,329,597,1512,273,1781,6485,2476,8960,877,188,1066,277,200,481,53603,21013,74614
511,83,43,124,332,81,409,1670,683,2350,1689,765,2458,993,1116,2110,4763,2688,7452,30,23,50,68,94,163,503,654,1154,1735,460,2193,578,1679,2264,561,1386,1948,89,27,115,187,385,572,3754,4706,8462,126,9,130,1606,408,2010,4574,56,4630,910,13,924,1551,34,1586,496,356,849,370,179,550,312,326,639,9936,1383,11320,0,3,3,141,536,685,184,2006,2188,133,740,874,679,198,881,120,441,564,1268,3928,5194,3,8,15,206,872,1082,0,343,339,77,1260,1337,58,957,1010,83,1125,1207,132,161,290,396,368,765,957,5091,6051,3,3,3,205,282,488,892,2054,2943,164,562,723,1261,2902,4159,138,8,147,4484,372,4861,783,69,854,2159,402,2567,352,91,441,7926,942,8864,134,23,155,364,1393,1760,978,43,1021,197,92,285,640,201,837,288,454,736,1148,310,1459,3743,2507,6254,480,189,670,250,162,408,34343,24500,58839
597,0,0,0,0,0,0,8,0,9,53,5,62,21,4,24,84,10,89,3,0,3,0,0,0,4,0,8,251,11,264,0,0,0,20,7,25,3,0,3,0,0,0,281,13,301,27,0,27,80,5,85,139,0,139,16,0,16,63,0,65,61,6,72,3,0,3,122,4,121,514,21,531,0,0,0,3,0,3,0,0,0,4,4,11,3,0,7,12,8,23,27,18,41,0,0,0,0,0,0,0,0,0,0,0,3,0,0,0,0,0,0,0,0,0,20,3,23,22,9,30,0,0,0,0,0,0,0,0,0,0,0,0,0,0,0,0,0,0,161,0,167,3,0,3,9,0,9,4,0,4,185,0,188,4,0,4,15,16,28,163,0,165,0,0,0,0,0,0,7,3,11,166,5,167,361,26,379,19,3,22,9,3,11,1495,99,1595
599,74,24,103,137,65,202,175,44,219,1229,250,1477,403,251,649,2015,631,2643,28,29,56,251,190,442,394,371,759,872,156,1027,279,637,911,264,565,834,132,20,156,115,278,395,2330,2247,4577,177,7,187,960,134,1092,2333,34,2368,11053,203,11257,2997,34,3034,191,62,252,1481,352,1829,432,286,721,19625,1113,20738,0,3,3,95,294,393,277,2163,2433,83,165,246,412,81,491,412,564,983,1279,3269,4549,3,0,3,104,115,216,8,59,63,56,214,267,24,111,133,63,354,416,446,198,640,177,107,284,871,1158,2026,0,7,10,369,300,668,274,421,692,96,576,664,738,1300,2034,71,0,73,1809,115,1921,994,24,1017,2537,236,2773,103,13,118,5517,385,5905,243,18,260,1234,2251,3490,3502,87,3590,154,36,195,1008,188,1198,57,79,134,1721,213,1935,7928,2874,10798,534,163,688,234,177,417,41065,13312,54379
601,163,100,267,810,324,1127,313,83,393,3384,1999,5378,2175,1847,4025,6841,4358,11198,231,227,456,418,403,821,2179,2390,4569,2024,930,2954,1609,3346,4955,1462,4207,5675,1128,205,1331,699,1261,1965,9754,12978,22732,129,11,140,1483,507,1988,2163,29,2192,2248,23,2267,1450,26,1480,1293,552,1839,582,295,876,749,873,1628,10095,2312,12406,3,3,7,343,1084,1428,972,4662,5634,840,1927,2767,1166,377,1545,568,963,1527,3899,9008,12902,35,36,69,789,1919,2705,32,798,835,536,2352,2893,575,2639,3218,586,2084,2674,460,359,818,945,1093,2046,3953,11289,15242,5,5,16,759,554,1314,2632,4579,7211,374,1021,1398,3772,6167,9933,55,0,56,795,150,947,541,24,566,2175,133,2307,595,83,671,4164,390,4552,162,23,189,933,1792,2722,804,4,812,855,372,1225,338,110,448,895,811,1710,1159,409,1568,5145,3524,8669,658,510,1165,293,254,549,48574,50786,99359
602,77,41,117,336,123,459,1291,437,1729,1739,787,2524,1223,1125,2353,4669,2511,7176,44,42,85,155,127,282,827,741,1572,766,291,1054,872,1894,2763,741,2348,3085,240,29,274,267,517,785,3914,5994,9906,90,3,95,659,287,943,1603,21,1621,1011,16,1030,908,18,923,603,371,979,490,199,687,397,558,952,5756,1473,7234,0,0,0,237,660,901,442,2682,3120,336,1109,1439,425,109,531,267,438,705,1700,5001,6699,8,10,20,239,798,1040,11,393,402,153,1164,1316,126,1204,1333,261,1228,1491,226,182,411,426,446,874,1458,5428,6883,4,0,8,459,284,742,1496,3006,4507,214,508,724,2173,3804,5981,66,3,68,886,86,965,695,20,722,1519,90,1612,547,61,611,3715,265,3979,133,37,166,499,1245,1748,413,3,409,774,305,1080,811,271,1082,404,626,1027,672,221,897,3706,2708,6409,326,196,521,194,157,346,27611,27521,55131
603,11,9,22,55,29,81,721,186,912,240,109,346,240,268,512,1270,597,1867,13,3,16,56,49,105,57,70,125,170,62,228,90,302,393,57,150,203,25,10,29,28,45,67,488,682,1168,8,0,9,97,30,129,220,3,225,205,3,208,88,0,89,137,107,242,150,32,186,102,72,178,1006,252,1254,0,0,3,17,60,76,30,358,382,76,257,329,33,4,36,55,71,128,207,748,959,0,0,0,10,86,97,0,52,52,15,128,144,10,124,132,21,205,218,32,40,69,41,48,92,124,675,804,0,0,0,36,40,79,135,360,498,17,64,84,192,465,660,12,0,12,144,16,157,188,0,192,195,21,211,19,5,23,552,39,600,27,0,31,83,292,383,88,5,89,199,164,369,490,110,600,32,87,119,159,45,207,1084,712,1797,62,24,87,51,25,75,5039,4228,9266
604,50,17,71,213,62,275,1163,427,1594,1228,502,1727,799,836,1638,3451,1851,5305,24,18,39,81,66,143,432,455,886,579,164,741,495,1319,1816,449,1303,1750,101,23,123,167,378,547,2315,3723,6044,88,8,92,558,184,740,1864,13,1878,894,17,909,708,11,728,439,320,754,280,141,420,225,400,626,5055,1086,6137,0,3,3,160,561,718,361,2157,2522,175,790,964,266,90,361,147,315,456,1111,3918,5029,6,12,24,168,587,755,5,289,295,100,885,981,143,882,1018,128,772,898,130,178,310,312,313,632,995,3910,4906,0,4,3,210,195,401,1050,2461,3513,97,417,516,1357,3075,4436,85,0,86,881,92,976,683,24,701,1331,121,1446,227,31,261,3216,265,3480,91,15,105,337,1047,1382,346,8,358,1044,612,1654,728,339,1059,243,538,773,768,196,962,3539,2760,6303,311,169,480,157,143,303,21511,20905,42416
697,0,0,0,0,0,0,0,0,0,0,0,0,0,0,0,3,0,3,0,0,0,0,0,0,0,0,0,10,0,10,0,0,0,0,0,0,0,0,0,0,0,0,10,0,10,0,0,0,0,0,0,0,0,0,0,0,0,5,0,5,0,0,0,0,0,0,3,0,3,8,0,8,0,0,0,0,0,0,0,0,0,0,0,3,0,0,0,3,0,3,7,4,3,0,0,0,0,0,0,0,0,0,0,0,0,0,0,0,0,0,0,0,0,0,0,0,0,0,0,0,0,0,0,0,0,0,0,0,0,0,0,0,0,0,0,0,0,0,5,0,5,0,0,0,0,0,0,0,0,0,5,0,5,0,0,0,0,0,0,3,0,3,0,0,0,0,0,0,0,0,0,23,0,22,24,0,23,0,0,0,0,0,0,53,4,55
699,3,0,8,22,4,30,73,14,81,554,31,582,64,18,84,721,73,790,7,3,11,45,22,63,59,50,105,143,18,155,41,81,130,28,87,116,21,0,21,22,46,64,358,312,674,29,0,29,131,14,145,224,6,234,1572,18,1590,433,7,439,25,13,31,336,70,405,73,27,96,2809,151,2961,0,0,0,27,60,79,91,616,711,15,32,42,77,18,92,65,59,123,270,784,1049,0,0,0,13,16,25,0,3,3,11,29,40,3,16,17,6,39,47,60,46,106,14,10,28,99,169,266,0,0,0,89,33,126,57,68,122,16,83,102,169,189,353,18,0,18,129,3,135,315,3,325,420,25,445,5,0,10,901,34,932,37,0,37,189,471,660,435,9,448,34,13,44,245,37,288,14,10,21,345,43,390,1306,584,1892,92,38,134,59,33,88,6784,2349,9138
701,161,99,262,611,265,877,153,83,240,3052,1864,4914,1307,1296,2602,5282,3608,8887,73,121,193,170,193,366,1150,1830,2982,1946,567,2513,703,2113,2813,956,2434,3397,509,139,650,435,822,1265,5947,8226,14170,224,13,239,1607,348,1954,3482,56,3541,1664,30,1692,2745,63,2807,728,357,1086,374,191,560,623,372,990,11450,1434,12881,6,6,14,301,619,921,396,2159,2559,405,1036,1438,2532,494,3026,284,524,803,3921,4835,8762,0,21,22,601,1532,2140,15,483,503,389,1941,2330,204,1262,1469,262,1578,1838,261,319,578,694,895,1589,2436,8031,10465,4,3,9,387,492,880,1348,2191,3537,221,542,762,1966,3233,5200,53,11,59,804,70,872,539,40,579,1764,154,1917,579,108,683,3737,379,4113,99,13,112,575,1146,1722,1461,33,1497,306,104,404,203,59,268,514,411,928,983,285,1267,4142,2054,6198,593,331,931,294,226,515,39765,32357,72120
702,69,33,106,240,134,372,293,121,416,1052,707,1764,717,601,1322,2376,1600,3974,31,42,71,126,142,265,379,537,917,934,274,1205,575,1431,2001,496,1530,2029,156,14,170,302,461,759,3003,4418,7422,73,3,79,451,114,559,1356,26,1385,584,31,613,694,14,708,363,316,675,258,56,319,162,85,246,3943,643,4586,3,4,4,476,684,1162,451,1580,2025,223,384,603,900,205,1109,258,216,471,2299,3077,5377,3,8,6,218,571,783,6,163,167,153,769,923,74,529,600,63,491,562,84,132,221,264,287,546,859,2945,3809,0,3,3,80,121,203,479,783,1264,105,256,359,664,1162,1827,51,3,54,781,78,857,270,20,294,724,93,817,178,25,209,2007,220,2230,198,26,219,421,647,1072,383,7,393,60,32,98,552,191,748,158,193,347,577,93,671,2352,1184,3535,409,168,576,266,245,513,18194,15663,33860
797,0,0,0,0,0,0,0,0,0,7,0,7,3,0,3,8,0,8,0,0,0,0,0,0,0,0,0,16,4,20,0,0,0,0,0,0,0,0,0,0,0,0,15,5,19,0,0,0,0,0,0,3,0,3,5,0,5,3,0,3,3,0,3,0,0,0,8,0,8,31,0,31,0,0,0,0,0,0,0,0,0,0,0,0,0,0,0,0,0,0,0,0,0,0,0,0,0,0,0,0,0,0,0,0,0,0,0,0,0,0,0,0,0,0,0,0,0,0,0,0,0,0,0,0,0,0,0,0,0,0,0,0,0,0,0,0,0,0,3,0,3,0,0,0,0,0,0,0,0,0,4,0,4,0,0,0,0,0,0,0,0,0,0,0,0,0,0,0,0,0,0,19,3,22,20,0,25,0,0,0,0,0,0,85,8,91
799,6,3,10,12,3,17,10,0,10,125,19,150,23,24,44,181,50,234,0,0,0,26,27,58,29,28,53,85,15,97,22,42,66,18,45,58,9,0,6,8,20,24,196,176,367,10,0,9,99,12,108,185,0,187,514,6,523,333,9,341,8,9,21,50,16,68,36,16,56,1236,74,1305,0,0,0,14,21,36,12,65,78,10,10,22,67,11,78,49,32,83,157,138,292,0,0,0,19,9,30,0,8,8,9,39,44,0,8,11,6,30,39,12,15,24,18,4,25,68,122,186,0,0,0,17,19,36,24,32,59,8,18,26,50,66,114,8,0,8,97,9,100,74,3,79,157,10,164,9,0,8,346,18,362,14,0,19,64,137,195,275,4,279,20,3,17,33,6,43,9,10,19,101,13,120,515,177,690,64,17,81,32,14,46,2830,849,3679
801,587,420,1013,2051,991,3038,82,30,112,13826,10933,24760,4007,3282,7283,20552,15651,36204,1320,1231,2546,860,888,1747,9643,11755,21407,4162,2105,6264,3259,6798,10060,2282,6532,8822,9424,2218,11638,1892,3396,5289,32842,34924,67768,197,36,228,3244,1231,4477,2082,35,2121,3136,37,3179,2333,112,2438,2109,640,2749,958,490,1451,1021,1127,2151,15086,3698,18788,4,4,11,569,1344,1913,1473,6647,8120,2219,3265,5486,3540,902,4439,1190,1879,3069,8994,14037,23029,72,110,181,3425,6840,10263,180,2697,2884,3146,7390,10538,912,3523,4436,1220,3782,4997,1006,710,1719,2001,2519,4519,11973,27564,39535,16,28,44,1010,957,1968,4459,6372,10838,687,1423,2112,6179,8777,14959,63,0,66,431,117,549,440,15,457,2815,180,2993,590,69,660,4345,382,4730,136,19,150,1722,1720,3442,1210,21,1232,344,128,466,260,82,339,1533,893,2425,1636,353,1988,6845,3214,10054,2449,2063,4508,596,476,1072,109850,110801,220648
897,0,0,0,0,0,0,0,0,0,0,0,0,0,0,0,0,0,0,0,0,0,0,0,0,0,0,0,0,0,0,0,0,0,0,0,0,0,0,0,0,0,0,0,0,0,0,0,0,0,0,0,0,0,0,0,0,0,0,0,0,0,0,0,0,0,0,0,0,0,0,0,0,0,0,0,0,0,0,0,0,0,0,0,0,0,0,0,0,0,0,0,0,0,0,0,0,0,0,0,0,0,0,0,0,0,0,0,0,0,0,0,0,0,0,0,0,0,0,0,0,0,0,0,0,0,0,0,0,0,0,0,0,0,0,0,0,0,0,0,0,0,0,0,0,0,0,0,0,0,0,0,0,0,0,0,0,0,0,0,0,0,0,0,0,0,0,0,0,0,0,0,0,0,0,0,0,0,0,0,0,0,0,0,0,0,0
899,18,6,22,17,7,25,3,0,3,302,48,353,62,18,81,400,81,480,10,9,22,46,38,82,92,74,168,55,14,71,89,142,240,32,55,84,112,13,128,22,40,61,462,384,850,17,0,17,117,18,138,59,0,62,1452,8,1462,468,5,476,9,3,14,263,31,290,44,30,77,2436,100,2538,0,0,0,28,39,65,74,324,398,13,22,37,85,16,97,96,67,164,297,463,762,0,0,0,26,27,58,3,10,11,28,46,75,4,20,29,15,26,38,26,12,35,25,34,56,126,170,294,0,0,0,44,39,84,55,47,98,11,74,92,112,162,272,3,0,3,54,3,51,72,0,73,254,15,270,0,0,0,388,17,401,21,3,20,165,208,375,423,5,429,11,5,19,53,3,56,9,10,14,126,8,133,804,241,1050,92,34,132,26,22,46,5137,1683,6819
901,15,4,19,25,6,32,12,3,15,162,66,230,83,85,167,300,171,469,3,0,4,6,10,16,45,32,74,72,15,86,22,71,99,20,47,69,12,3,16,14,15,26,191,198,393,11,0,11,37,9,45,80,4,85,86,0,86,62,0,62,34,27,60,52,3,55,13,20,34,375,63,435,0,0,0,5,13,18,9,74,77,16,53,73,136,31,170,20,53,74,190,218,410,0,0,0,13,39,54,0,12,9,14,50,66,6,24,33,3,53,58,3,5,10,34,29,63,71,221,291,0,0,0,3,9,14,28,74,104,3,15,25,30,100,134,14,0,10,51,0,52,43,0,44,28,5,41,17,0,21,155,14,165,8,0,8,27,109,128,42,0,42,10,3,12,22,3,32,9,15,28,66,5,75,184,136,319,43,19,58,6,10,21,1545,1145,2692
997,0,0,0,0,0,0,0,0,0,0,0,0,0,0,0,0,0,0,0,0,0,0,0,0,0,0,0,0,0,0,0,0,0,0,0,0,0,0,0,0,0,0,0,0,0,0,0,0,0,0,0,0,0,0,0,0,0,0,0,0,0,0,0,0,0,0,0,0,0,0,0,0,0,0,0,0,0,0,0,0,0,0,0,0,0,0,0,0,0,0,0,0,0,0,0,0,0,0,0,0,0,0,0,0,0,0,0,0,0,0,0,0,0,0,0,0,0,0,0,0,0,0,0,0,0,0,0,0,0,0,0,0,0,0,0,0,0,0,0,0,0,0,0,0,0,0,0,0,0,0,0,0,0,0,0,0,0,0,0,0,0,0,0,0,0,0,0,0,0,0,0,0,0,0,0,0,0,0,0,0,0,0,0,0,0,0
999,0,0,0,3,4,5,0,0,0,11,3,19,5,0,5,19,10,26,0,0,0,0,0,0,5,5,5,15,0,15,0,4,4,0,0,0,3,5,4,0,0,3,23,10,33,0,0,0,8,0,8,3,0,3,3,0,3,3,0,3,0,0,0,0,0,0,0,0,0,17,0,18,0,0,0,0,0,0,0,0,0,0,0,0,3,0,3,0,0,0,3,0,3,0,0,0,4,0,4,0,0,0,0,3,3,0,0,0,0,0,0,0,0,0,4,0,4,5,3,7,0,0,0,0,0,0,3,0,3,0,0,0,3,0,3,0,0,0,3,0,3,0,0,0,0,0,0,0,0,0,3,0,3,0,0,0,0,3,3,0,0,0,0,0,0,0,0,0,0,0,0,0,0,0,4,7,6,3,0,7,0,3,3,83,32,118