SA4_CODE_2016,Lab_1000_1249_H_0,Lab_1000_1249_H_1_15,Lab_1000_1249_H_16_24,Lab_1000_1249_H_25_34,Lab_1000_1249_H_35_39,Lab_1000_1249_H_40,Lab_1000_1249_H_41_48,Lab_1000_1249_H_49mo,Lab_1000_1249_H_NS,Lab_1000_1249_H_Tot,Lab_1250_1499_H_0,Lab_1250_1499_H_1_15,Lab_1250_1499_H_16_24,Lab_1250_1499_H_25_34,Lab_1250_1499_H_35_39,Lab_1250_1499_H_40,Lab_1250_1499_H_41_48,Lab_1250_1499_H_49mo,Lab_1250_1499_H_NS,Lab_1250_1499_H_Tot,Lab_1500_1749_H_0,Lab_1500_1749_H_1_15,Lab_1500_1749_H_16_24,Lab_1500_1749_H_25_34,Lab_1500_1749_H_35_39,Lab_1500_1749_H_40,Lab_1500_1749_H_41_48,Lab_1500_1749_H_49mo,Lab_1500_1749_H_NS,Lab_1500_1749_H_Tot,Lab_1750_1999_H_0,Lab_1750_1999_H_1_15,Lab_1750_1999_H_16_24,Lab_1750_1999_H_25_34,Lab_1750_1999_H_35_39,Lab_1750_1999_H_40,Lab_1750_1999_H_41_48,Lab_1750_1999_H_49mo,Lab_1750_1999_H_NS,Lab_1750_1999_H_Tot,Lab_2000_2999_H_0,Lab_2000_2999_H_1_15,Lab_2000_2999_H_16_24,Lab_2000_2999_H_25_34,Lab_2000_2999_H_35_39,Lab_2000_2999_H_40,Lab_2000_2999_H_41_48,Lab_2000_2999_H_49mo,Lab_2000_2999_H_NS,Lab_2000_2999_H_Tot,Lab_3000mo_H_0,Lab_3000mo_H_1_15,Lab_3000mo_H_16_24,Lab_3000mo_H_25_34,Lab_3000mo_H_35_39,Lab_3000mo_H_40,Lab_3000mo_H_41_48,Lab_3000mo_H_49mo,Lab_3000mo_H_NS,Lab_3000mo_H_Tot,Lab_PINS_H_0,Lab_PINS_H_1_15,Lab_PINS_H_16_24,Lab_PINS_H_25_34,Lab_PINS_H_35_39,Lab_PINS_H_40,Lab_PINS_H_41_48,Lab_PINS_H_49mo,Lab_PINS_H_NS,Lab_PINS_H_Tot,Lab_Tot_H_0,Lab_Tot_H_1_15,Lab_Tot_H_16_24,Lab_Tot_H_25_34,Lab_Tot_H_35_39,Lab_Tot_H_40,Lab_Tot_H_41_48,Lab_Tot_H_49mo,Lab_Tot_H_NS,Lab_Tot_H_Tot,OIDNS_NNI_H_0,OIDNS_NNI_H_1_15,OIDNS_NNI_H_16_24,OIDNS_NNI_H_25_34,OIDNS_NNI_H_35_39,OIDNS_NNI_H_40,OIDNS_NNI_H_41_48,OIDNS_NNI_H_49mo,OIDNS_NNI_H_NS,OIDNS_NNI_H_Tot,OIDNS_1_149_H_0,OIDNS_1_149_H_1_15,OIDNS_1_149_H_16_24,OIDNS_1_149_H_25_34,OIDNS_1_149_H_35_39,OIDNS_1_149_H_40,OIDNS_1_149_H_41_48,OIDNS_1_149_H_49mo,OIDNS_1_149_H_NS,OIDNS_1_149_H_Tot,OIDNS_150_299_H_0,OIDNS_150_299_H_1_15,OIDNS_150_299_H_16_24,OIDNS_150_299_H_25_34,OIDNS_150_299_H_35_39,OIDNS_150_299_H_40,OIDNS_150_299_H_41_48,OIDNS_150_299_H_49mo,OIDNS_150_299_H_NS,OIDNS_150_299_H_Tot,OIDNS_300_399_H_0,OIDNS_300_399_H_1_15,OIDNS_300_399_H_16_24,OIDNS_300_399_H_25_34,OIDNS_300_399_H_35_39,OIDNS_300_399_H_40,OIDNS_300_399_H_41_48,OIDNS_300_399_H_49mo,OIDNS_300_399_H_NS,OIDNS_300_399_H_Tot,OIDNS_400_499_H_0,OIDNS_400_499_H_1_15,OIDNS_400_499_H_16_24,OIDNS_400_499_H_25_34,OIDNS_400_499_H_35_39,OIDNS_400_499_H_40,OIDNS_400_499_H_41_48,OIDNS_400_499_H_49mo,OIDNS_400_499_H_NS,OIDNS_400_499_H_Tot,OIDNS_500_649_H_0,OIDNS_500_649_H_1_15,OIDNS_500_649_H_16_24,OIDNS_500_649_H_25_34,OIDNS_500_649_H_35_39,OIDNS_500_649_H_40,OIDNS_500_649_H_41_48,OIDNS_500_649_H_49mo,OIDNS_500_649_H_NS,OIDNS_500_649_H_Tot,OIDNS_650_799_H_0,OIDNS_650_799_H_1_15,OIDNS_650_799_H_16_24,OIDNS_650_799_H_25_34,OIDNS_650_799_H_35_39,OIDNS_650_799_H_40,OIDNS_650_799_H_41_48,OIDNS_650_799_H_49mo,OIDNS_650_799_H_NS,OIDNS_650_799_H_Tot,OIDNS_800_999_H_0,OIDNS_800_999_H_1_15,OIDNS_800_999_H_16_24,OIDNS_800_999_H_25_34,OIDNS_800_999_H_35_39,OIDNS_800_999_H_40,OIDNS_800_999_H_41_48,OIDNS_800_999_H_49mo,OIDNS_800_999_H_NS,OIDNS_800_999_H_Tot,OIDNS_1000_1249_H_0,OIDNS_1000_1249_H_1_15,OIDNS_1000_1249_H_16_24,OIDNS_1000_1249_H_25_34,OIDNS_1000_1249_H_35_39,OIDNS_1000_1249_H_40,OIDNS_1000_1249_H_41_48,OIDNS_1000_1249_H_49mo,OIDNS_1000_1249_H_NS,OIDNS_1000_1249_H_Tot,OIDNS_1250_1499_H_0,OIDNS_1250_1499_H_1_15,OIDNS_1250_1499_H_16_24,OIDNS_1250_1499_H_25_34,OIDNS_1250_1499_H_35_39,OIDNS_1250_1499_H_40,OIDNS_1250_1499_H_41_48,OIDNS_1250_1499_H_49mo,OIDNS_1250_1499_H_NS,OIDNS_1250_1499_H_Tot,OIDNS_1500_1749_H_0,OIDNS_1500_1749_H_1_15,OIDNS_1500_1749_H_16_24,OIDNS_1500_1749_H_25_34,OIDNS_1500_1749_H_35_39,OIDNS_1500_1749_H_40,OIDNS_1500_1749_H_41_48,OIDNS_1500_1749_H_49mo,OIDNS_1500_1749_H_NS,OIDNS_1500_1749_H_Tot,OIDNS_1750_1999_H_0,OIDNS_1750_1999_H_1_15,OIDNS_1750_1999_H_16_24,OIDNS_1750_1999_H_25_34,OIDNS_1750_1999_H_35_39,OIDNS_1750_1999_H_40,OIDNS_1750_1999_H_41_48,OIDNS_1750_1999_H_49mo,OIDNS_1750_1999_H_NS,OIDNS_1750_1999_H_Tot
101,24,33,26,49,222,200,119,117,14,810,9,8,8,25,75,80,49,80,5,335,6,5,8,12,22,40,19,58,4,169,3,3,3,4,11,13,15,29,0,75,5,3,0,0,13,11,3,17,0,57,0,12,5,3,11,7,0,6,6,54,9,44,25,14,21,18,16,15,25,180,286,1879,1105,1182,1497,1138,573,721,217,8604,5,3,5,0,0,0,3,7,23,44,7,20,0,0,0,0,0,0,16,51,3,18,7,6,0,5,0,3,22,65,9,13,8,3,0,8,0,0,30,77,5,13,14,3,3,6,0,7,32,88,0,7,9,17,13,14,3,9,29,99,4,8,12,11,31,19,3,4,26,109,9,0,0,7,27,30,5,13,24,118,8,0,3,9,31,26,12,20,28,135,0,3,0,4,18,24,14,3,15,76,0,5,0,7,7,8,9,15,6,56,0,0,3,5,7,12,4,10,8,49
102,29,27,24,65,229,236,123,127,10,871,17,7,14,10,70,96,57,79,3,371,6,9,9,13,44,75,42,60,4,246,3,3,3,4,16,42,16,30,0,126,0,6,0,5,10,14,12,40,0,82,3,10,3,7,3,9,3,9,3,53,4,34,11,20,22,25,7,8,21,154,361,2650,1521,1386,1835,1442,591,629,202,10621,3,9,0,0,0,6,0,10,40,60,3,25,7,0,0,0,3,4,17,59,5,14,9,3,0,0,0,0,27,67,3,13,15,8,5,3,0,3,44,94,5,7,15,4,5,5,3,5,44,83,7,17,17,13,21,17,0,6,33,126,12,14,13,29,38,31,6,7,37,179,3,10,15,19,39,42,12,26,37,186,15,9,3,18,58,44,16,22,24,214,0,5,4,0,31,30,4,16,12,103,3,3,3,3,25,24,6,11,23,104,0,8,3,4,17,11,6,7,6,63
103,31,25,35,42,208,223,122,144,15,852,15,7,15,22,82,93,60,103,6,393,9,6,10,10,57,65,41,91,4,282,5,0,3,3,27,21,30,59,3,157,3,5,7,3,20,18,21,52,0,130,0,10,9,10,5,15,7,12,0,69,9,25,13,10,21,25,12,21,31,168,360,1952,1132,1094,1658,1420,671,873,209,9369,8,5,5,0,0,0,0,5,33,59,3,19,0,3,0,3,0,0,32,58,4,7,4,0,0,0,0,0,46,62,0,19,8,8,7,0,0,8,45,93,10,4,9,4,8,4,0,3,42,89,8,11,17,15,4,9,0,9,43,110,11,12,10,12,22,15,11,8,38,134,9,9,10,12,31,27,11,17,25,155,4,3,4,6,26,22,12,15,22,119,0,0,3,5,16,17,5,21,10,78,4,7,0,7,24,10,8,24,8,86,0,3,0,3,9,7,6,6,3,42
104,8,14,27,34,83,107,57,70,8,406,5,3,5,14,20,48,25,53,3,178,3,4,6,9,15,19,12,27,6,94,0,4,0,0,5,5,3,14,0,35,0,8,0,0,0,8,3,14,0,42,0,4,0,0,4,8,0,7,0,21,3,27,12,10,14,12,0,3,13,94,196,1454,847,890,906,677,301,388,145,5801,3,3,3,0,0,0,0,0,15,26,4,17,3,5,0,0,0,0,6,32,0,7,5,0,0,0,0,3,18,33,6,9,5,5,0,0,0,3,34,64,3,3,9,5,0,0,0,6,27,53,6,8,13,11,8,11,0,7,16,76,5,5,5,13,17,16,0,9,12,83,3,6,0,8,27,13,7,8,15,90,6,4,3,3,23,12,4,13,12,79,0,0,0,3,9,14,3,4,11,44,0,3,0,0,4,12,3,10,3,42,0,0,0,0,9,3,0,0,3,21
105,13,17,14,21,86,132,54,122,8,482,11,4,11,14,46,50,16,66,3,212,0,3,5,6,25,29,7,40,5,112,0,3,0,0,4,8,5,30,0,57,0,0,3,0,8,9,3,24,0,50,0,6,0,3,3,6,3,16,0,34,4,21,20,9,14,23,10,18,17,140,161,956,613,605,895,890,295,659,147,5224,6,5,0,0,0,3,0,7,10,29,4,12,0,0,0,0,0,4,14,28,3,7,5,5,0,0,0,0,17,40,0,3,0,3,3,4,0,3,28,43,3,8,3,4,0,0,0,9,31,58,0,3,7,10,11,4,0,6,21,64,9,4,3,11,23,8,3,14,20,87,6,3,3,9,17,21,3,8,26,90,3,0,0,0,12,17,8,10,16,67,3,0,0,4,20,7,3,15,10,56,0,0,0,0,4,3,6,3,4,32,0,0,5,0,10,3,3,9,4,37
106,23,26,28,60,230,260,137,175,27,969,10,16,17,26,82,117,66,129,7,475,11,6,14,15,46,47,38,97,3,281,6,3,0,10,15,29,36,45,0,147,5,3,0,7,7,21,32,61,3,142,3,13,4,3,8,8,7,8,3,53,4,57,29,21,21,28,9,9,28,206,358,2712,1492,1381,1713,1488,655,871,226,10893,3,11,0,0,3,3,0,6,27,49,6,26,0,0,0,0,0,0,15,49,3,6,9,6,0,0,0,3,22,48,0,10,10,5,3,0,0,4,38,65,5,5,16,13,3,0,0,0,49,96,8,4,14,21,11,11,4,5,37,117,9,7,4,19,31,16,8,8,39,132,7,3,4,17,41,26,8,15,38,160,8,7,3,12,47,39,11,18,28,168,0,3,0,0,28,22,10,22,17,121,9,0,3,0,22,25,16,34,19,133,4,0,0,5,14,17,15,28,14,87
107,17,22,30,75,162,219,79,108,9,725,11,12,21,24,94,104,52,69,3,395,17,6,14,15,38,65,45,80,6,279,12,9,14,3,26,42,40,54,3,187,5,4,3,0,27,20,27,56,0,155,0,7,0,0,6,3,10,16,0,45,3,25,28,21,30,14,0,15,31,163,361,2361,1454,1269,1397,1130,443,620,164,9199,5,3,0,3,0,3,0,4,19,44,0,24,4,5,3,3,0,0,33,77,7,22,5,5,0,3,0,0,40,75,3,17,17,12,3,0,0,3,41,94,4,12,17,6,6,3,0,3,46,104,4,5,20,14,14,10,3,9,32,116,4,8,18,15,24,24,4,10,26,138,6,4,15,15,36,28,7,10,34,156,12,8,11,20,49,36,21,15,29,195,6,3,4,6,39,19,11,16,12,114,0,0,3,3,30,21,15,18,6,107,0,0,0,3,15,11,11,16,6,59
108,43,33,44,56,139,135,79,119,14,656,24,9,12,18,54,59,43,63,9,291,3,6,13,8,18,26,16,45,0,128,0,0,0,0,11,9,11,36,0,73,0,0,3,0,0,10,3,22,0,41,0,3,3,3,3,3,3,6,3,33,14,39,22,15,17,17,3,14,32,169,448,1997,1194,1166,1221,866,405,614,217,8133,3,7,0,0,4,3,0,9,27,61,5,14,0,4,0,0,0,0,26,52,8,8,8,3,0,3,0,6,24,61,7,15,5,6,3,4,3,3,59,96,3,9,12,10,3,3,0,3,57,98,4,13,7,16,13,4,4,6,40,103,7,8,3,14,30,18,4,16,36,137,5,5,3,10,23,29,3,14,21,118,10,3,7,5,22,10,7,15,22,102,3,5,0,4,4,10,10,11,14,52,0,3,0,3,11,8,3,12,8,41,0,0,3,0,3,6,3,6,3,20
109,23,19,13,36,150,207,86,93,12,640,11,4,6,20,47,92,47,49,0,275,5,4,3,3,32,42,32,30,3,156,0,5,0,0,10,5,6,15,0,44,4,3,4,6,3,3,6,14,0,40,3,9,3,4,3,4,3,7,0,36,4,28,15,8,10,21,3,8,25,129,250,1291,677,819,1010,950,430,506,156,6082,5,3,0,3,0,0,0,3,21,43,0,3,0,0,0,0,0,0,19,24,3,12,5,0,0,0,0,4,19,44,0,9,0,0,0,0,0,3,14,32,0,3,7,3,0,4,0,3,22,44,5,6,5,10,3,4,0,9,34,87,8,3,4,7,20,12,3,8,18,81,5,4,0,5,34,18,3,11,15,103,4,3,0,5,17,13,11,10,14,79,3,3,4,3,9,5,6,10,8,48,8,3,0,0,8,10,4,5,4,49,0,0,0,0,11,0,3,6,5,26
110,33,23,27,90,213,291,142,189,12,1012,7,9,13,32,59,79,63,96,6,357,7,4,8,16,20,33,25,45,3,156,5,3,0,0,11,7,12,27,0,69,0,0,4,0,3,7,9,22,0,55,0,13,0,4,6,12,8,11,3,61,4,41,17,22,28,42,13,30,27,222,318,1831,1034,1313,1712,1758,670,948,232,9818,8,8,0,0,0,4,0,8,24,52,5,18,5,0,0,0,0,3,27,64,10,9,0,3,0,3,0,7,27,54,4,11,9,4,5,6,0,6,31,75,4,10,14,8,0,4,0,4,27,77,6,6,10,16,9,8,3,13,49,125,8,4,5,12,24,13,3,7,34,117,3,3,3,4,48,30,4,16,33,149,11,4,4,3,25,22,9,23,27,136,0,3,0,0,22,16,6,16,7,67,3,4,0,4,19,8,3,17,7,54,0,3,0,0,7,8,3,3,6,33
111,47,41,53,105,336,461,183,193,17,1435,19,13,22,32,140,196,105,144,4,683,13,3,13,15,51,94,53,99,0,339,5,7,3,12,31,37,33,62,5,196,14,0,5,4,15,34,34,64,3,175,3,6,11,4,0,16,0,20,3,58,13,49,18,31,38,29,16,8,30,229,565,3268,1927,1961,2510,2189,838,935,241,14430,5,8,3,0,4,9,0,8,26,58,11,24,3,0,3,4,0,0,37,80,10,18,4,3,0,0,0,9,31,76,9,18,9,5,3,4,0,9,37,91,12,20,13,8,8,9,5,0,59,120,6,19,16,28,13,13,0,5,49,158,14,18,15,19,36,28,9,13,52,203,12,3,8,22,71,43,9,11,47,231,12,5,7,15,69,60,20,39,33,262,12,0,10,7,51,46,24,17,25,185,3,3,0,4,27,41,19,24,15,146,11,0,0,6,23,26,6,26,4,98
112,28,18,22,110,204,189,88,92,8,755,11,9,14,23,52,61,43,60,4,275,3,4,10,9,21,30,7,31,3,123,3,3,0,6,5,10,11,19,0,52,0,3,3,7,4,6,5,26,5,63,3,4,3,6,7,0,0,8,3,34,15,45,16,25,17,15,7,7,39,175,345,2377,1466,1659,1755,1211,453,544,239,10051,9,12,0,0,6,0,0,6,29,58,3,23,5,0,0,0,0,3,34,71,8,18,6,3,0,0,0,0,42,83,9,15,7,9,6,3,0,3,49,99,9,14,18,12,4,3,0,0,40,99,12,15,16,16,10,8,0,10,52,139,4,15,16,21,28,24,3,3,56,170,10,12,4,18,34,21,4,8,35,137,4,4,3,11,27,27,14,17,21,122,0,8,0,8,17,14,5,13,8,68,4,0,0,3,12,15,3,7,8,51,0,0,0,6,3,3,0,5,4,30
113,31,28,21,56,245,343,134,125,13,997,9,8,14,14,104,91,62,87,6,386,5,6,3,6,18,47,22,44,0,150,0,3,0,6,15,20,4,26,0,69,5,3,5,0,3,10,6,21,4,62,7,5,3,3,5,9,0,12,0,43,15,26,20,28,22,33,16,13,37,207,308,1468,976,1116,2046,1783,617,719,241,9272,11,3,0,0,0,7,0,0,17,46,4,11,0,0,0,0,0,0,9,29,4,7,6,0,0,3,0,0,29,60,4,12,4,0,3,3,0,4,22,54,7,8,9,9,5,4,0,4,27,74,7,9,13,14,10,12,0,7,27,85,5,6,5,14,22,20,8,13,22,112,13,8,6,11,35,23,11,10,27,139,6,3,3,3,23,27,8,13,18,102,5,3,3,0,8,19,13,11,11,72,0,0,0,0,7,14,13,14,5,52,0,0,0,0,5,8,8,11,4,34
114,16,13,17,46,104,105,84,58,6,442,6,11,3,13,32,45,19,48,5,173,3,3,0,3,14,19,24,41,0,106,3,3,0,0,6,8,15,28,0,68,0,0,0,0,3,4,9,31,0,56,0,0,4,0,0,4,0,7,0,21,3,23,15,8,18,12,3,7,20,102,207,1442,827,683,844,606,359,398,109,5470,8,4,0,0,3,3,0,3,20,32,0,15,3,0,0,0,0,0,11,28,6,13,3,3,0,0,0,0,13,42,6,7,3,3,3,0,0,4,32,67,0,11,5,7,3,3,0,3,26,53,0,4,11,11,10,6,0,9,22,79,4,6,11,9,10,9,0,3,12,69,4,3,3,8,14,28,3,9,23,96,3,5,6,4,15,23,7,14,11,77,0,0,3,6,7,3,3,11,5,38,0,3,0,0,8,9,0,6,6,36,0,0,0,3,7,6,3,10,3,26
115,13,14,18,36,132,189,68,94,8,571,4,8,11,25,50,64,32,80,4,269,0,10,3,12,20,47,22,72,3,201,0,0,4,5,6,20,23,44,0,100,0,0,5,4,4,15,14,40,0,73,0,0,3,0,0,5,3,13,0,31,0,15,10,8,18,16,4,12,17,95,166,1537,965,772,1042,817,323,494,119,6242,4,3,3,0,3,3,3,3,20,46,3,21,7,0,0,0,0,3,12,48,5,15,13,3,0,3,0,0,16,52,3,13,16,7,4,6,0,0,20,65,0,12,9,11,3,3,0,3,18,68,5,6,5,10,14,20,0,7,28,102,3,4,7,18,15,17,5,3,31,113,8,10,8,10,31,31,7,10,41,157,4,5,10,13,36,34,15,13,38,166,0,0,3,6,14,31,5,25,13,89,5,3,0,7,8,26,5,17,10,79,0,3,4,3,11,17,3,12,11,56
116,21,40,43,89,359,349,174,194,26,1297,13,18,25,26,132,206,92,142,14,666,7,11,10,14,83,115,72,98,6,414,4,7,3,0,35,57,32,74,4,215,5,3,8,9,29,33,28,74,0,189,0,12,3,3,8,0,4,20,3,52,4,33,19,12,52,31,7,14,27,194,297,1913,1415,1318,2616,1802,690,880,265,11197,5,8,4,0,7,10,0,6,48,85,8,29,3,3,5,0,0,0,19,62,8,23,12,4,5,4,0,0,37,95,4,12,25,3,4,4,3,0,36,87,8,12,14,8,13,3,0,0,51,108,8,11,22,12,18,11,3,5,56,151,3,12,13,19,53,29,3,6,66,200,10,6,6,17,68,68,21,23,69,285,7,5,4,6,81,64,24,31,50,274,5,3,0,6,35,56,10,23,26,164,0,0,0,3,18,34,18,23,20,124,0,0,0,0,7,22,12,18,6,72
117,54,64,113,155,637,659,356,330,52,2430,27,39,55,61,284,359,213,257,23,1317,29,13,26,36,136,266,215,258,7,994,28,13,14,17,76,121,119,179,14,584,28,3,14,23,119,144,127,223,7,693,3,4,9,13,15,28,13,59,0,142,13,44,62,32,42,46,21,27,68,348,617,3327,6174,2826,4927,3637,1682,1851,695,25736,36,20,16,9,18,24,0,35,172,319,16,91,8,3,9,6,3,13,112,261,18,90,48,12,6,8,0,6,168,363,13,67,94,26,15,12,3,8,189,433,10,58,131,36,20,30,6,8,196,487,18,34,99,70,86,72,19,20,247,675,16,32,85,96,184,128,29,39,242,857,35,25,48,87,317,232,70,92,268,1162,34,29,45,63,347,360,94,116,218,1302,19,10,22,44,255,308,86,118,138,1011,35,12,14,34,198,267,86,129,119,884,14,9,10,19,123,172,62,111,80,592
118,8,12,30,47,106,152,59,61,8,478,3,8,13,13,57,67,37,36,0,240,5,3,7,14,29,50,27,46,3,178,4,0,8,0,7,15,11,28,0,75,0,6,0,3,12,15,7,34,0,73,0,3,0,0,0,5,4,13,0,31,0,21,6,11,9,9,4,3,18,90,110,1056,1305,642,761,708,242,360,118,5312,10,7,3,0,3,4,0,8,25,65,4,18,3,0,0,0,0,0,16,46,3,16,14,3,0,0,0,0,31,72,0,24,7,0,0,0,0,3,21,63,5,12,20,6,0,0,0,0,32,76,0,15,12,16,7,8,0,5,35,100,8,9,8,15,16,14,3,8,27,114,9,9,13,16,24,35,3,9,47,162,3,17,5,8,27,46,3,14,33,154,0,11,6,5,15,26,10,15,21,116,5,3,0,8,15,17,9,17,14,88,0,6,5,3,12,15,6,13,13,68
119,31,43,59,75,408,384,190,165,32,1394,17,24,37,23,144,162,86,102,6,612,4,4,8,21,57,95,54,83,8,336,0,0,3,4,19,36,34,50,4,150,7,7,3,6,7,20,23,38,3,115,3,7,0,3,9,11,8,9,3,47,3,38,26,16,41,31,14,12,30,209,377,2423,2143,1536,3089,2083,748,805,340,13548,13,22,6,0,10,12,3,10,70,142,0,36,0,3,0,0,0,0,28,75,8,42,11,10,5,3,3,3,55,136,14,33,41,16,11,0,0,0,76,189,0,23,38,29,8,13,0,3,70,180,15,22,35,46,32,25,3,10,104,283,12,15,29,29,83,59,8,18,85,336,15,16,11,22,97,76,16,25,85,368,15,13,16,14,76,61,21,16,83,320,4,3,7,8,50,53,23,18,27,187,3,3,6,5,29,48,18,16,23,153,0,3,0,3,15,19,6,17,17,86
120,16,34,47,52,165,230,93,91,15,731,11,14,9,21,78,117,62,62,0,379,3,10,3,16,34,51,43,50,8,212,5,6,3,3,15,25,23,39,3,120,4,3,3,3,7,26,13,46,0,97,0,7,6,0,3,4,7,13,0,37,3,20,13,10,14,18,3,6,16,97,161,1271,1376,750,1190,1020,414,471,190,6847,11,15,6,0,0,3,0,9,43,82,3,25,7,0,0,3,0,3,16,63,7,27,15,5,0,4,0,4,33,97,3,23,17,5,0,9,0,7,27,95,3,24,23,6,4,4,0,4,50,120,3,14,26,15,15,18,3,6,54,158,0,12,11,9,34,25,10,9,38,148,8,7,12,17,59,49,6,15,57,224,8,13,7,17,77,43,10,31,61,282,3,8,4,10,32,51,17,17,37,176,0,5,5,5,25,28,8,16,16,107,3,5,0,9,13,13,3,13,12,75
121,14,38,53,75,270,254,142,145,25,1005,11,24,20,32,118,126,77,109,4,511,10,12,12,8,61,92,50,70,4,324,9,3,10,3,29,34,28,57,3,175,3,9,10,4,20,33,33,59,3,174,0,5,5,7,6,6,3,16,0,58,3,18,13,14,18,10,5,9,28,120,241,2100,2025,1132,1773,1390,576,670,238,10158,10,19,3,3,5,16,3,13,60,133,5,32,4,0,4,3,0,0,40,91,6,40,25,3,5,0,3,3,40,122,5,29,32,4,0,3,0,7,51,131,5,19,43,10,3,13,3,8,58,161,10,13,29,20,24,17,4,3,75,199,8,8,28,44,50,42,9,17,71,275,4,10,34,25,79,80,9,18,89,350,12,18,10,19,97,90,32,40,94,421,12,15,11,16,56,65,20,42,55,284,3,18,8,16,42,74,18,32,35,260,3,3,6,9,29,45,22,19,25,163
122,14,18,25,34,150,176,68,86,8,569,3,11,9,13,59,81,26,72,3,275,4,8,5,12,27,31,26,61,3,178,0,4,4,5,14,16,7,27,0,78,0,3,9,3,6,21,10,20,0,70,0,9,3,3,0,6,0,11,5,31,3,17,10,6,11,11,4,9,17,87,177,1475,1086,652,1056,863,287,419,101,6109,15,3,3,5,0,8,0,3,23,53,0,21,0,4,0,0,0,4,16,51,3,17,5,3,0,3,0,0,23,54,3,13,9,3,3,3,0,0,19,54,4,13,15,3,4,5,5,3,18,66,0,5,13,15,6,9,3,10,31,98,3,10,6,19,24,22,3,4,28,123,8,10,17,11,32,30,8,12,30,145,3,3,11,14,38,27,7,17,29,145,4,9,3,5,20,21,8,11,25,114,3,3,0,0,12,18,8,17,14,78,0,3,0,4,9,12,5,8,3,41
123,18,23,25,70,253,262,112,138,15,924,5,7,12,18,84,106,59,120,8,425,8,3,9,10,44,73,54,74,0,276,3,0,0,3,21,27,24,37,0,129,4,0,0,5,8,18,21,35,3,90,3,10,0,3,4,7,6,14,0,48,3,26,18,15,22,14,11,6,22,139,243,1778,1109,1024,1919,1366,558,664,190,8848,10,3,3,0,5,3,0,5,22,50,3,32,4,0,0,0,0,3,19,60,0,30,9,3,0,0,0,3,25,65,6,17,14,6,5,0,0,0,22,64,5,7,15,4,3,7,0,0,35,85,5,3,16,9,15,17,0,9,32,113,3,0,6,13,52,16,7,12,35,144,5,7,7,11,42,35,10,14,32,165,10,6,11,7,46,29,7,23,36,161,0,0,6,10,27,27,9,10,17,108,0,6,3,3,18,21,6,15,8,85,0,4,0,7,8,9,8,10,9,49
124,23,23,29,59,229,291,107,138,6,910,11,16,16,14,82,113,78,103,10,437,5,0,8,13,33,72,37,80,11,265,4,3,5,10,26,41,17,51,6,155,0,0,0,3,9,23,25,53,3,118,0,4,3,6,0,9,5,7,0,34,3,35,13,22,30,16,3,7,24,153,257,2314,1443,1302,1897,1470,544,726,219,10173,6,13,3,0,4,4,0,3,17,62,7,20,3,3,0,0,0,0,19,55,4,17,0,3,7,0,0,6,28,66,7,19,9,14,3,9,3,4,37,90,7,11,20,9,6,5,3,0,19,83,5,9,12,21,26,16,4,9,46,141,7,9,13,17,59,19,4,12,46,192,3,6,7,13,60,39,5,14,56,208,8,4,7,11,51,46,16,26,35,202,10,0,0,6,29,28,11,20,14,124,3,0,0,3,17,28,12,28,15,112,0,4,0,3,12,18,6,5,9,63
125,38,49,54,127,620,555,253,257,46,2001,8,30,9,40,203,279,132,212,17,929,16,7,13,25,116,151,97,164,7,597,5,3,4,3,40,99,72,108,3,336,10,5,12,7,16,73,42,105,4,268,0,0,8,4,5,18,6,23,3,79,8,40,28,17,37,33,10,16,54,252,444,2521,2310,1902,4705,3045,1184,1286,483,17875,15,22,8,7,5,14,0,3,82,156,6,41,9,5,3,0,0,3,57,122,15,52,22,10,0,10,0,5,78,191,9,43,54,9,13,14,3,10,85,241,7,18,64,29,19,15,0,5,105,262,14,29,33,42,41,36,6,11,134,353,14,26,31,46,157,69,17,12,145,509,11,28,18,23,172,134,26,32,124,573,17,11,16,23,214,166,42,56,108,649,14,4,4,16,104,109,33,40,69,400,15,11,4,8,77,76,24,44,48,311,7,4,8,5,69,55,24,33,22,241
126,6,17,22,41,172,122,58,72,8,525,5,9,4,14,86,61,32,42,5,257,4,5,11,8,39,33,26,32,6,169,0,0,4,8,9,20,8,23,7,74,0,0,0,3,0,14,7,22,0,53,0,0,0,3,0,3,4,10,0,27,3,17,9,3,10,4,3,7,15,65,125,1038,952,557,882,651,249,303,141,4897,7,5,0,0,0,0,0,7,44,64,3,18,4,0,0,0,0,4,24,56,3,34,7,0,0,0,0,0,28,69,4,8,14,3,6,4,0,0,41,79,6,7,12,13,5,4,0,0,29,77,9,13,13,21,21,9,3,6,42,133,3,8,9,13,35,30,5,10,47,157,3,10,3,5,50,32,7,13,49,180,4,4,13,8,52,44,18,13,44,201,4,0,5,0,54,52,4,10,37,171,0,3,0,3,47,27,5,13,10,118,3,0,0,9,21,24,6,17,9,88
127,18,45,36,68,375,376,168,189,30,1310,10,15,14,35,107,155,97,137,11,585,8,7,3,12,48,79,57,102,6,321,7,6,4,3,24,37,32,67,4,184,4,5,0,3,12,19,9,58,8,115,0,4,4,0,3,5,0,15,0,35,9,38,25,27,46,22,7,11,45,224,327,2252,1690,1511,2918,1983,707,903,383,12668,8,17,12,4,3,5,0,9,60,117,6,33,3,0,0,5,0,0,35,86,4,52,15,4,3,5,0,3,50,137,10,22,36,15,5,3,0,0,70,160,7,24,22,14,7,7,3,0,60,147,5,15,17,36,41,18,5,12,84,234,9,16,19,29,82,36,9,16,78,301,12,14,12,26,101,88,17,20,98,386,9,9,5,13,103,87,21,51,69,359,13,3,3,12,66,42,20,32,33,226,6,3,4,3,37,34,25,32,31,169,0,0,0,3,17,22,15,22,9,93
128,4,21,25,48,99,127,58,88,3,466,0,4,8,18,36,54,20,59,4,207,3,0,7,8,21,38,14,43,0,139,7,8,7,3,15,29,7,30,0,92,0,0,3,5,13,18,15,38,0,85,3,4,3,0,7,7,0,9,0,27,0,13,6,16,13,14,3,4,8,79,164,1425,851,610,815,666,233,393,84,5244,4,7,3,0,4,0,0,0,11,29,0,17,0,0,0,0,0,0,19,39,3,8,9,0,0,0,0,3,16,37,0,15,10,3,3,0,0,0,21,54,0,4,16,10,3,0,0,0,25,52,6,7,9,14,13,7,0,4,20,77,3,7,6,15,18,11,3,3,28,93,4,0,5,10,26,24,6,11,21,109,7,0,0,7,20,24,12,14,15,98,0,4,4,0,9,17,8,8,12,62,4,3,5,0,14,12,5,15,16,75,0,0,0,0,6,4,4,6,7,29
197,0,0,0,0,0,0,0,3,0,4,0,0,0,0,0,0,0,0,0,0,0,0,0,0,0,0,0,0,0,0,0,0,0,0,0,0,0,0,0,0,0,0,0,0,0,0,0,3,0,3,0,0,0,0,0,0,0,0,0,0,0,0,0,0,0,0,0,0,0,0,3,0,0,4,0,0,0,15,0,30,0,0,0,0,0,0,0,0,0,0,0,0,0,0,0,0,0,0,0,0,0,0,0,0,0,0,0,0,0,0,0,0,0,0,0,0,0,0,0,0,0,0,0,0,0,0,0,0,0,0,0,0,0,0,0,0,0,0,0,0,0,0,0,0,0,0,0,0,0,0,0,0,0,0,0,0,0,0,0,0,0,0,0,0,0,0,0,0,0,0,0,0,0,0,0,0,0,0,0,0,0,0,0,0,0,0,0,0,0,0,0,0,0,0,0,0,0,0,0,0
199,93,148,230,389,565,1098,395,580,47,3545,43,60,98,174,241,570,256,404,27,1876,38,42,26,93,124,319,160,370,16,1200,19,15,26,40,49,141,80,227,9,621,42,20,19,36,28,91,90,267,12,598,8,16,13,9,12,27,14,76,6,176,21,62,48,62,52,77,24,58,92,498,1114,5442,4365,4121,3248,4841,1736,2978,601,28442,33,8,3,3,3,12,0,14,62,144,9,35,3,0,6,3,0,4,37,102,17,39,13,7,5,0,0,4,58,146,20,36,32,7,5,16,0,14,54,180,24,22,25,19,17,20,0,8,61,197,38,34,25,40,29,35,4,21,82,306,26,14,21,31,50,33,14,21,54,267,22,18,17,30,59,63,14,42,78,339,19,13,12,19,57,71,17,43,59,318,14,9,4,17,28,55,12,42,30,219,11,4,9,6,32,38,16,30,23,155,4,0,4,0,13,14,10,25,17,85
201,11,18,16,36,121,138,88,57,10,503,7,4,3,14,58,57,38,53,0,240,8,0,3,3,31,39,49,36,0,173,6,0,3,4,16,18,37,24,0,105,0,0,0,3,4,4,32,18,0,62,4,3,0,0,0,3,4,4,3,24,8,32,18,18,15,16,5,3,19,136,263,1629,875,875,1137,722,453,398,128,6487,4,6,3,3,0,3,0,4,14,43,4,16,0,7,0,0,0,0,24,47,6,14,3,0,5,0,0,3,29,66,3,6,0,5,0,3,0,3,22,49,6,4,4,7,3,0,0,3,26,53,4,11,11,11,4,11,0,3,23,79,3,0,10,14,20,13,3,4,19,88,6,3,4,12,28,17,6,10,17,107,8,4,3,4,22,15,6,11,22,96,5,3,0,9,20,13,13,6,11,73,3,0,3,3,8,8,3,9,5,50,0,0,0,0,8,9,0,6,0,33
202,19,14,20,45,146,160,110,87,8,611,12,5,5,9,43,49,49,48,3,223,3,4,4,6,22,24,26,43,0,140,0,0,0,0,9,6,8,12,0,45,0,3,0,0,0,8,3,17,0,35,0,4,0,0,3,8,0,3,0,22,3,30,14,17,27,13,7,6,18,126,294,1709,921,966,1408,1094,518,425,139,7486,8,0,0,0,3,0,0,3,21,44,3,15,3,0,0,0,0,3,21,38,4,12,5,0,0,0,0,0,9,32,0,20,14,3,0,0,0,0,23,70,3,9,6,6,3,4,0,3,30,61,3,10,11,5,14,4,0,3,18,73,5,3,5,14,20,10,3,7,22,93,7,3,3,15,24,18,4,11,23,101,4,0,3,3,23,8,9,7,15,82,0,0,4,12,10,14,5,15,10,68,5,5,0,3,11,9,8,6,3,46,0,0,3,3,3,3,0,9,0,32
203,22,27,23,56,229,294,106,144,12,908,11,8,17,20,79,125,51,74,8,402,4,5,7,12,44,63,30,75,3,241,9,0,0,7,20,29,19,52,4,143,3,8,0,10,16,20,26,74,0,151,0,6,3,0,5,3,4,18,0,43,8,55,22,27,38,23,8,6,29,217,385,2957,1439,1396,1685,1422,493,681,217,10667,12,8,0,0,0,3,0,3,30,57,7,30,4,3,4,4,0,3,35,90,0,25,8,3,0,0,0,0,47,94,0,7,13,7,3,3,0,0,35,68,6,14,10,11,7,6,0,7,23,84,9,12,15,22,14,10,0,6,39,116,7,6,15,21,20,30,3,8,33,136,9,3,10,19,39,36,3,8,31,162,10,7,14,9,28,48,7,21,29,172,0,3,3,5,26,33,8,19,20,125,3,5,3,5,18,28,12,23,8,104,0,0,0,3,8,23,4,8,3,54
204,31,12,30,43,203,286,130,98,9,850,17,8,8,17,84,148,66,69,3,426,3,10,6,9,31,59,48,49,0,217,6,0,3,3,23,31,30,32,0,124,5,3,7,3,13,14,10,25,0,71,0,4,3,0,7,6,6,11,3,38,10,51,18,16,31,22,9,13,21,201,378,1877,1049,1095,1502,1335,616,592,194,8634,0,7,5,0,0,0,0,4,29,50,7,11,3,0,0,3,0,3,15,47,3,13,4,3,0,0,0,4,24,67,11,22,11,6,3,0,0,0,34,75,10,8,3,8,3,3,0,3,25,71,10,3,15,7,9,7,3,11,21,82,5,4,3,11,15,18,11,13,21,90,6,5,5,7,16,33,8,9,24,121,13,4,3,8,18,19,12,23,23,114,3,0,0,4,15,15,12,14,13,75,3,0,3,6,14,11,9,15,15,71,0,0,0,0,5,16,3,8,13,39
205,39,49,52,71,213,260,141,147,17,990,17,8,11,33,82,112,71,108,8,455,6,9,10,14,74,71,78,71,3,338,18,9,3,6,47,55,79,61,0,282,18,12,9,3,40,45,61,99,3,288,5,11,7,9,10,8,9,54,3,120,10,63,26,23,28,22,14,19,26,227,571,3044,1588,1622,1784,1415,807,993,269,12101,11,11,0,3,0,3,0,9,43,87,10,31,3,0,0,0,0,3,34,85,7,21,8,3,0,0,0,5,41,82,3,16,18,0,4,9,3,8,49,106,19,13,13,3,3,3,0,6,50,111,16,14,17,18,7,7,3,7,43,129,11,4,11,11,29,18,3,12,41,148,13,9,4,14,39,19,11,15,31,152,10,11,7,12,36,31,20,19,39,183,11,0,4,7,16,26,16,17,20,109,5,0,0,7,18,11,13,11,12,75,3,3,0,3,4,14,13,7,3,56
206,66,76,125,205,680,649,287,289,48,2416,34,39,48,78,311,391,192,196,24,1305,40,29,22,44,187,233,165,207,17,950,18,18,16,27,101,172,114,235,7,721,57,11,25,35,84,175,171,409,14,978,11,26,13,14,21,16,22,97,4,217,15,88,80,62,85,58,19,28,73,513,834,6022,7045,3835,5203,3599,1591,2053,831,31011,39,48,15,15,14,36,8,42,230,444,20,138,12,4,7,9,0,11,120,330,19,123,48,20,8,9,6,7,180,414,27,82,93,31,12,8,3,14,211,486,19,69,93,57,22,25,3,18,218,527,30,67,108,91,75,59,13,29,223,698,29,27,56,115,190,119,27,40,295,907,38,24,43,83,310,254,56,66,284,1150,43,33,46,85,402,354,96,120,235,1405,38,16,32,59,276,308,100,98,120,1041,41,14,26,48,228,296,85,117,93,950,26,14,14,28,132,195,90,104,62,666
207,11,25,37,36,127,135,58,47,6,488,8,11,5,32,57,66,41,45,5,264,6,11,6,13,34,47,15,47,5,178,0,8,5,3,11,22,12,32,0,99,3,4,4,0,9,21,26,43,0,108,0,7,4,3,0,5,3,9,3,36,0,31,21,13,13,16,3,7,20,118,169,2339,1496,911,1025,680,292,391,163,7466,7,12,3,3,3,4,0,7,46,87,4,33,5,3,0,3,0,0,22,80,4,32,12,3,0,0,4,3,41,100,8,28,27,8,9,4,0,0,42,116,6,12,23,8,7,15,0,3,53,127,10,25,31,26,14,16,4,5,52,179,3,14,13,15,39,20,0,8,53,175,5,13,11,17,41,36,6,11,59,205,7,6,19,18,50,50,19,20,41,221,8,9,0,9,39,23,7,20,33,155,0,4,3,10,23,29,5,17,21,125,4,3,7,10,10,22,14,14,16,94
208,21,29,40,70,345,259,138,127,22,1057,9,17,13,23,102,128,72,87,4,446,10,9,10,14,72,70,52,64,3,303,0,0,3,6,25,49,25,50,0,165,3,16,6,9,20,30,38,63,4,185,0,8,5,3,13,8,3,14,0,59,0,39,19,18,41,21,3,21,18,190,274,2793,1770,1345,2598,1506,652,674,219,11838,11,10,3,0,7,10,3,12,44,93,6,37,7,3,0,3,0,0,30,86,4,40,12,6,3,0,0,0,36,98,3,23,19,7,3,7,3,3,42,112,8,17,18,14,10,6,0,3,49,129,8,8,21,24,27,11,3,8,62,181,7,10,15,26,34,30,3,16,54,199,6,12,13,20,52,49,12,13,66,246,3,14,12,24,55,52,19,27,42,251,6,3,6,11,25,39,11,18,32,148,3,5,9,15,26,35,8,23,27,146,0,13,4,3,15,25,9,18,19,97
209,17,24,43,81,317,288,135,126,22,1052,7,13,15,29,108,134,79,87,9,480,5,10,7,9,64,73,34,65,0,270,6,9,3,4,22,36,25,35,3,138,5,5,3,3,17,30,15,61,8,142,4,9,4,3,10,4,6,15,0,52,5,43,28,25,56,36,13,3,34,243,333,3131,1878,1568,2557,1786,605,704,319,12874,13,10,0,3,0,11,0,3,50,103,4,52,3,0,0,4,0,0,29,96,7,47,17,5,3,3,3,0,36,126,3,25,12,12,3,8,0,0,44,113,7,9,32,15,12,4,4,0,53,135,11,11,23,30,24,19,3,9,53,189,7,7,12,19,47,37,7,3,60,212,6,11,7,22,67,41,11,25,65,251,7,13,7,13,51,46,26,19,52,221,8,10,6,12,25,36,14,14,29,148,3,0,7,9,19,25,7,14,22,103,0,0,0,4,4,18,3,20,8,58
210,46,25,46,107,495,544,221,190,23,1699,15,21,10,31,202,270,113,145,16,821,9,6,7,12,82,113,74,113,0,433,16,3,11,10,37,79,33,70,4,256,4,3,7,5,22,39,38,84,3,203,0,6,4,8,4,7,5,19,3,63,7,33,20,24,58,47,16,13,34,251,399,2505,1884,1708,3481,2540,960,985,306,14764,12,7,3,3,0,0,3,8,57,95,7,47,0,3,0,0,0,0,42,100,9,16,9,4,3,3,0,8,41,95,8,21,24,12,6,3,3,4,52,132,4,11,25,18,7,4,3,0,53,126,12,15,21,29,44,21,5,9,65,218,17,19,18,32,91,46,6,12,63,297,12,8,8,20,88,67,13,26,64,308,10,3,7,20,86,67,28,24,65,303,4,3,3,7,37,38,20,31,20,169,9,0,0,0,28,30,12,18,20,125,3,3,4,0,16,25,3,18,16,89
211,39,44,56,111,521,475,207,167,19,1643,22,20,18,25,211,201,97,109,8,710,11,9,10,25,97,82,62,88,0,380,7,15,3,4,31,50,32,55,4,199,4,3,3,0,16,34,22,40,0,130,0,5,3,0,8,7,5,22,0,58,11,81,41,28,54,41,15,12,57,334,506,4428,2311,1942,3677,2297,937,866,317,17278,9,9,4,3,3,10,3,14,48,115,11,58,3,7,3,0,0,4,40,128,10,33,19,5,8,3,0,3,41,120,12,32,32,13,3,4,0,8,57,154,14,24,24,13,8,7,0,6,61,156,10,26,26,25,20,16,3,8,62,184,7,12,21,30,60,36,12,12,65,249,11,8,14,16,84,48,20,27,61,293,12,12,6,14,64,67,24,25,55,273,3,10,4,8,34,48,18,16,26,162,3,6,3,5,24,34,15,29,18,136,3,3,3,0,15,17,3,19,13,78
212,64,72,78,188,835,812,374,375,46,2845,36,22,36,61,314,344,227,254,20,1315,20,18,17,32,153,224,158,193,12,829,15,3,6,19,52,106,100,129,10,433,10,12,7,13,41,90,63,161,4,396,4,16,15,10,14,16,7,40,3,131,14,92,55,54,117,89,18,16,74,517,745,5363,3704,3418,6803,4442,1864,1844,617,28806,24,22,11,7,12,7,3,19,115,213,13,88,10,7,3,5,0,5,77,213,3,59,31,3,7,10,0,8,83,207,4,28,55,20,6,8,0,10,82,217,11,24,37,26,22,10,3,9,105,255,10,42,56,59,64,34,6,17,127,405,12,29,34,48,142,79,13,21,143,519,20,24,21,32,178,137,37,41,150,636,11,17,19,34,144,136,39,57,102,559,10,4,8,18,87,103,40,39,72,390,8,7,3,13,68,51,37,40,51,279,5,6,4,3,30,50,18,28,34,166
213,62,65,51,159,782,764,304,264,39,2487,32,24,23,58,327,381,182,189,16,1234,15,21,13,25,121,180,128,176,6,694,6,6,10,11,53,90,81,109,8,375,5,7,12,12,38,73,75,150,6,375,3,6,7,7,9,15,10,24,3,88,3,88,48,40,79,86,20,14,54,441,529,4490,2892,2499,5019,3493,1369,1395,512,22184,12,20,3,9,6,9,3,19,88,167,9,51,3,0,3,4,0,3,56,135,13,46,31,11,5,4,0,6,74,182,13,45,36,22,11,18,3,4,70,223,6,29,33,21,12,13,3,15,81,216,16,25,34,42,45,31,5,16,123,332,19,21,27,49,108,65,13,14,130,440,14,22,18,38,115,99,23,44,147,517,23,13,6,28,101,100,30,60,104,455,3,13,9,6,66,80,33,38,45,301,8,7,7,6,45,52,25,41,37,224,3,3,4,5,17,42,10,15,27,132
214,24,20,25,71,221,225,121,120,12,842,4,8,13,24,57,104,55,72,9,353,3,0,3,15,37,56,31,55,0,199,3,7,0,8,15,31,21,44,3,136,4,6,7,7,9,15,22,55,0,126,6,6,3,3,6,7,3,19,0,47,7,54,18,28,34,18,10,7,14,187,270,2470,1270,1320,1659,1168,524,593,183,9465,5,3,3,3,3,0,0,6,29,59,3,26,7,0,0,0,0,0,28,61,6,28,5,3,3,3,0,0,20,76,0,14,18,8,5,3,0,0,36,89,7,8,13,4,4,0,0,3,43,92,11,13,9,15,9,12,0,9,24,105,7,11,5,13,18,23,4,12,39,129,3,7,8,15,26,25,11,13,40,152,6,4,3,10,19,27,12,15,18,110,4,0,0,4,11,23,7,13,22,87,5,0,6,6,19,13,3,9,10,73,3,0,0,0,3,7,3,5,3,30
215,21,18,19,40,162,183,86,109,7,647,10,6,12,15,40,72,37,53,3,240,7,3,12,4,20,29,17,40,3,128,0,0,3,3,6,10,7,17,0,48,0,0,3,3,3,6,6,22,3,59,5,7,3,3,3,6,0,13,0,38,0,43,18,20,33,12,4,11,34,180,289,1764,938,1074,1479,1317,510,640,203,8214,6,0,0,0,3,0,0,3,22,46,5,21,0,0,0,0,0,4,28,56,11,8,3,6,0,0,0,4,29,65,4,10,5,6,5,3,0,0,38,74,5,16,4,9,3,4,0,3,34,72,3,8,7,10,9,8,0,3,44,100,6,3,3,11,20,17,3,6,26,105,9,5,5,7,17,23,10,12,26,104,4,0,0,10,19,14,4,9,21,88,3,4,0,5,8,17,5,8,8,56,3,0,0,0,13,11,7,9,4,43,0,3,0,0,3,7,3,10,3,23
216,40,17,24,67,217,268,136,125,11,903,21,10,7,18,79,131,94,70,6,436,26,3,9,13,42,64,80,65,0,306,14,0,4,3,13,29,91,37,3,197,5,3,0,3,7,5,31,30,0,88,0,5,3,5,11,3,5,6,3,41,7,30,11,24,35,24,17,18,18,185,381,1365,779,971,1416,1224,734,625,180,7683,7,9,0,5,0,0,0,4,24,56,3,15,0,0,0,0,0,0,21,44,3,5,3,0,3,0,0,0,18,36,6,11,0,3,0,3,0,0,31,63,5,8,3,6,4,0,3,0,28,61,6,4,4,16,13,10,0,3,30,88,8,4,7,9,10,17,6,8,45,117,3,0,0,6,26,16,7,14,20,91,6,0,0,4,7,25,4,3,20,71,0,0,0,3,10,11,3,7,14,46,6,0,0,0,4,4,3,6,3,32,0,0,0,0,3,0,3,8,0,20
217,29,19,34,59,173,190,129,137,8,781,5,3,15,16,54,79,61,68,5,314,19,4,4,8,27,35,49,38,3,187,3,3,3,3,13,11,55,23,0,129,9,0,0,3,7,11,28,25,0,84,0,3,4,5,7,5,3,22,3,52,3,49,22,26,24,14,10,23,23,198,314,1779,875,1011,1282,958,620,656,164,7653,6,0,0,0,0,3,0,4,14,39,3,13,0,0,0,0,0,6,20,46,6,13,4,0,0,0,0,3,17,48,0,4,3,3,3,7,0,4,10,35,7,6,8,5,0,4,0,7,24,66,5,3,3,12,4,10,0,3,25,64,3,0,0,8,14,15,0,5,33,87,3,8,0,11,17,12,0,14,24,86,3,0,0,8,17,19,6,7,15,76,3,0,0,0,10,12,9,6,10,43,3,0,0,3,6,15,0,8,6,44,0,3,0,0,0,11,3,3,4,30
297,0,0,0,0,0,0,0,0,0,3,0,0,0,0,0,0,0,0,0,3,0,0,0,0,0,0,0,0,0,0,0,0,0,0,0,0,0,0,0,3,0,0,0,0,0,0,0,4,0,11,0,0,0,0,0,0,0,4,0,8,0,0,0,0,0,0,0,0,0,0,3,0,0,4,0,3,0,18,3,34,0,0,0,0,0,0,0,0,0,0,0,0,0,0,0,0,0,0,0,0,0,0,0,0,0,0,0,0,0,0,0,0,0,0,0,0,0,0,0,0,0,0,0,0,0,0,0,0,0,0,0,0,0,0,0,0,0,0,0,0,0,0,0,0,0,0,0,0,0,0,0,0,0,0,0,0,0,0,0,0,0,0,0,0,0,0,0,0,0,0,0,0,0,0,0,0,0,0,0,0,0,0,0,0,0,0,0,0,0,0,0,0,0,0,0,0,0,0,0,0
299,79,93,125,302,438,781,274,388,39,2520,43,37,63,132,266,478,194,354,18,1583,30,19,30,61,121,314,158,277,17,1032,15,3,8,34,42,147,100,198,8,563,30,12,14,38,55,124,98,232,14,601,9,14,13,16,10,27,17,68,3,159,23,84,47,38,51,67,33,37,69,452,868,4375,3099,3103,2635,3792,1390,2307,508,22073,30,8,3,0,4,6,0,22,39,125,7,42,3,0,3,0,0,3,31,95,5,37,18,10,3,9,0,7,51,136,20,26,23,15,6,7,3,3,41,138,19,31,29,20,5,15,0,18,39,174,15,19,30,30,27,20,5,26,45,221,15,22,18,30,39,29,7,8,44,220,28,14,14,23,56,58,14,29,51,297,18,10,15,20,55,51,22,27,55,275,10,0,0,3,16,43,3,26,25,130,7,3,5,3,13,33,3,33,13,119,6,3,0,0,9,15,6,23,9,73
301,36,24,43,87,382,283,186,158,14,1221,15,14,18,37,105,134,74,117,3,514,8,0,16,29,70,88,52,102,0,367,12,0,0,18,21,56,35,51,0,203,14,5,8,6,26,35,22,50,3,176,3,7,3,7,11,7,0,17,0,47,3,26,18,12,27,30,7,15,14,155,310,1803,1182,1288,2314,1451,694,770,158,9968,3,4,0,0,0,5,0,3,17,41,0,20,3,0,0,3,0,0,20,50,0,12,3,0,0,0,0,0,10,39,3,12,13,3,0,0,0,6,21,54,5,0,8,7,4,9,0,0,22,64,0,5,16,13,14,12,3,4,30,98,5,4,4,11,34,19,0,13,47,132,3,4,6,13,35,31,9,24,34,154,4,10,9,3,42,33,16,13,14,152,0,0,3,3,18,16,11,13,13,76,0,3,3,3,14,14,7,22,8,76,0,3,0,0,0,10,4,13,7,43
302,34,19,44,114,433,425,212,158,15,1448,12,16,13,34,126,155,107,120,8,597,7,7,0,12,61,84,64,122,10,368,8,6,0,6,28,41,25,79,3,192,4,0,3,4,8,40,13,95,3,171,3,0,3,3,6,3,4,17,0,43,6,37,16,20,31,16,10,7,29,174,334,1802,1322,1531,2806,1706,764,873,183,11317,3,0,0,0,0,3,3,9,16,43,3,17,4,0,0,3,0,4,10,44,3,13,7,0,3,3,0,0,24,49,7,6,7,3,6,3,0,5,19,55,0,12,24,13,0,0,0,3,42,96,5,13,17,17,19,13,3,3,45,129,10,4,9,20,48,32,6,8,40,167,7,10,7,18,67,39,14,23,41,229,0,0,5,8,68,58,25,29,34,225,3,3,0,9,44,29,12,15,17,131,4,3,5,5,23,30,15,30,22,128,0,0,0,0,13,19,12,15,12,79
303,35,29,37,72,365,336,160,203,26,1267,11,13,8,33,135,157,75,104,13,548,6,5,7,20,48,51,38,70,5,256,0,3,4,3,24,26,19,58,0,147,3,3,3,5,13,23,14,58,3,135,0,10,3,0,3,4,5,8,3,41,3,33,14,23,32,20,3,12,20,168,338,2460,1827,1619,2554,1634,667,841,244,12193,13,5,5,0,3,3,0,8,45,83,5,43,4,3,0,0,0,4,23,90,12,38,15,3,0,0,0,0,41,110,8,24,18,3,3,9,0,4,42,110,3,13,22,14,13,7,3,7,52,129,3,22,23,37,21,16,3,9,50,182,9,9,11,31,53,35,7,22,67,254,9,12,17,38,79,63,24,25,59,334,7,3,5,15,92,74,21,36,64,313,4,3,4,7,44,48,22,35,26,199,3,0,4,9,40,38,19,27,16,151,3,3,0,5,19,34,6,27,4,97
304,10,14,16,24,66,69,25,48,6,278,0,3,3,8,20,24,13,31,0,100,0,0,4,6,6,16,5,29,0,66,0,3,0,0,6,4,0,12,3,29,3,0,3,0,3,9,6,14,0,34,0,6,0,0,0,0,0,3,0,15,0,15,8,8,4,0,0,3,10,52,113,1285,650,558,576,341,111,245,74,3955,3,4,0,4,0,0,0,5,10,30,0,19,0,0,3,3,0,3,10,41,0,17,6,7,0,0,0,0,9,41,0,10,4,5,0,0,0,3,11,28,0,9,7,5,0,0,0,0,5,22,5,7,11,3,5,4,4,3,13,60,3,0,4,16,8,11,3,7,16,70,0,7,4,9,17,11,11,7,15,80,6,3,0,3,15,32,11,11,18,110,3,5,3,9,13,25,14,16,9,91,3,4,0,3,8,15,5,6,8,48,0,3,0,4,3,6,5,14,6,36
305,23,41,56,99,348,322,183,169,25,1256,19,20,24,52,151,149,108,131,13,660,13,7,6,17,111,139,80,122,11,516,11,3,15,10,56,101,78,138,0,412,8,3,6,15,48,59,62,188,8,391,3,4,0,3,10,7,6,28,4,75,6,24,21,30,20,20,17,20,39,198,380,2949,3141,2073,2675,1654,851,1117,355,15195,22,18,0,0,10,7,3,15,69,147,11,48,9,0,0,0,0,4,49,131,3,51,23,8,3,3,0,0,70,160,6,34,28,8,4,7,0,10,71,165,7,12,50,22,9,9,3,10,65,189,12,33,23,34,39,22,5,12,74,246,14,15,23,38,72,60,13,20,98,355,20,8,23,39,125,104,23,34,120,499,20,26,18,48,163,150,42,44,99,605,15,6,13,22,141,116,37,53,68,468,21,6,5,17,139,108,48,58,43,449,6,9,7,16,89,92,40,41,27,326
306,31,22,32,76,231,263,145,152,13,975,11,0,16,22,81,83,70,97,7,384,7,12,4,8,41,48,42,75,3,232,5,5,8,4,10,14,8,25,4,86,0,5,0,7,8,12,8,21,6,68,0,5,3,4,6,7,3,7,3,37,4,52,25,38,34,27,11,19,39,247,349,1919,1463,2191,2392,1500,727,893,317,11746,7,10,0,3,0,7,0,5,36,73,0,18,3,3,0,0,0,0,19,46,5,17,7,3,3,0,0,3,35,75,8,15,11,12,4,3,0,9,55,108,10,9,7,8,7,0,8,3,43,90,8,11,12,19,15,14,0,17,41,135,11,3,6,23,38,18,7,9,57,184,3,5,7,14,44,33,7,19,40,178,7,9,0,10,30,33,21,21,33,159,4,3,3,3,35,27,11,19,20,123,4,6,0,0,15,18,14,20,10,79,3,3,0,0,5,7,5,12,5,41
307,31,26,34,61,276,180,165,307,13,1093,22,8,7,13,92,76,69,166,3,457,6,3,5,14,24,24,25,89,5,194,4,0,3,3,8,13,11,50,4,91,3,7,0,5,12,11,6,54,0,99,0,3,0,7,4,12,4,26,0,61,3,29,12,14,15,27,12,33,26,169,277,1425,785,1031,1749,1263,671,1430,204,8830,4,0,4,0,4,0,0,11,21,41,3,6,3,0,0,0,0,5,15,37,9,13,5,8,0,0,0,0,24,62,0,3,7,0,3,3,0,3,31,59,5,10,9,4,7,0,4,4,29,69,0,5,9,13,3,6,3,7,21,63,6,4,4,6,7,14,4,6,25,74,3,0,4,0,12,18,7,8,31,87,3,0,3,3,20,19,8,19,11,87,3,0,0,0,11,6,5,18,11,50,0,0,0,3,7,9,0,17,5,38,0,3,0,0,0,3,3,10,3,25
308,45,42,37,66,317,254,115,297,16,1183,22,7,17,28,125,122,98,178,7,597,11,7,6,22,52,63,62,126,6,360,13,5,6,5,42,44,34,148,7,294,28,9,15,8,21,44,65,335,5,534,11,8,11,13,8,14,12,209,3,276,7,48,14,19,32,20,10,30,35,214,442,2145,1244,1384,2098,1398,741,1898,241,11600,10,5,0,0,0,3,0,11,22,49,9,16,0,5,0,0,0,0,18,53,4,18,15,3,0,0,0,3,20,63,8,7,3,3,3,3,0,3,31,56,4,4,10,11,3,5,0,4,34,78,3,10,11,16,4,9,0,9,28,77,9,9,7,6,27,6,3,7,30,97,13,5,3,13,38,34,9,13,39,160,7,9,5,4,19,20,12,29,28,125,0,3,0,7,22,20,8,27,14,104,12,3,3,5,11,9,13,20,6,81,4,0,0,5,7,9,15,26,8,72
309,48,42,93,191,540,540,320,361,31,2161,14,14,31,80,169,236,162,274,14,1007,13,21,16,29,97,143,110,216,9,652,14,3,7,19,54,75,55,153,3,376,3,11,14,5,46,48,60,153,9,347,4,9,5,14,7,11,8,51,0,108,13,72,31,61,47,43,20,34,69,394,589,4714,3459,3842,4347,2792,1402,1917,456,23523,24,15,8,3,10,4,4,10,71,164,5,58,6,3,3,0,0,3,55,140,5,51,17,8,3,3,3,6,66,160,9,36,36,16,4,17,9,8,66,200,18,30,31,26,6,11,3,8,80,218,11,29,29,64,33,34,7,13,102,326,17,24,31,56,90,53,12,34,102,414,16,16,22,38,119,100,30,47,83,465,12,15,11,27,99,107,43,58,72,452,5,15,7,22,60,71,15,45,39,285,3,8,8,10,20,47,14,53,36,206,3,0,4,5,12,34,11,25,14,106
310,39,26,39,184,488,442,254,227,21,1717,10,8,12,55,141,154,97,131,9,623,9,3,8,15,49,77,61,110,5,339,4,0,0,10,26,38,30,52,4,163,3,0,0,0,17,19,25,30,0,105,3,3,3,6,3,10,3,12,0,51,4,50,23,24,31,31,18,16,34,233,404,2275,1450,2224,3212,2227,989,996,286,14059,3,7,3,0,7,7,0,7,31,64,4,22,0,3,3,6,0,0,25,63,3,16,9,0,0,0,3,5,21,60,7,11,10,14,0,0,0,4,42,96,0,11,9,13,6,4,0,8,41,90,3,6,8,22,14,19,8,9,48,134,4,10,12,26,44,24,9,13,48,187,3,5,6,27,61,37,20,16,56,239,8,8,3,9,54,48,28,28,44,226,10,0,0,5,26,42,26,31,9,144,3,0,0,4,27,35,7,29,15,132,3,0,0,3,9,23,5,19,8,68
311,19,29,28,78,227,274,157,180,15,1008,6,7,17,35,102,128,63,108,7,476,5,6,3,15,24,51,49,94,10,266,0,5,0,8,8,23,12,38,3,103,3,3,3,3,9,15,11,51,0,96,6,0,0,8,5,8,8,16,0,47,3,39,16,19,26,21,11,15,41,201,299,2072,1332,1537,2072,1558,685,836,262,10653,13,5,0,0,4,5,0,11,37,73,0,26,0,3,0,0,0,4,20,54,3,25,6,3,3,3,0,3,19,69,6,9,15,13,9,0,0,0,22,66,7,12,13,12,0,4,0,3,36,93,9,6,8,16,16,13,0,8,55,126,9,8,8,21,42,25,6,12,47,177,4,7,3,19,47,55,13,12,47,213,3,3,3,10,39,24,8,18,29,142,0,3,0,3,27,29,14,13,22,110,0,5,0,6,10,14,10,19,12,68,4,0,3,0,4,4,3,9,12,43
312,42,34,33,62,182,224,135,286,19,1013,20,15,12,19,64,110,93,149,7,478,24,10,3,7,48,50,59,103,4,313,7,6,6,3,12,27,28,83,0,181,7,7,6,3,25,12,39,109,4,201,3,8,4,3,6,8,3,29,3,64,3,33,21,24,21,22,17,24,28,189,301,1513,927,1116,1406,1225,771,1372,192,8826,6,3,0,0,0,4,3,3,16,36,6,11,0,3,0,4,0,4,12,42,3,7,8,4,0,0,0,0,17,34,10,9,3,3,4,10,0,3,26,66,3,3,3,0,6,4,0,3,24,52,6,5,13,12,13,11,4,4,34,89,4,6,0,15,18,15,7,10,36,98,7,0,4,10,25,15,9,5,26,108,3,0,3,3,16,9,10,29,28,104,4,6,3,0,9,18,14,20,10,82,5,3,0,4,9,14,7,31,8,84,4,0,0,3,10,10,8,20,8,63
313,12,30,20,49,170,199,123,124,6,738,15,16,3,22,50,94,59,88,10,351,3,7,5,6,36,63,33,62,4,206,0,0,0,3,8,26,24,30,3,101,0,3,3,3,3,14,11,31,0,76,0,0,5,9,3,3,5,4,3,33,0,21,16,7,19,20,9,12,28,139,240,1854,1127,1409,1521,1162,540,652,183,8700,3,10,0,0,0,3,0,7,15,41,3,18,5,0,0,3,0,3,15,50,0,17,3,7,0,0,0,4,26,56,0,9,4,3,0,0,0,3,39,61,3,3,10,9,3,3,3,0,33,70,7,3,10,12,8,7,3,5,21,82,3,10,9,18,19,11,9,0,31,107,7,3,0,11,14,21,4,10,26,105,0,0,0,5,23,25,3,11,17,92,3,3,0,0,14,10,3,16,7,57,4,3,0,0,6,8,0,15,11,46,0,0,0,0,0,9,0,8,3,25
314,15,13,17,41,123,101,49,58,3,421,4,4,3,22,36,54,36,51,0,212,8,4,3,8,11,24,24,36,5,124,0,4,0,0,5,11,13,30,3,76,0,0,4,7,4,3,8,24,0,49,0,0,5,3,3,3,0,9,0,22,3,19,9,16,10,4,0,6,17,75,164,1308,649,684,859,511,266,350,85,4877,3,4,0,0,0,3,0,6,15,36,3,7,3,0,0,0,0,0,8,19,3,12,6,0,0,0,0,0,8,30,3,7,4,0,0,3,0,0,23,41,4,8,5,6,0,3,0,0,13,38,3,3,11,7,0,3,0,3,21,48,3,0,7,10,18,11,4,3,25,77,3,0,6,4,27,16,0,3,18,79,7,0,7,8,19,21,11,10,18,93,0,3,0,0,7,11,3,10,9,44,3,0,0,0,3,4,3,4,9,26,0,0,0,0,4,3,4,12,3,28
315,17,18,7,29,85,114,58,190,12,537,5,9,9,7,45,39,42,103,4,262,8,3,0,4,20,14,26,77,0,155,3,0,3,8,4,11,29,61,0,122,6,3,0,4,3,12,39,71,3,145,0,3,0,3,4,3,3,15,3,42,5,18,6,12,11,25,5,22,28,146,187,597,347,524,659,714,398,1291,142,4858,0,0,0,0,0,0,0,6,6,26,0,3,0,0,0,0,0,0,15,26,5,5,0,3,4,0,0,10,21,53,7,3,0,3,6,0,0,3,18,46,0,8,3,9,0,5,0,0,19,48,3,5,3,11,10,10,0,9,13,59,9,0,3,4,12,11,6,10,15,70,3,0,3,4,14,4,9,8,26,64,3,0,0,5,14,12,4,8,12,68,3,0,0,0,3,9,4,6,7,38,4,0,0,0,3,6,8,4,4,34,0,4,0,0,6,6,4,9,3,34
316,26,33,47,95,233,262,154,206,9,1068,6,13,15,28,87,109,80,93,5,430,11,7,13,22,32,58,36,97,4,275,0,0,4,5,10,21,21,43,4,113,3,0,3,4,12,7,19,39,5,96,0,8,3,10,10,8,4,15,0,52,4,37,21,36,22,25,15,26,24,212,356,3171,1932,2222,2027,1442,737,947,239,13080,7,12,3,0,0,11,0,7,40,83,0,28,3,0,0,0,0,10,30,72,4,25,14,4,0,0,0,4,38,92,5,22,17,6,4,3,3,4,44,112,9,17,12,14,3,10,0,5,43,112,6,13,15,20,14,21,0,9,41,144,10,18,13,22,31,31,10,8,46,191,9,11,12,24,57,22,22,16,39,209,8,4,4,18,25,33,14,36,28,180,4,6,4,4,15,28,12,18,25,106,3,7,0,4,7,20,8,26,11,84,0,3,3,3,5,7,3,17,10,57
317,27,16,26,48,177,155,77,144,13,686,10,3,7,12,53,43,26,82,0,232,3,3,3,3,19,17,26,75,0,158,11,0,0,6,6,13,8,34,0,79,0,0,3,0,3,11,3,32,0,51,3,6,0,4,3,3,0,15,0,38,4,39,15,13,18,7,7,10,16,130,228,1408,835,1085,1417,878,433,674,133,7084,5,5,0,0,0,3,0,3,11,28,0,18,0,0,0,0,0,0,11,30,0,6,4,0,0,0,0,0,11,28,0,5,4,3,4,0,0,0,22,43,3,7,3,0,3,4,0,5,34,61,0,11,3,4,4,7,0,0,28,52,6,3,6,8,14,12,3,5,24,79,4,3,4,4,20,19,9,10,26,92,3,9,0,3,21,23,6,14,19,94,8,0,0,4,17,9,6,8,6,58,0,3,0,3,6,10,3,9,7,37,4,0,0,0,8,3,4,9,5,31
318,35,23,17,77,286,233,155,185,12,1022,12,17,14,22,88,111,85,137,4,503,4,8,11,16,37,64,46,85,4,268,3,3,8,5,14,27,20,44,0,124,4,6,3,5,6,16,18,37,3,102,0,3,0,0,0,10,0,15,0,27,6,37,21,14,19,22,11,26,31,188,340,2165,1188,1434,1874,1207,687,973,200,10070,9,0,0,0,4,3,0,8,26,44,3,25,0,0,0,0,0,5,21,56,3,7,4,7,0,0,0,0,30,52,7,10,4,4,0,0,0,4,28,59,3,4,5,6,0,10,0,0,27,61,6,9,8,18,17,11,4,4,27,102,11,0,4,13,32,22,6,7,30,129,0,0,8,13,33,26,9,14,38,144,3,3,7,16,58,35,27,24,42,204,6,0,3,6,30,35,21,21,18,148,6,0,0,4,29,18,12,25,20,114,4,0,0,3,11,15,6,9,15,60
319,29,26,33,90,265,262,189,245,24,1159,17,9,11,26,86,80,70,123,5,423,5,8,4,3,27,34,43,60,0,185,4,8,0,5,9,17,24,39,3,111,3,8,0,3,6,11,12,38,0,88,0,9,7,0,7,4,3,18,0,51,9,30,25,28,32,38,9,28,40,230,403,2609,1571,2060,2336,1699,922,1181,311,13092,10,5,0,0,0,5,0,3,28,58,3,16,0,3,0,3,0,3,39,77,9,16,4,3,7,5,3,11,40,92,9,11,14,5,0,0,0,7,75,126,4,15,18,3,3,5,0,5,44,108,9,15,15,22,12,7,3,8,44,137,4,8,9,26,28,15,6,12,37,140,9,6,10,4,35,31,3,13,28,147,10,6,0,7,25,24,7,20,28,125,3,7,0,3,19,10,6,12,15,80,3,0,3,3,18,8,3,10,14,54,0,0,0,0,0,6,4,4,3,22
397,0,0,0,0,0,0,0,3,0,3,0,0,0,0,0,0,0,0,0,5,0,0,0,0,0,0,0,0,0,3,3,0,0,0,0,0,3,10,0,15,0,0,0,0,0,0,0,11,0,10,0,0,0,0,0,0,0,0,0,0,0,0,0,0,0,0,0,0,0,3,11,0,4,3,3,3,3,30,3,52,0,0,0,0,0,0,0,0,0,0,0,0,0,0,0,0,0,0,0,0,0,0,0,0,0,0,0,0,0,0,0,0,0,0,0,0,0,0,0,0,0,0,0,0,0,0,0,0,0,0,0,0,0,0,0,0,0,0,0,0,0,0,0,0,0,0,0,0,0,0,0,0,0,0,0,0,0,0,0,0,0,0,0,0,0,0,0,0,0,0,0,0,0,0,0,0,0,0,0,0,0,0,0,0,0,0,0,0,0,0,0,0,0,0,0,0,0,0,0,0
399,77,124,117,321,416,661,335,568,39,2649,43,45,55,115,167,376,203,441,18,1464,18,18,27,70,82,222,157,363,13,976,21,8,20,33,41,133,76,268,6,614,28,7,9,24,33,81,61,248,9,506,17,9,8,6,12,16,14,73,0,144,17,45,38,55,31,48,25,42,66,357,811,4044,2853,3218,2450,3097,1471,3017,427,21381,23,19,5,4,4,4,0,15,35,109,14,17,7,3,7,0,0,3,25,76,12,26,11,8,0,0,0,3,28,90,18,21,16,14,6,5,0,4,30,119,13,15,9,16,10,11,0,5,51,135,19,14,12,20,11,10,4,16,39,147,13,20,15,25,35,28,9,19,48,211,25,6,14,24,34,56,14,29,45,251,13,5,10,15,25,38,11,56,47,220,8,5,4,4,16,37,13,27,27,145,5,3,3,3,5,19,6,27,13,93,3,3,3,3,5,14,3,27,11,75
401,25,35,38,84,283,217,127,119,14,939,9,10,8,23,63,85,81,97,4,375,6,6,4,14,29,45,23,66,0,203,5,4,3,9,7,22,17,42,0,116,4,3,6,3,8,17,10,31,0,82,4,10,9,0,4,3,3,13,0,51,8,47,26,23,32,17,3,6,23,187,423,3852,2227,2078,2028,1105,590,643,260,13214,8,16,4,3,3,4,0,4,46,91,8,40,8,0,0,3,0,4,45,110,11,24,16,8,0,3,0,4,45,115,5,30,19,7,5,3,0,9,55,131,8,20,29,23,9,5,3,0,82,180,13,23,21,37,30,11,3,4,53,202,6,11,23,49,56,20,9,20,61,261,15,9,23,43,113,57,16,31,57,357,16,9,17,24,136,81,29,26,53,394,19,6,13,26,122,59,29,10,38,320,17,4,3,14,89,73,26,29,18,276,9,4,4,7,44,39,22,17,9,152
402,35,33,37,85,546,382,251,163,16,1554,15,11,13,25,120,138,93,106,3,519,9,9,9,9,46,51,49,64,0,247,3,3,3,8,9,22,16,34,7,105,3,3,3,3,6,10,14,51,0,95,3,13,3,0,3,4,0,7,0,39,3,47,18,38,46,19,8,10,20,215,438,3381,2037,2227,3611,1851,1003,800,263,15610,17,9,0,0,5,0,0,4,34,72,4,35,8,0,0,0,0,3,26,70,10,31,12,6,3,4,0,0,33,108,0,18,13,7,0,3,0,0,42,97,14,13,15,15,15,6,3,5,44,116,11,18,19,30,25,10,3,8,54,173,6,5,10,16,74,22,12,7,53,221,10,11,7,26,68,47,17,12,47,240,11,11,7,14,78,45,28,28,41,263,8,0,6,5,52,34,24,23,23,166,6,0,0,3,25,28,12,12,11,103,3,0,0,0,18,19,7,12,9,68
403,18,22,15,66,217,176,122,103,4,751,4,5,9,22,55,65,49,56,3,267,8,5,7,8,18,35,16,59,3,155,0,0,3,4,6,11,10,27,0,61,0,0,0,8,6,6,3,29,0,52,0,3,3,8,6,3,0,3,3,34,3,48,23,23,28,9,4,5,16,161,325,3055,1548,1464,1561,883,460,471,159,9921,13,3,0,3,3,5,0,4,18,45,0,33,5,0,3,0,0,0,13,59,6,15,10,3,4,0,0,0,17,57,3,13,10,6,7,0,0,3,27,62,7,6,14,11,4,0,0,3,41,86,13,12,15,13,10,10,0,10,33,110,7,10,13,18,25,13,5,8,28,127,3,11,3,16,45,21,13,12,24,147,3,5,3,5,42,18,6,17,19,121,3,3,0,12,14,18,7,11,10,86,0,3,5,3,12,17,4,10,6,73,0,0,3,0,8,4,0,4,5,30
404,48,38,35,97,437,337,247,172,15,1426,21,13,15,31,145,135,136,118,7,613,17,11,6,11,71,54,65,89,3,333,11,4,7,14,22,40,49,60,0,206,13,0,5,13,26,45,47,62,3,213,3,9,6,4,7,9,3,22,4,60,10,37,28,26,33,20,4,17,18,197,415,2539,1515,1885,3203,1658,988,802,234,13226,11,5,0,0,4,9,0,3,27,65,8,18,3,0,0,0,0,3,20,64,4,17,6,4,0,0,0,0,52,90,7,22,13,8,4,0,0,0,41,89,6,15,12,4,3,0,0,3,39,88,7,13,11,28,13,7,4,4,48,139,4,9,9,32,59,26,6,4,34,192,9,3,4,23,71,39,23,22,38,233,11,6,11,13,61,55,18,35,30,254,4,9,0,7,38,27,30,21,14,147,5,0,0,0,27,29,15,21,17,118,0,3,9,0,10,9,14,17,10,76
405,31,19,14,39,181,288,120,80,5,767,11,5,3,8,50,131,72,61,6,358,7,3,3,13,29,55,46,43,0,197,7,0,0,3,3,14,15,17,0,66,0,0,0,4,0,8,12,28,0,49,0,3,3,3,3,0,3,7,0,24,3,43,14,5,19,18,6,11,14,135,275,1494,779,862,1112,1098,467,456,126,6678,5,3,0,0,0,0,0,0,14,24,3,13,3,0,0,0,0,3,11,28,6,4,4,3,0,3,0,5,17,40,0,9,3,0,0,0,0,4,25,50,4,4,3,9,0,4,0,3,22,45,3,6,3,7,8,0,0,3,18,48,8,5,3,9,11,9,3,3,14,62,0,0,3,11,19,13,5,5,10,63,3,3,0,3,20,16,9,0,13,72,3,0,0,0,7,8,11,10,3,48,3,0,0,3,8,7,8,4,3,32,0,0,0,0,0,3,0,6,3,18
406,21,13,15,18,97,85,59,73,14,401,4,4,5,14,35,36,31,74,6,213,15,10,4,11,26,18,24,71,0,177,8,3,5,4,10,9,12,54,0,110,6,10,4,8,11,7,12,62,0,117,3,6,4,5,3,6,0,26,0,51,5,13,21,6,13,11,3,3,22,96,188,927,582,618,586,483,267,596,135,4377,0,3,3,0,0,0,0,11,15,30,0,4,4,0,0,0,0,4,13,24,3,4,0,0,0,0,0,0,14,26,3,6,4,0,0,0,0,3,23,43,4,7,3,3,0,3,0,0,17,37,4,9,3,9,4,8,0,10,5,46,4,4,7,3,15,7,0,6,22,65,3,0,3,4,12,9,4,4,17,60,0,3,0,4,22,11,9,9,14,78,4,0,0,0,18,13,8,12,4,67,3,3,0,3,18,8,8,10,8,57,3,3,0,0,6,9,4,10,0,36
407,46,25,28,77,287,372,159,176,7,1170,21,9,10,26,91,116,66,87,7,429,11,9,6,12,21,37,25,52,3,181,4,3,7,0,3,11,13,29,0,78,12,11,8,9,8,18,7,22,3,96,11,12,8,6,8,11,7,7,3,69,9,46,14,17,22,29,9,12,17,197,517,2420,1292,1513,2407,2054,832,918,215,12172,7,8,0,3,0,3,0,0,23,44,0,11,3,0,0,4,0,3,18,36,10,14,4,0,3,4,0,5,26,62,6,13,8,11,0,0,0,3,27,78,7,10,17,6,8,4,0,9,42,102,9,7,8,16,7,10,0,6,26,99,10,3,11,7,20,19,5,4,22,110,7,3,11,7,25,9,13,15,16,109,3,0,3,3,24,12,7,15,20,90,0,3,0,4,16,9,6,9,16,62,0,0,3,3,8,10,7,6,13,44,0,0,0,5,3,5,3,7,0,23
497,0,0,0,0,0,0,0,0,0,3,0,0,0,0,0,0,0,0,0,0,0,0,0,0,0,0,0,0,0,0,0,0,0,0,0,0,0,3,0,3,0,0,0,0,0,0,0,6,0,4,0,0,0,0,0,0,0,0,0,0,0,0,0,0,0,0,0,0,0,0,3,0,0,0,3,0,3,5,0,19,0,0,0,0,0,0,0,0,0,0,0,0,0,0,0,0,0,0,0,0,0,0,0,0,0,0,0,0,0,0,0,0,0,0,0,0,0,0,0,0,0,0,0,0,0,0,0,0,0,0,0,0,0,0,0,0,0,0,0,0,0,0,0,0,0,0,0,0,0,0,0,0,0,0,0,0,0,0,0,0,0,0,0,0,0,0,0,0,0,0,0,0,0,0,0,0,0,0,0,0,0,0,0,0,0,0,0,0,0,0,0,0,0,0,0,0,0,0,0,0
499,25,29,37,125,111,208,102,155,6,798,14,15,23,44,56,85,57,82,5,378,8,10,13,22,20,54,33,100,3,260,10,0,7,6,16,23,11,48,3,124,14,5,3,10,14,31,19,47,0,141,0,3,0,3,4,5,3,14,0,35,10,23,9,17,17,9,13,13,22,125,314,1711,983,1227,861,936,438,707,127,7300,4,0,4,0,0,0,0,0,10,30,9,8,3,0,0,0,0,0,5,29,3,11,0,3,0,3,0,4,5,34,3,10,8,0,0,0,0,4,21,45,7,11,4,8,0,3,0,4,13,49,7,9,4,13,5,3,3,3,15,54,3,6,3,11,12,11,0,7,11,63,3,9,8,11,12,15,3,11,11,83,0,3,4,6,10,17,9,10,5,57,9,0,3,3,3,11,3,3,9,44,3,0,0,6,3,5,3,3,6,30,0,0,0,0,0,5,0,9,3,18
501,48,40,43,78,211,211,142,172,7,949,16,15,9,28,70,90,77,102,3,416,12,13,3,26,54,67,44,68,3,291,10,5,7,7,27,35,27,48,0,164,14,7,4,5,36,33,27,64,6,191,0,6,3,5,6,10,4,10,0,49,5,30,18,19,20,20,7,6,18,144,427,2180,1129,1378,1463,1118,595,774,176,9256,5,8,3,0,0,0,0,3,19,32,3,11,3,0,0,0,0,0,20,38,0,10,4,3,0,0,0,0,17,40,0,16,5,3,0,0,0,0,18,49,3,8,4,10,3,7,0,3,24,59,9,4,7,10,6,12,8,0,30,78,11,6,9,14,12,9,3,6,24,90,7,0,10,15,21,18,9,4,22,104,3,5,4,4,19,29,17,18,20,117,4,3,4,5,16,22,8,9,5,73,3,0,0,3,12,22,11,19,10,86,4,0,0,0,12,12,7,4,10,52
502,3,13,17,23,61,45,33,30,5,230,3,9,0,7,25,25,17,34,7,124,6,0,0,9,27,18,11,24,0,93,0,3,0,3,17,6,19,19,3,70,3,0,4,3,17,7,4,17,3,58,0,5,3,0,0,4,0,7,0,26,0,13,6,6,6,3,0,0,7,47,114,893,481,399,382,241,135,206,56,2908,0,3,0,4,0,0,3,0,8,13,0,7,0,0,0,0,0,0,8,17,0,3,0,0,0,0,0,0,10,19,3,9,3,3,0,0,0,0,5,22,0,0,4,3,3,0,0,0,3,16,3,3,3,3,3,3,0,3,9,30,3,3,0,10,6,0,0,0,6,26,0,0,3,0,3,5,3,3,11,38,3,0,0,3,6,6,0,5,11,35,0,0,0,0,8,5,4,9,4,28,0,0,0,0,4,7,4,9,3,24,0,3,0,0,3,0,4,6,3,17
503,28,40,36,84,229,196,97,136,21,870,22,14,15,31,88,88,48,128,9,445,13,9,11,16,41,51,37,107,8,289,22,3,3,10,16,21,17,95,9,198,45,3,6,3,17,22,16,153,3,279,23,8,7,8,11,17,13,75,0,162,3,34,27,4,14,21,4,18,31,162,403,2570,2273,1402,1322,988,421,908,246,10526,12,8,10,6,3,10,0,13,41,92,6,51,8,0,3,3,0,5,37,123,3,45,6,3,0,0,0,3,53,121,9,21,21,13,3,7,0,4,39,113,3,19,25,8,5,8,0,3,39,121,13,13,20,23,15,19,0,3,46,162,11,12,23,34,29,19,7,10,56,186,7,17,11,17,89,61,13,23,65,298,10,9,23,17,98,77,28,22,68,348,5,4,5,14,103,87,18,35,41,322,14,9,7,18,74,83,33,36,22,307,13,5,6,8,48,80,23,32,26,247
504,25,31,35,76,255,297,144,170,8,1047,10,15,15,25,80,114,71,91,9,420,9,7,10,21,43,72,47,81,3,292,9,0,0,10,14,18,25,56,5,143,3,6,13,10,11,29,12,59,3,140,4,8,9,3,3,6,4,23,0,60,3,37,20,19,12,15,4,15,25,145,261,2203,1391,1239,1618,1265,551,681,150,9367,6,8,6,0,3,0,3,7,24,56,3,21,8,0,0,0,0,0,14,52,3,12,3,4,0,0,0,0,18,58,3,10,12,10,0,4,0,5,20,66,4,6,9,7,7,0,0,3,17,49,4,8,7,20,8,11,5,3,22,100,3,7,13,21,28,15,3,9,25,116,10,11,5,14,31,29,6,13,37,150,7,9,7,3,40,43,17,15,30,172,3,4,4,8,26,35,15,29,15,133,3,0,3,3,25,25,13,26,10,115,3,4,4,0,12,13,10,17,10,76
505,25,58,69,134,383,402,211,201,16,1497,26,26,22,57,146,197,91,161,14,740,14,14,21,30,71,115,52,119,9,447,13,7,13,16,25,61,36,75,9,250,19,13,8,18,22,44,39,89,5,252,5,15,6,11,10,13,6,32,0,89,8,64,33,23,30,24,4,5,30,235,480,4218,2346,1996,2428,1820,748,983,260,15281,11,7,8,0,3,6,0,7,29,70,6,43,11,9,0,0,0,0,30,100,4,34,13,3,4,3,0,0,27,99,6,31,20,13,3,4,0,0,40,120,7,20,29,14,5,9,0,0,39,122,4,20,28,28,15,11,0,7,38,157,9,13,23,36,50,29,3,6,37,213,6,7,10,30,56,50,12,10,54,245,17,15,9,21,56,71,29,30,38,285,11,11,3,11,53,56,27,30,27,223,7,9,6,9,32,34,15,29,23,160,3,3,0,7,17,28,9,21,14,109
506,48,48,88,165,625,503,266,256,21,2019,27,25,18,53,210,219,178,234,21,995,25,15,14,32,93,151,99,178,13,630,15,12,13,17,42,64,55,117,8,345,21,11,6,12,21,47,55,173,5,350,10,17,8,10,4,16,10,50,3,127,9,58,42,27,41,29,8,26,36,285,562,4123,2823,2491,3309,2252,1160,1445,351,18523,10,14,3,5,4,4,0,13,54,104,5,47,3,0,3,5,0,5,37,100,11,37,16,5,0,3,0,3,42,111,4,31,17,12,6,0,0,3,45,120,3,26,28,21,13,11,4,6,55,159,3,25,26,23,26,23,0,5,56,195,10,11,20,29,59,37,3,16,57,257,14,7,10,26,73,61,23,33,78,328,16,9,15,24,108,94,36,48,61,415,11,5,13,9,73,85,41,47,41,318,5,7,7,9,49,45,39,46,24,220,3,0,0,4,26,39,21,38,21,160
507,47,59,74,94,348,403,182,207,16,1436,27,25,20,51,129,178,109,154,6,715,24,18,22,23,79,98,64,135,4,464,16,5,9,24,41,69,67,109,6,351,43,10,13,18,79,85,78,164,6,495,16,10,5,9,8,14,4,54,0,127,8,58,17,15,33,31,9,14,32,215,518,3576,2188,1818,2233,1815,829,1115,246,14344,8,17,3,0,0,7,3,8,31,79,9,34,3,4,3,3,0,3,36,86,5,35,5,0,4,0,0,5,35,88,5,22,16,3,0,3,0,3,38,104,7,19,22,11,3,4,0,3,32,108,6,16,24,13,11,19,0,9,40,142,5,7,14,21,23,14,3,12,46,157,12,14,5,15,39,42,11,20,38,210,7,6,17,10,49,64,28,28,44,255,11,7,11,9,54,46,28,28,36,225,6,6,8,14,29,42,20,42,24,191,3,0,6,7,25,37,33,34,27,169
509,33,29,33,45,107,196,140,207,8,790,9,10,10,20,40,74,70,147,13,392,14,8,9,12,20,40,31,80,3,216,9,4,6,5,12,15,28,60,0,142,11,9,4,0,17,18,14,84,4,166,5,12,12,8,0,8,3,31,0,71,7,23,15,14,16,23,7,19,13,129,330,1489,848,849,876,1105,626,1068,165,7348,7,6,0,3,0,0,0,4,26,43,5,13,0,0,0,3,0,0,7,33,0,8,7,3,0,0,0,4,10,28,5,8,7,0,0,0,0,3,20,51,3,6,9,3,0,3,0,10,16,57,3,4,11,4,8,4,0,5,30,71,6,3,0,7,14,16,3,9,28,93,6,4,3,3,8,14,4,16,19,72,3,8,0,0,22,15,7,17,9,83,4,0,0,0,9,10,5,12,15,65,8,0,0,0,5,9,3,13,12,45,4,0,0,0,9,5,11,8,4,35
510,60,25,29,38,82,118,69,486,13,907,62,18,10,28,37,50,57,481,17,755,54,16,21,12,33,37,40,350,14,580,45,24,15,3,15,26,40,433,17,612,172,28,30,30,36,60,84,1407,22,1874,120,28,30,22,22,38,29,1286,28,1595,14,12,3,11,13,14,6,68,24,172,649,537,432,532,544,603,463,4998,203,8960,7,4,3,0,0,3,0,11,23,52,3,9,0,0,0,0,0,4,16,30,5,8,3,0,0,3,0,0,32,54,0,3,4,3,3,4,0,3,22,46,0,6,3,3,0,0,0,3,8,26,0,3,3,3,3,3,0,4,20,37,5,5,0,7,16,11,0,11,18,70,10,7,0,4,15,7,3,20,17,83,8,0,3,5,14,11,10,28,16,92,12,0,0,3,17,12,8,38,19,110,15,0,0,0,9,12,13,40,13,93,6,0,0,0,4,11,13,53,14,108
511,43,28,19,45,82,147,115,270,12,752,34,12,10,13,35,67,57,211,12,455,24,6,16,6,21,47,38,182,4,353,14,4,10,11,19,31,26,135,9,256,21,9,4,12,15,23,41,187,5,320,12,6,8,12,6,9,4,48,0,103,4,19,10,18,10,16,8,38,21,137,340,1085,640,796,620,710,467,1430,164,6254,6,10,0,0,4,0,0,3,18,45,0,13,0,0,0,0,0,3,17,34,3,9,3,3,0,0,0,3,13,29,3,13,0,0,0,0,0,0,21,44,3,0,0,4,3,0,0,5,15,39,8,11,8,8,4,10,3,5,15,70,0,3,7,14,11,8,0,6,28,76,3,0,3,8,20,16,6,10,22,90,8,4,0,5,17,18,13,23,27,109,5,3,0,0,15,6,9,10,16,67,3,5,0,0,15,10,18,25,16,87,0,0,0,0,4,10,9,35,5,72
597,0,0,0,0,0,4,0,12,0,11,0,0,0,0,0,0,0,3,0,7,0,0,0,0,0,0,0,20,0,23,4,0,0,0,0,0,0,24,0,31,13,3,3,0,0,3,7,117,4,152,7,0,0,0,4,0,3,106,0,125,0,0,0,0,0,0,0,5,0,5,30,14,8,3,7,4,10,291,5,379,0,0,0,0,0,0,0,0,0,0,0,0,0,0,0,0,0,0,0,0,0,0,0,0,0,0,0,0,0,0,0,0,0,0,0,0,0,0,0,0,0,0,0,0,0,0,0,0,0,0,0,0,0,0,0,0,0,0,0,0,0,0,0,0,0,0,0,0,0,0,0,0,0,0,0,0,0,0,0,0,0,0,0,0,0,0,0,0,0,0,0,0,0,0,0,0,0,0,0,0,0,0,0,0,0,0,0,4,0,3,0,0,0,0,0,0,0,0,0,3
599,67,60,96,185,202,343,121,261,28,1363,52,22,58,111,101,211,78,248,15,893,35,20,28,59,45,140,75,208,11,613,36,15,14,28,29,73,35,190,3,434,67,11,26,31,31,76,39,272,14,564,36,5,9,11,4,20,15,120,3,223,5,19,18,16,19,25,9,20,21,152,622,2214,1403,1548,1003,1538,578,1675,210,10798,8,3,0,0,3,9,0,10,16,49,5,16,3,0,0,0,0,0,15,37,8,12,11,0,0,0,3,3,17,47,5,8,5,3,3,0,4,3,15,47,8,13,13,8,4,6,0,0,15,63,6,12,11,4,9,3,0,4,16,67,9,11,9,15,14,18,0,0,29,94,9,3,10,9,14,17,7,15,18,93,7,4,3,8,17,23,7,19,22,118,12,3,7,12,9,19,4,18,9,86,3,9,3,5,4,10,5,15,14,75,4,0,0,3,7,12,4,17,9,54
601,29,20,19,58,204,204,94,81,7,714,6,12,11,28,88,59,33,51,8,292,9,3,4,6,51,27,48,28,4,175,5,3,3,6,12,16,25,34,0,103,8,4,3,3,3,5,11,12,0,53,0,3,3,3,0,3,0,13,0,34,3,29,7,15,12,4,8,5,16,110,346,2272,1235,1219,1531,1005,445,435,180,8669,4,0,3,0,0,0,0,0,19,32,5,18,3,0,0,3,0,3,18,45,4,18,0,0,0,0,0,3,24,61,4,16,6,9,5,3,0,0,34,80,8,12,22,14,11,3,0,4,42,112,5,11,19,34,10,9,3,3,31,132,11,16,20,16,37,12,0,5,40,147,14,3,6,22,58,35,11,11,23,185,9,5,11,20,79,49,12,21,25,228,12,0,10,8,72,39,6,12,16,177,6,3,4,11,53,27,12,23,10,149,3,3,0,3,18,22,7,8,4,71
602,14,19,18,37,126,133,55,64,5,465,5,0,5,8,52,36,37,34,3,183,5,3,3,5,16,20,22,17,0,90,3,3,0,0,7,5,6,18,0,50,3,0,0,3,3,3,4,18,0,34,0,4,4,5,3,5,3,4,0,30,5,29,20,9,20,13,5,11,11,120,270,1451,907,993,1234,721,312,380,146,6409,3,0,0,4,0,0,0,3,11,23,4,13,3,0,0,0,0,4,13,30,10,19,3,4,0,0,0,0,16,54,4,5,10,0,5,3,0,0,19,58,8,10,3,7,0,3,0,3,22,55,3,3,9,12,7,6,0,7,37,79,0,7,3,17,18,8,0,5,20,78,7,4,4,8,35,13,3,5,14,107,7,3,6,6,31,19,14,5,16,103,0,3,0,4,13,13,6,12,14,64,0,0,0,0,12,6,9,7,6,40,0,0,0,0,6,9,3,11,7,35
603,7,16,0,3,33,47,28,30,6,169,0,3,0,3,12,26,5,21,0,70,0,0,0,0,3,4,7,7,0,20,0,0,0,0,0,5,5,5,0,9,0,0,0,3,0,0,0,0,0,4,0,3,0,0,0,3,0,0,0,5,4,6,4,6,8,4,3,8,8,55,70,363,212,237,278,308,104,174,46,1797,0,0,0,0,0,0,0,3,0,7,0,3,0,0,0,0,0,0,4,10,0,0,0,0,0,0,0,0,3,8,0,0,0,0,0,0,0,3,0,8,7,0,0,0,0,0,0,0,6,18,0,0,0,0,0,0,0,0,9,20,0,5,3,0,3,4,0,0,5,17,0,0,0,3,3,0,0,0,3,10,3,0,0,0,3,3,5,4,0,18,0,0,0,0,0,0,0,3,3,8,0,0,0,0,0,0,0,0,0,5,0,0,0,0,0,0,0,0,3,3
604,42,18,19,39,118,159,86,101,7,583,9,4,3,17,61,61,38,55,4,255,18,9,3,12,29,29,44,38,3,189,21,0,6,3,11,11,33,32,3,118,10,3,0,3,5,4,16,45,3,88,7,6,0,4,3,3,3,13,0,31,7,20,12,17,21,9,3,3,18,104,352,1349,743,858,1093,835,434,520,123,6303,0,5,0,0,0,0,0,3,10,16,0,3,0,0,0,0,0,0,15,25,0,6,4,0,3,0,0,0,25,38,0,11,7,5,3,0,0,7,18,54,0,3,16,10,0,3,0,0,22,58,6,9,15,5,13,8,0,3,15,81,5,3,5,3,18,17,3,4,15,79,3,0,5,12,21,17,11,11,10,90,6,0,0,3,23,23,6,14,17,93,0,0,6,0,9,12,7,11,5,48,4,0,0,0,9,5,6,11,3,32,0,0,0,0,7,3,6,0,0,18
697,0,0,0,0,0,0,0,0,0,3,0,0,0,0,0,0,0,3,0,3,0,0,0,0,0,0,0,0,0,0,0,0,0,0,0,0,0,3,0,6,0,0,0,0,0,0,0,4,0,5,0,0,0,0,0,0,0,0,0,0,0,0,0,0,0,0,0,0,0,0,5,0,0,0,3,3,4,9,0,23,0,0,0,0,0,0,0,0,0,0,0,0,0,0,0,0,0,0,0,0,0,0,0,0,0,0,0,0,0,0,0,0,0,0,0,0,0,0,0,0,0,0,0,0,0,0,0,0,0,0,0,0,0,0,0,0,0,0,0,0,0,0,0,0,0,0,0,0,0,0,0,0,0,0,0,0,0,0,0,0,0,0,0,0,0,0,0,0,0,0,0,0,0,0,0,0,0,0,0,0,0,0,0,0,0,0,0,0,0,0,0,0,0,0,0,0,0,0,0,0
699,7,17,3,16,25,40,21,36,3,171,3,0,0,3,14,14,13,27,4,82,0,0,3,3,3,9,7,24,3,61,3,0,0,0,8,3,4,13,0,33,6,0,0,0,0,4,0,18,0,30,0,0,0,3,3,0,0,3,0,13,0,13,4,4,3,8,0,5,7,40,95,484,264,247,193,238,111,200,45,1892,0,0,0,0,0,0,0,0,0,4,0,0,0,0,0,0,0,0,7,10,0,8,0,0,0,0,0,0,5,19,4,0,0,0,0,0,0,0,4,15,7,4,0,3,3,0,0,0,3,17,3,3,3,3,4,0,0,3,5,21,3,3,0,3,3,0,0,3,0,13,0,0,3,0,7,5,0,3,3,33,0,0,3,0,0,0,0,4,3,17,0,0,0,0,3,0,0,0,3,13,0,0,0,0,0,3,3,0,0,7,0,0,0,0,0,0,0,0,0,0
701,23,23,22,41,152,164,88,146,10,663,15,7,12,20,52,81,47,98,10,334,8,4,6,7,20,36,20,82,17,201,9,3,7,0,9,24,26,151,4,229,29,11,4,9,13,30,27,577,12,718,21,6,0,7,10,8,9,366,9,436,3,12,15,10,17,15,8,28,19,118,201,715,675,666,905,779,387,1687,174,6198,3,3,0,0,0,0,0,7,18,35,3,15,3,3,0,0,0,0,11,33,3,8,3,0,0,4,0,0,21,39,0,7,5,0,0,0,0,0,7,26,0,3,7,0,5,0,0,4,13,40,3,3,7,6,8,8,0,8,19,55,3,0,8,9,20,11,6,7,19,79,13,3,6,4,46,23,17,11,21,156,8,3,0,10,39,43,7,27,33,167,6,0,0,8,32,22,7,37,19,135,5,0,3,4,34,21,13,27,21,133,0,0,0,3,15,18,10,29,9,89
702,13,12,7,19,73,87,31,129,9,375,9,3,3,9,47,36,21,90,0,218,7,6,0,3,9,30,5,54,3,123,3,0,5,0,3,3,10,33,4,65,7,0,0,3,3,5,4,57,0,86,3,3,0,0,0,0,0,16,0,34,6,16,19,7,17,20,9,14,27,134,123,379,279,387,635,569,214,825,113,3535,9,0,0,0,3,0,0,0,21,34,5,7,5,3,3,0,0,0,53,73,5,11,10,15,4,3,0,0,109,158,3,12,12,0,3,3,0,3,26,55,5,3,0,3,5,5,0,0,20,47,3,16,9,11,9,4,0,9,24,82,0,3,0,10,14,19,3,16,11,71,0,3,0,3,19,17,6,10,11,70,4,8,3,0,25,18,3,17,8,82,3,0,0,0,24,9,3,12,7,60,0,0,0,0,16,11,9,14,5,50,7,0,0,0,6,7,12,9,3,39
797,0,0,0,0,0,0,0,0,0,0,0,0,0,0,0,0,0,0,0,0,0,0,0,0,0,0,0,0,0,0,0,0,0,0,0,0,0,0,0,0,0,0,0,0,0,0,0,8,0,11,0,0,0,0,0,0,0,0,0,0,0,0,0,0,0,0,0,0,0,3,5,0,0,0,0,4,3,11,0,25,0,0,0,0,0,0,0,0,0,0,0,0,0,0,0,0,0,0,0,0,0,0,0,0,0,0,0,0,0,0,0,0,0,0,0,0,0,0,0,0,0,0,0,0,0,0,0,0,0,0,0,0,0,0,0,0,0,0,0,0,0,0,0,0,0,0,0,0,0,0,0,0,0,0,0,0,0,0,0,0,0,0,0,0,0,0,0,0,0,0,0,0,0,0,0,0,0,0,0,0,0,0,0,0,0,0,0,0,0,0,0,0,0,0,0,0,0,0,0,0
799,6,0,4,10,14,22,3,17,3,87,5,3,3,4,0,17,8,20,0,65,4,3,0,3,0,7,4,23,3,51,0,0,0,0,0,3,9,19,0,37,3,0,0,3,3,4,3,59,3,75,4,0,0,0,0,0,0,29,0,36,5,0,0,0,0,3,3,0,6,15,53,84,62,81,41,109,47,203,17,690,3,0,0,0,0,3,0,0,4,8,0,0,0,0,0,0,0,0,0,3,0,0,0,0,0,0,0,0,7,6,0,0,0,0,0,0,0,0,0,3,0,0,0,0,0,0,0,0,0,3,0,0,0,0,0,0,0,3,3,3,0,0,0,0,3,0,0,0,4,8,4,0,0,0,3,0,0,0,0,7,7,0,0,0,0,5,0,0,3,22,3,0,0,0,0,0,0,7,0,16,0,0,0,0,0,0,0,3,0,9,0,0,0,0,0,0,0,0,0,3
801,24,53,44,56,243,268,130,159,15,991,16,19,14,18,98,143,65,130,11,523,7,9,14,15,39,58,37,81,8,274,3,6,5,3,16,32,20,44,0,133,7,10,10,4,16,16,15,52,0,120,0,0,0,5,4,7,3,9,3,34,4,34,30,9,15,12,6,6,31,155,311,2428,1602,1271,1654,1306,524,724,235,10054,11,6,0,3,6,8,0,4,30,75,10,43,6,0,3,3,0,10,37,103,7,28,12,7,0,0,0,0,32,87,6,18,23,5,5,0,0,3,32,91,14,19,20,4,13,8,3,10,48,133,13,21,24,34,19,9,5,7,43,166,11,14,31,36,50,41,8,13,56,260,24,11,28,37,114,61,21,20,66,381,31,17,25,43,215,134,49,49,88,658,37,16,19,49,258,145,49,32,56,665,42,10,13,43,249,195,57,55,39,705,21,10,10,25,160,120,49,54,39,479
897,0,0,0,0,0,0,0,0,0,0,0,0,0,0,0,0,0,0,0,0,0,0,0,0,0,0,0,0,0,0,0,0,0,0,0,0,0,0,0,0,0,0,0,0,0,0,0,0,0,0,0,0,0,0,0,0,0,0,0,0,0,0,0,0,0,0,0,0,0,0,0,0,0,0,0,0,0,0,0,0,0,0,0,0,0,0,0,0,0,0,0,0,0,0,0,0,0,0,0,0,0,0,0,0,0,0,0,0,0,0,0,0,0,0,0,0,0,0,0,0,0,0,0,0,0,0,0,0,0,0,0,0,0,0,0,0,0,0,0,0,0,0,0,0,0,0,0,0,0,0,0,0,0,0,0,0,0,0,0,0,0,0,0,0,0,0,0,0,0,0,0,0,0,0,0,0,0,0,0,0,0,0,0,0,0,0,0,0,0,0,0,0,0,0,0,0,0,0,0,0
899,3,7,11,18,31,43,24,26,0,162,4,4,4,9,15,20,20,22,0,102,5,0,0,3,3,17,5,16,3,54,0,0,0,7,4,13,5,9,0,41,0,5,0,0,3,3,3,9,0,24,0,0,0,0,0,0,3,4,0,10,0,0,0,3,0,4,0,3,3,11,41,182,138,138,128,187,92,120,18,1050,3,3,0,0,0,0,0,3,4,12,0,4,0,0,0,0,0,0,0,6,0,0,0,0,0,0,0,0,0,7,0,0,0,0,0,0,0,0,3,3,0,4,0,0,0,0,0,0,0,6,0,0,0,4,3,3,0,0,0,12,0,0,0,3,3,4,0,0,3,15,0,3,0,3,3,3,0,3,3,14,0,0,0,0,3,5,5,0,3,22,3,0,0,0,4,4,0,3,0,16,0,0,0,0,3,7,0,0,0,16,0,0,0,0,0,3,0,0,0,4
901,6,0,0,7,19,3,3,7,0,37,0,0,0,0,13,3,4,0,4,22,0,3,3,0,6,4,3,0,3,22,0,0,0,0,3,0,0,3,0,12,0,0,0,0,0,3,0,3,0,12,0,0,0,0,3,0,0,0,0,0,0,0,0,0,3,0,0,0,0,8,15,52,24,41,90,36,14,28,11,319,0,3,0,0,0,0,0,0,0,0,0,0,0,0,0,0,0,0,0,0,0,0,0,0,0,0,0,0,0,0,0,0,0,0,0,0,0,0,0,0,0,0,0,0,3,0,0,0,0,5,0,0,0,0,0,0,0,0,0,6,0,0,0,0,0,0,0,0,0,4,0,0,0,0,0,0,0,0,0,3,0,0,0,0,4,0,3,4,0,15,0,0,0,0,3,0,0,0,0,7,0,0,0,0,0,0,0,0,0,3,0,0,0,0,0,0,0,0,0,6
997,0,0,0,0,0,0,0,0,0,0,0,0,0,0,0,0,0,0,0,0,0,0,0,0,0,0,0,0,0,0,0,0,0,0,0,0,0,0,0,0,0,0,0,0,0,0,0,0,0,0,0,0,0,0,0,0,0,0,0,0,0,0,0,0,0,0,0,0,0,0,0,0,0,0,0,0,0,0,0,0,0,0,0,0,0,0,0,0,0,0,0,0,0,0,0,0,0,0,0,0,0,0,0,0,0,0,0,0,0,0,0,0,0,0,0,0,0,0,0,0,0,0,0,0,0,0,0,0,0,0,0,0,0,0,0,0,0,0,0,0,0,0,0,0,0,0,0,0,0,0,0,0,0,0,0,0,0,0,0,0,0,0,0,0,0,0,0,0,0,0,0,0,0,0,0,0,0,0,0,0,0,0,0,0,0,0,0,0,0,0,0,0,0,0,0,0,0,0,0,0
999,0,0,0,0,0,0,0,0,0,0,0,0,0,0,0,0,0,0,0,0,0,0,0,0,0,0,0,0,0,0,0,0,0,0,0,0,0,0,0,0,0,0,0,0,0,0,0,0,0,0,0,0,0,0,0,0,0,0,0,0,0,0,0,0,0,0,0,0,0,0,0,3,0,4,0,0,0,0,0,6,0,0,0,0,0,0,0,0,0,0,0,0,0,0,0,0,0,0,0,0,0,0,0,0,0,0,0,0,0,0,0,0,0,0,0,0,0,0,0,0,0,0,0,0,0,0,0,0,0,3,0,0,0,0,0,0,0,0,0,0,0,0,0,0,0,0,0,0,0,0,0,0,0,0,0,0,0,0,0,0,0,0,0,0,0,0,0,0,0,0,0,0,0,0,0,0,0,0,0,0,0,0,0,0,0,0,0,0,0,0,0,0,0,0,0,0,0,0,0,0