SA4_CODE_2016,P_EWFT_35_39_ES_NS,P_EWFT_35_39_Tot,P_EWFT_40_44_E,P_EWFT_40_44_OM_IE,P_EWFT_40_44_OM_UIE,P_EWFT_40_44_CFW,P_EWFT_40_44_ES_NS,P_EWFT_40_44_Tot,P_EWFT_45_49_E,P_EWFT_45_49_OM_IE,P_EWFT_45_49_OM_UIE,P_EWFT_45_49_CFW,P_EWFT_45_49_ES_NS,P_EWFT_45_49_Tot,P_EWFT_50_54_E,P_EWFT_50_54_OM_IE,P_EWFT_50_54_OM_UIE,P_EWFT_50_54_CFW,P_EWFT_50_54_ES_NS,P_EWFT_50_54_Tot,P_EWFT_55_59_E,P_EWFT_55_59_OM_IE,P_EWFT_55_59_OM_UIE,P_EWFT_55_59_CFW,P_EWFT_55_59_ES_NS,P_EWFT_55_59_Tot,P_EWFT_60_64_E,P_EWFT_60_64_OM_IE,P_EWFT_60_64_OM_UIE,P_EWFT_60_64_CFW,P_EWFT_60_64_ES_NS,P_EWFT_60_64_Tot,P_EWFT_65_69_E,P_EWFT_65_69_OM_IE,P_EWFT_65_69_OM_UIE,P_EWFT_65_69_CFW,P_EWFT_65_69_ES_NS,P_EWFT_65_69_Tot,P_EWFT_70_74_E,P_EWFT_70_74_OM_IE,P_EWFT_70_74_OM_UIE,P_EWFT_70_74_CFW,P_EWFT_70_74_ES_NS,P_EWFT_70_74_Tot,P_EWFT_75ov_E,P_EWFT_75ov_OM_IE,P_EWFT_75ov_OM_UIE,P_EWFT_75ov_CFW,P_EWFT_75ov_ES_NS,P_EWFT_75ov_Tot,P_EWFT_Tot_E,P_EWFT_Tot_OM_IE,P_EWFT_Tot_OM_UIE,P_EWFT_Tot_CFW,P_EWFT_Tot_ES_NS,P_EWFT_Tot_Tot,P_EWPT_15_19_E,P_EWPT_15_19_OM_IE,P_EWPT_15_19_OM_UIE,P_EWPT_15_19_CFW,P_EWPT_15_19_ES_NS,P_EWPT_15_19_Tot,P_EWPT_20_24_E,P_EWPT_20_24_OM_IE,P_EWPT_20_24_OM_UIE,P_EWPT_20_24_CFW,P_EWPT_20_24_ES_NS,P_EWPT_20_24_Tot,P_EWPT_25_29_E,P_EWPT_25_29_OM_IE,P_EWPT_25_29_OM_UIE,P_EWPT_25_29_CFW,P_EWPT_25_29_ES_NS,P_EWPT_25_29_Tot,P_EWPT_30_34_E,P_EWPT_30_34_OM_IE,P_EWPT_30_34_OM_UIE,P_EWPT_30_34_CFW,P_EWPT_30_34_ES_NS,P_EWPT_30_34_Tot,P_EWPT_35_39_E,P_EWPT_35_39_OM_IE,P_EWPT_35_39_OM_UIE,P_EWPT_35_39_CFW,P_EWPT_35_39_ES_NS,P_EWPT_35_39_Tot,P_EWPT_40_44_E,P_EWPT_40_44_OM_IE,P_EWPT_40_44_OM_UIE,P_EWPT_40_44_CFW,P_EWPT_40_44_ES_NS,P_EWPT_40_44_Tot,P_EWPT_45_49_E,P_EWPT_45_49_OM_IE,P_EWPT_45_49_OM_UIE,P_EWPT_45_49_CFW,P_EWPT_45_49_ES_NS,P_EWPT_45_49_Tot,P_EWPT_50_54_E,P_EWPT_50_54_OM_IE,P_EWPT_50_54_OM_UIE,P_EWPT_50_54_CFW,P_EWPT_50_54_ES_NS,P_EWPT_50_54_Tot,P_EWPT_55_59_E,P_EWPT_55_59_OM_IE,P_EWPT_55_59_OM_UIE,P_EWPT_55_59_CFW,P_EWPT_55_59_ES_NS,P_EWPT_55_59_Tot,P_EWPT_60_64_E,P_EWPT_60_64_OM_IE,P_EWPT_60_64_OM_UIE,P_EWPT_60_64_CFW,P_EWPT_60_64_ES_NS,P_EWPT_60_64_Tot,P_EWPT_65_69_E,P_EWPT_65_69_OM_IE,P_EWPT_65_69_OM_UIE,P_EWPT_65_69_CFW,P_EWPT_65_69_ES_NS,P_EWPT_65_69_Tot,P_EWPT_70_74_E,P_EWPT_70_74_OM_IE,P_EWPT_70_74_OM_UIE,P_EWPT_70_74_CFW,P_EWPT_70_74_ES_NS,P_EWPT_70_74_Tot,P_EWPT_75ov_E,P_EWPT_75ov_OM_IE,P_EWPT_75ov_OM_UIE,P_EWPT_75ov_CFW,P_EWPT_75ov_ES_NS,P_EWPT_75ov_Tot,P_EWPT_Tot_E,P_EWPT_Tot_OM_IE,P_EWPT_Tot_OM_UIE,P_EWPT_Tot_CFW,P_EWPT_Tot_ES_NS,P_EWPT_Tot_Tot,P_EAFW_E,P_EAFW_OM_IE,P_EAFW_OM_UIE,P_EAFW_CFW,P_EAFW_ES_NS,P_EAFW_Tot,P_H_NS_E,P_H_NS_OM_IE,P_H_NS_OM_UIE,P_H_NS_CFW,P_H_NS_ES_NS,P_H_NS_Tot,P_Tot_E,P_Tot_OM_IE,P_Tot_OM_UIE,P_Tot_CFW,P_Tot_ES_NS,P_Tot_Tot
101,23,3901,3569,550,528,79,41,4770,3908,597,710,86,59,5363,3915,647,752,161,69,5543,3317,555,712,188,55,4830,1871,397,583,187,47,3081,558,232,359,174,39,1360,106,77,192,145,16,533,58,42,147,113,11,365,31918,3922,4983,1283,428,42540,3146,0,16,44,45,3244,1972,7,55,15,21,2068,1485,29,95,39,12,1656,1593,77,143,34,17,1861,1589,99,223,69,10,1982,1816,117,302,89,23,2343,1923,135,303,88,30,2476,2167,152,336,87,30,2770,2258,178,392,114,27,2967,1754,176,431,153,37,2547,806,147,329,171,19,1482,255,79,188,153,11,688,109,40,137,128,12,427,20859,1234,2941,1181,296,26515,2068,141,284,103,71,2661,996,64,146,124,185,1522,55846,5364,8352,2695,983,73243
102,29,5753,5474,790,609,54,51,6977,5890,873,670,63,54,7553,5767,831,654,82,68,7408,5057,652,581,85,44,6414,2680,429,390,52,30,3589,654,233,186,31,14,1124,112,81,66,16,3,281,35,26,28,24,0,118,46824,5121,4470,512,407,57331,5679,13,36,24,64,5814,4244,21,101,30,28,4427,2468,42,203,28,31,2775,2745,122,312,58,27,3267,2901,192,426,78,24,3627,3215,222,504,83,29,4044,3235,250,510,95,39,4135,3214,227,445,79,39,4008,3088,251,510,95,44,3991,2296,221,427,97,24,3074,1039,207,289,72,28,1635,364,117,137,63,10,688,115,48,67,30,9,260,34613,1927,3965,839,399,41748,3226,149,222,64,80,3735,1347,106,146,85,232,1912,86009,7309,8802,1503,1115,104732
103,48,5149,4751,471,588,119,58,5987,4979,557,661,127,65,6390,4759,552,715,189,75,6288,4228,450,790,201,55,5721,2257,338,674,238,32,3540,648,204,437,245,26,1558,127,87,215,153,19,604,64,39,190,120,28,441,40526,3527,5502,1587,540,51686,2976,3,26,53,38,3092,2195,11,50,20,28,2308,1695,27,95,34,15,1873,1995,79,167,67,28,2331,1842,73,234,56,17,2226,2059,106,244,66,23,2500,2031,119,251,66,30,2487,2064,105,268,83,31,2542,1999,99,319,85,37,2533,1514,125,314,150,37,2147,752,101,264,149,29,1297,328,56,195,143,18,746,113,32,156,167,19,496,21554,935,2579,1152,351,26574,2625,118,249,112,86,3181,1145,63,128,167,253,1755,65855,4636,8462,3014,1230,83199
104,26,2522,2566,291,353,48,26,3281,2724,331,409,57,36,3548,2659,356,414,71,38,3537,2465,285,419,95,35,3287,1315,238,350,81,16,1997,332,97,169,49,6,659,52,34,61,28,5,179,15,26,44,24,3,113,20658,2011,2826,553,242,26297,2258,0,13,26,29,2324,1452,4,36,9,14,1524,1156,15,64,24,19,1273,1252,25,121,19,12,1431,1331,52,168,27,13,1591,1496,86,241,41,24,1886,1578,95,240,57,19,1992,1708,99,236,55,30,2126,1821,98,300,77,27,2321,1399,95,286,86,27,1898,522,69,199,88,9,887,177,29,83,45,7,340,73,8,56,47,10,191,16223,687,2059,599,231,19792,1474,64,167,56,51,1802,600,35,94,69,154,955,38947,2793,5143,1278,679,48844
105,33,2768,2444,268,336,92,36,3170,2641,289,369,138,41,3486,2718,330,461,167,55,3728,2443,276,501,203,46,3472,1419,184,433,166,33,2223,440,116,275,137,28,994,89,48,144,101,12,397,42,34,117,96,4,301,23100,1944,3428,1254,373,30091,1395,3,4,22,19,1444,996,8,19,22,16,1055,940,10,47,15,13,1031,1049,25,103,30,5,1211,977,31,90,34,20,1154,936,36,91,36,12,1112,1009,38,106,40,13,1205,978,49,121,38,17,1199,1032,40,133,56,17,1270,781,51,148,68,17,1062,404,31,126,73,25,655,162,25,70,76,9,337,67,15,85,84,14,271,10728,358,1133,576,193,12991,1384,65,143,67,63,1723,695,37,73,119,170,1098,35902,2396,4780,2017,791,45892
106,40,6749,6387,572,424,66,51,7503,6466,628,438,75,55,7664,5994,588,490,90,57,7221,4893,499,516,113,43,6065,2354,398,366,92,37,3248,583,210,194,96,17,1103,94,82,100,70,4,344,46,47,56,58,7,214,52709,3871,3436,774,444,61229,4557,9,20,28,39,4647,3239,13,67,20,30,3371,2335,31,136,41,8,2560,2511,68,235,47,17,2885,2567,107,235,56,24,2990,2792,140,286,66,24,3312,2615,132,282,71,30,3123,2534,133,287,76,35,3075,2343,171,305,79,26,2928,1691,172,327,109,24,2321,763,137,225,121,22,1264,240,74,127,95,11,548,111,30,92,81,9,329,28316,1216,2622,895,298,33350,3245,105,180,63,64,3658,1333,83,110,98,234,1859,85601,5279,6356,1833,1031,100101
107,33,6123,5958,649,542,49,31,7227,6151,669,516,68,48,7449,6123,678,560,63,52,7478,5260,491,410,55,38,6257,2366,327,274,35,27,3032,541,167,123,30,17,874,101,54,41,8,8,217,40,20,20,17,3,103,48642,4212,3662,403,374,57296,4873,9,20,42,44,4994,5267,20,98,30,33,5450,2804,41,164,24,26,3065,2835,94,272,41,22,3267,2966,167,380,51,19,3583,3250,173,466,65,25,3990,3007,186,341,53,29,3613,3041,163,364,73,37,3681,2721,165,341,58,28,3309,1939,178,306,70,33,2531,811,133,204,56,17,1230,247,67,89,42,6,445,96,30,42,30,3,200,33851,1433,3090,627,332,39332,3324,118,178,42,55,3721,1205,85,86,75,230,1679,87024,5851,7018,1150,981,102028
108,31,3329,3487,384,543,77,46,4535,3791,441,587,80,50,4942,3791,487,648,108,56,5091,3474,460,681,105,50,4767,1813,320,485,128,39,2782,462,180,264,114,12,1031,65,67,140,57,5,329,38,30,81,58,9,214,28162,2869,4218,813,384,36451,3068,0,15,22,62,3171,1813,10,35,21,27,1896,1565,15,94,35,10,1723,1604,53,174,46,10,1890,1806,72,236,42,27,2185,2018,118,279,57,31,2501,2257,105,326,64,31,2780,2538,128,344,73,45,3130,2588,134,429,100,32,3288,1907,159,450,136,30,2678,854,126,278,132,21,1408,270,54,150,93,14,588,90,36,85,81,11,295,22372,1013,2898,897,354,27526,2296,87,255,96,75,2810,972,64,139,108,288,1570,53800,4032,7512,1913,1098,68360
109,25,2724,2452,321,356,77,31,3236,2660,411,401,102,51,3633,2719,439,418,133,34,3738,2459,423,430,137,45,3494,1437,266,367,125,29,2220,370,145,208,105,18,841,55,61,95,79,8,298,20,29,60,71,3,188,22253,2632,2978,967,314,29154,1960,3,18,44,26,2046,1502,3,22,16,10,1554,1118,16,45,13,9,1207,1213,48,98,33,6,1406,1175,58,123,52,14,1420,1267,69,130,44,11,1515,1268,98,128,47,9,1553,1335,91,131,35,13,1600,1342,84,153,71,17,1668,1113,99,177,92,16,1498,577,78,146,60,13,870,193,34,66,59,12,358,77,21,56,78,8,245,14121,699,1298,646,163,16927,1620,101,163,86,67,2030,687,42,76,101,131,1030,38679,3473,4513,1794,675,49146
110,32,4343,3880,396,545,141,51,5016,4157,465,645,162,55,5481,4086,527,763,233,66,5674,3600,488,782,260,71,5199,2083,375,682,289,68,3504,615,216,465,242,36,1567,121,85,256,183,7,655,55,52,167,173,17,471,34768,3249,5362,1884,526,45784,2734,5,18,44,42,2838,1894,12,35,20,27,1996,1540,17,81,21,16,1672,1685,35,160,45,16,1936,1631,62,174,53,16,1935,1757,88,217,65,18,2144,1791,70,209,61,21,2149,1856,83,241,75,28,2288,1778,112,289,112,33,2319,1375,95,288,131,35,1926,666,78,265,159,29,1195,269,62,175,140,20,668,101,41,124,145,16,428,19081,759,2266,1080,313,23501,2208,114,232,122,63,2736,1034,54,141,192,250,1672,57086,4170,7997,3284,1155,73688
111,43,9971,9534,918,601,72,57,11190,9885,1007,671,65,71,11699,9507,948,613,67,67,11206,8135,788,595,73,68,9661,4084,490,337,50,39,5002,943,225,156,27,15,1362,148,76,53,15,4,301,63,33,18,12,0,130,80130,6026,4461,486,501,91604,6634,18,38,25,50,6765,7216,24,152,21,40,7458,4172,78,237,23,34,4538,4333,132,387,64,23,4938,4432,193,480,73,15,5194,4580,236,510,76,36,5436,4403,240,483,84,25,5231,4140,254,458,98,34,4983,3818,259,455,71,35,4638,2875,256,446,71,31,3688,1228,194,284,99,23,1823,428,104,139,64,10,738,166,57,74,55,3,354,48415,2057,4141,828,348,55795,5298,138,199,62,76,5776,1842,95,111,69,290,2413,135695,8322,8916,1443,1220,155588
112,48,4434,3901,612,672,97,56,5334,4401,641,805,101,59,6009,4464,643,899,103,57,6158,4172,561,844,124,51,5744,2335,387,667,120,43,3560,594,197,332,111,16,1249,103,74,143,56,11,393,47,23,123,67,16,276,33720,3996,5748,870,435,44765,3849,3,19,29,57,3963,2691,5,86,25,37,2850,2011,39,198,38,17,2302,2219,89,290,75,29,2693,2408,154,442,72,31,3115,2745,189,555,93,32,3614,2789,180,565,77,36,3652,2885,181,585,99,46,3792,3090,199,632,125,53,4102,2423,214,642,114,35,3429,1056,137,420,147,40,1801,322,67,180,91,21,677,109,33,129,88,18,379,28597,1498,4739,1082,447,36368,2271,123,278,78,70,2813,1157,86,153,143,286,1833,65750,5694,10918,2171,1241,85780
113,33,4103,3793,423,401,71,46,4737,3952,450,504,99,59,5064,3807,478,581,177,62,5100,3424,422,622,193,50,4703,1931,322,474,158,38,2918,515,166,295,148,13,1136,99,59,153,97,14,413,31,31,114,83,13,277,34615,3073,4130,1176,443,43432,2447,3,5,44,32,2530,1971,10,42,22,8,2052,1435,21,84,19,17,1575,1538,43,128,50,11,1774,1553,59,143,52,20,1832,1569,99,180,60,22,1925,1535,77,146,52,15,1821,1546,81,202,62,20,1916,1480,89,189,78,16,1851,1166,88,204,79,22,1559,581,66,193,101,26,969,218,33,108,82,3,445,88,20,92,121,12,338,17126,689,1714,830,240,20601,2005,113,180,100,60,2461,994,53,130,148,184,1504,54742,3920,6155,2252,918,67996
114,13,2670,2388,409,361,51,34,3244,2611,437,406,63,33,3547,2751,413,515,57,35,3772,2412,436,388,49,24,3309,1272,263,305,60,14,1908,336,144,142,45,16,680,61,60,57,40,3,220,32,39,37,24,3,131,21768,2779,2965,454,255,28223,2471,3,19,20,36,2548,1607,3,41,17,20,1688,1187,17,96,28,19,1345,1236,41,157,22,9,1468,1237,71,211,35,16,1569,1454,106,267,50,17,1898,1541,98,260,42,22,1964,1565,123,286,51,24,2049,1646,143,333,81,20,2222,1232,149,321,82,27,1808,649,132,261,84,13,1140,227,85,142,68,16,535,72,59,82,55,5,267,16117,1032,2483,629,246,20506,1492,78,157,51,51,1830,674,39,79,43,172,1013,40058,3931,5682,1170,725,51563
115,25,5680,4643,988,387,54,31,6105,4364,999,445,39,28,5887,3894,994,493,61,38,5482,3143,736,362,66,33,4346,1731,504,246,33,15,2532,612,288,165,21,6,1092,119,106,61,20,5,311,28,27,37,16,3,116,38122,6124,3087,399,279,48007,4315,5,46,31,16,4414,3795,13,99,11,25,3948,1638,52,147,24,19,1879,1672,131,203,67,11,2084,1863,193,269,75,18,2430,2130,302,390,104,11,2942,1966,284,348,79,16,2698,1728,288,326,79,20,2445,1491,235,326,85,13,2158,1206,263,314,78,11,1871,701,220,232,75,21,1246,264,130,99,60,4,563,111,61,65,52,3,289,22892,2192,2871,818,190,28961,1713,148,115,78,31,2085,962,137,108,73,139,1421,63687,8603,6180,1365,642,80475
116,45,8671,7652,779,492,48,48,9022,7321,799,464,50,47,8687,7044,717,448,50,66,8326,5786,570,333,46,42,6778,3333,348,234,36,34,3981,1002,185,98,18,18,1322,190,72,24,12,0,295,32,15,14,3,3,65,61528,5059,3189,352,451,70570,4213,15,23,33,28,4314,4025,30,80,36,17,4195,2303,64,148,28,17,2560,2432,144,241,66,19,2905,2382,192,291,74,10,2956,2358,186,302,66,27,2931,2204,176,291,60,35,2765,1931,192,285,47,20,2481,1762,110,240,41,13,2172,1373,154,215,34,12,1789,667,96,136,34,14,947,242,40,70,10,9,374,76,17,27,14,0,135,25980,1411,2351,549,229,30526,2489,85,123,41,55,2795,1907,121,145,67,268,2500,91894,6677,5798,1011,1010,106400
117,233,63030,48491,3672,1809,100,221,54300,40237,3639,1800,127,229,46026,32526,3200,1778,142,201,37848,23903,2382,1474,77,175,28009,12320,1337,948,70,105,14781,4275,747,479,46,55,5603,951,291,198,16,19,1467,276,127,86,25,15,517,390629,22084,12580,951,1898,428136,6616,12,76,43,61,6799,21200,117,319,80,166,21884,16114,224,634,91,115,17186,13310,434,762,131,86,14722,12169,551,838,128,81,13766,10313,540,769,101,67,11788,8207,577,698,100,66,9639,6630,506,668,107,71,7979,5653,480,627,88,50,6892,4738,483,640,109,49,6021,2791,436,494,106,41,3872,1195,227,216,43,22,1706,464,164,136,63,24,855,109394,4753,6875,1182,889,123099,16107,365,402,106,169,17149,7821,453,449,254,989,9959,523949,27651,20300,2496,3946,578345
118,37,6597,4439,931,530,53,42,5994,4063,1017,607,72,31,5788,3736,930,605,59,49,5379,3187,636,482,49,39,4395,1983,420,339,30,26,2800,797,279,193,20,14,1299,235,134,67,13,14,457,76,71,41,8,8,195,42058,6092,4194,427,338,53105,2500,10,42,15,13,2578,5529,25,147,33,37,5778,3730,76,271,29,22,4128,2692,153,389,49,20,3302,2283,262,483,62,16,3111,2108,289,507,82,16,2997,1813,287,521,81,30,2740,1646,289,434,67,24,2461,1520,276,399,63,21,2271,1341,274,382,71,17,2092,958,233,323,79,19,1625,428,136,185,56,15,814,201,123,116,76,11,522,26746,2438,4200,770,265,34418,2195,138,180,44,37,2594,1285,124,127,56,169,1756,72289,8793,8693,1300,800,91871
119,64,10054,8388,1373,900,89,98,10848,8493,1498,940,86,87,11101,8265,1476,959,129,99,10931,7020,1129,815,91,76,9133,4035,634,504,43,46,5264,1393,342,228,41,24,2030,260,151,68,22,10,506,81,73,34,19,8,216,71921,9574,6546,740,695,89473,4826,20,41,59,39,4982,6100,69,177,56,52,6450,3931,174,356,88,33,4581,3835,316,508,115,41,4809,3779,352,574,137,49,4890,3894,423,613,143,38,5119,3803,427,628,124,52,5032,3614,381,563,111,45,4711,3185,337,510,120,50,4201,2470,306,519,89,37,3429,1291,243,314,97,21,1961,475,132,152,51,21,819,193,81,92,51,4,421,41386,3251,5045,1232,495,51410,3513,209,218,95,99,4129,2560,253,290,111,409,3624,119379,13286,12103,2170,1690,148635
120,44,8279,6501,983,570,60,52,8158,6099,1102,631,53,60,7952,5976,1035,698,67,49,7830,4931,778,492,63,46,6310,2780,499,325,39,21,3655,973,245,176,16,11,1422,205,117,63,20,8,421,76,45,33,12,3,165,55059,6672,4178,468,425,66799,3074,12,50,25,20,3179,4917,27,131,25,33,5130,3279,89,239,51,26,3691,2712,164,342,78,24,3314,2381,258,399,76,20,3140,2496,277,474,93,26,3362,2207,293,471,93,35,3094,2132,289,443,76,23,2961,1903,271,381,64,27,2646,1596,258,356,66,20,2294,858,223,282,52,23,1441,362,111,162,29,13,665,149,68,84,39,9,348,28069,2338,3811,751,293,35268,2595,107,187,42,46,2984,1570,158,139,89,218,2177,87300,9278,8315,1346,991,107232
121,82,18974,14946,1878,770,92,72,17753,13199,2041,907,126,78,16346,11343,2129,914,118,71,14572,8671,1788,863,85,71,11480,4737,1055,521,50,49,6416,1720,661,277,44,25,2721,363,242,98,33,8,737,103,111,62,40,4,322,119731,12674,6085,758,632,139876,6164,15,102,26,30,6340,9082,47,209,43,43,9427,4944,85,260,44,41,5369,4578,236,416,72,29,5336,4360,398,610,91,37,5491,4604,521,752,156,18,6053,4318,594,759,149,35,5855,3848,571,712,137,35,5304,3414,603,671,158,40,4882,2913,623,661,154,28,4376,1962,668,565,175,28,3406,872,369,331,128,19,1715,399,221,226,104,11,971,51460,4949,6267,1437,400,64517,5091,286,297,76,65,5817,2492,232,215,132,345,3421,178774,18143,12866,2408,1448,213633
122,27,5691,4284,1106,652,61,35,6134,4090,1353,750,70,39,6300,4040,1337,610,71,38,6098,3234,975,533,40,36,4812,1953,580,279,42,17,2874,696,292,152,31,10,1179,169,129,63,12,6,377,49,69,29,15,4,163,37470,7547,4334,414,283,50044,4187,8,88,25,29,4343,3876,16,122,18,21,4061,2118,61,177,28,7,2394,1949,147,309,44,16,2464,2006,243,544,86,11,2883,2210,381,595,124,22,3334,2283,393,587,81,16,3359,2036,408,528,95,27,3095,1838,378,439,86,14,2749,1590,402,434,85,22,2539,1045,325,298,95,17,1783,438,205,174,75,15,907,194,104,117,85,10,511,25768,3078,4412,925,223,34408,1904,188,177,45,35,2353,950,112,135,53,170,1429,66096,10930,9061,1440,708,88233
123,43,5405,4943,717,361,44,55,6123,4694,631,400,32,45,5808,4585,626,380,44,56,5692,3918,515,348,40,34,4860,2168,298,246,32,30,2770,653,143,100,25,9,922,107,67,35,6,3,229,22,20,16,4,4,67,40791,4294,2840,309,416,48659,4001,4,14,21,30,4075,3125,14,69,19,27,3253,1750,56,109,34,20,1962,1895,97,214,65,16,2288,1874,140,222,45,14,2295,2056,178,253,47,15,2555,1823,150,267,52,19,2315,1793,157,218,65,20,2252,1582,156,210,52,23,2017,1193,131,207,46,11,1592,582,112,116,44,16,867,192,45,52,23,6,321,63,18,34,22,5,141,21934,1263,1987,529,223,25928,2053,97,100,54,40,2341,1293,84,107,52,197,1731,66069,5742,5034,940,870,78655
124,27,6598,5815,775,570,58,47,7268,6036,800,618,57,46,7558,5782,808,602,67,51,7302,5164,657,538,61,40,6457,2835,475,386,41,26,3758,888,205,182,27,12,1311,158,87,45,16,3,307,56,29,33,8,0,123,50630,5175,4286,428,389,60915,5305,10,31,27,22,5401,4205,25,104,29,19,4373,2414,55,169,47,21,2702,2465,123,300,45,20,2959,2488,153,343,70,24,3080,2724,204,357,90,22,3398,2564,204,427,60,22,3277,2452,178,372,73,14,3085,2415,164,373,60,17,3036,1914,209,387,69,16,2588,988,157,267,72,12,1498,331,90,120,44,15,594,127,44,58,33,10,272,30395,1614,3304,716,241,36264,2754,103,164,36,53,3119,1472,86,127,56,212,1967,85262,6976,7889,1244,899,102264
125,117,19054,16359,1393,705,76,101,18635,15813,1420,714,83,104,18132,15388,1446,774,88,96,17786,12718,1025,631,58,107,14545,7563,663,416,42,61,8751,2397,349,192,19,32,2986,491,119,55,12,8,691,105,55,15,9,3,194,135073,9547,5342,591,928,151482,4640,15,35,43,40,4769,7257,70,152,60,59,7604,5057,167,254,72,46,5605,5080,283,424,120,36,5955,4931,341,483,125,46,5927,4607,376,495,121,39,5638,4140,332,481,108,45,5101,3691,313,462,84,32,4586,3433,292,418,75,32,4253,2663,244,310,58,33,3306,1425,205,205,53,26,1910,533,97,114,41,14,793,193,62,55,35,8,343,47640,2808,3896,992,457,55794,5632,182,193,65,117,6189,3677,272,285,127,545,4903,192017,12808,9719,1770,2047,218360
126,26,9788,8766,563,303,35,28,9689,7613,642,322,30,32,8643,6560,677,346,36,28,7650,4895,506,288,45,31,5767,2638,291,154,25,15,3136,888,147,85,8,10,1141,202,48,43,7,0,298,49,19,21,3,4,90,61662,3867,2136,272,257,68201,2662,3,35,11,13,2720,4244,14,81,20,24,4388,2236,44,122,18,13,2430,2031,91,187,40,14,2367,2098,125,212,42,21,2491,1942,160,258,52,7,2429,1850,177,255,48,14,2346,1714,177,241,50,9,2192,1617,169,245,51,15,2099,1303,165,213,53,12,1742,742,145,167,32,16,1096,273,66,72,30,7,446,145,58,68,18,4,291,22857,1403,2156,454,169,27036,2423,78,79,34,22,2642,1280,115,103,76,150,1731,88232,5462,4480,834,597,99607
127,52,9025,7869,1043,642,58,100,9710,7802,1043,672,82,86,9696,7440,1029,662,68,82,9280,6337,828,575,61,91,7891,3526,540,369,40,49,4527,1158,270,138,23,19,1607,198,99,40,13,3,356,66,48,12,9,4,135,67107,7033,4523,495,687,79845,4324,32,30,61,43,4490,5040,40,93,62,53,5280,2821,108,176,43,30,3171,2929,192,289,86,22,3526,2937,250,325,91,37,3640,3271,281,339,98,38,4025,2855,274,389,105,47,3671,2652,240,365,74,43,3368,2368,216,285,72,31,2976,1661,206,246,66,26,2197,786,148,139,56,19,1146,254,72,74,31,7,438,100,45,34,20,0,207,31992,2109,2788,867,388,38139,2843,141,133,74,72,3261,2362,207,188,111,377,3239,104308,9485,7632,1539,1521,124482
128,24,3833,3063,720,376,34,27,4210,3062,762,446,52,31,4353,2992,723,403,44,36,4202,2667,610,361,29,29,3700,1458,372,221,27,19,2098,459,217,110,16,10,812,99,56,39,4,3,204,26,28,19,11,5,86,27700,4822,2879,265,244,35905,4228,4,37,11,27,4308,3620,13,72,10,20,3741,1644,40,117,19,14,1834,1565,95,217,46,8,1935,1681,178,299,62,13,2240,1972,223,325,47,23,2591,1802,207,309,43,13,2374,1806,171,271,51,16,2309,1733,210,269,45,18,2264,1329,223,266,66,18,1903,706,196,191,68,13,1172,300,106,99,38,6,549,81,41,72,29,3,231,22466,1708,2538,542,209,27465,1598,121,124,46,20,1913,795,86,74,41,111,1106,52554,6737,5613,893,587,66381
197,0,3,6,3,0,0,0,10,3,0,0,0,0,3,7,0,4,0,0,5,0,0,0,0,0,3,3,0,4,0,0,3,0,0,0,0,0,0,0,0,0,0,0,0,0,0,0,0,0,0,45,3,4,0,0,52,0,0,0,0,0,0,0,0,0,0,0,0,0,0,0,0,0,0,0,0,0,0,0,0,0,0,0,0,0,0,0,0,0,0,0,0,3,0,0,0,0,3,0,0,0,0,0,4,0,0,0,0,0,0,0,0,0,0,0,0,0,0,0,0,0,0,0,0,0,0,0,3,0,0,0,0,0,0,8,0,11,0,0,18,8,0,0,0,0,9,0,0,0,0,0,0,61,7,16,0,3,86
199,120,9328,4599,2075,2968,76,134,9854,4484,1921,2917,98,153,9568,4043,1766,3152,73,117,9145,3264,1321,2461,65,100,7214,1793,745,1500,49,73,4163,620,292,535,26,25,1500,130,70,132,20,16,359,36,18,41,18,8,128,46141,12647,21185,563,1084,81623,2300,16,244,56,38,2653,3771,75,795,61,60,4758,2809,174,1096,49,59,4190,2374,308,1479,77,67,4303,2097,394,1777,103,66,4434,2468,477,2161,111,86,5299,2606,484,2355,96,82,5621,2763,517,2567,98,100,6045,2777,491,2500,99,99,5963,2062,419,2091,97,77,4742,1033,259,1064,91,42,2490,452,89,364,45,26,970,138,48,158,42,11,389,27642,3744,18650,1019,817,51874,3615,481,1487,254,234,6077,2237,313,634,161,448,3799,79636,17188,41954,1997,2587,143365
201,17,3345,3081,409,298,66,33,3882,3188,451,320,91,39,4092,3269,444,374,78,40,4208,2721,424,373,85,38,3638,1552,237,264,76,25,2153,383,109,158,70,9,731,57,65,79,42,5,248,38,26,33,36,6,138,26536,2825,2503,638,300,32801,2697,6,14,25,41,2779,2633,18,42,18,18,2734,1586,28,71,20,21,1720,1576,57,122,44,5,1799,1720,68,158,59,15,2025,1878,104,230,50,18,2281,1890,104,207,43,16,2260,1845,100,205,58,17,2228,1750,113,240,62,26,2197,1324,127,256,94,32,1828,612,109,162,105,16,1005,162,51,83,56,14,363,73,30,58,43,3,212,19740,897,1852,681,242,23419,2081,116,127,60,78,2465,788,66,82,77,172,1175,49149,3900,4570,1462,787,59866
202,37,3314,3059,364,311,46,29,3813,3264,454,349,64,56,4185,3239,432,414,69,39,4196,2793,368,409,84,33,3680,1575,272,293,87,27,2254,350,147,158,60,12,730,61,48,67,47,6,225,45,28,58,37,3,163,27177,2717,2707,588,310,33494,2738,9,4,23,43,2816,2500,9,37,17,18,2577,1402,18,80,17,23,1543,1565,65,143,36,13,1825,1634,88,173,53,18,1963,1788,95,228,46,14,2164,1886,125,218,50,28,2313,1819,94,221,46,25,2198,1882,106,258,64,26,2330,1466,117,265,55,26,1927,592,100,189,97,18,995,169,42,104,71,9,398,86,32,74,52,6,253,19524,900,1988,617,263,23297,2175,112,132,60,56,2539,726,49,84,93,114,1068,49598,3776,4919,1358,747,60402
203,45,6454,5814,778,505,80,41,7221,5838,820,548,87,43,7327,5668,795,507,94,62,7125,4667,684,507,82,41,5985,2512,407,312,65,40,3336,600,226,173,51,8,1066,125,65,59,36,3,285,43,38,31,27,3,145,48832,5088,3912,630,418,58882,5166,8,19,26,36,5255,5141,15,85,30,21,5293,2660,43,195,29,16,2953,2782,114,285,82,19,3282,3060,182,394,98,29,3762,3557,231,424,92,27,4344,3360,226,386,78,39,4088,3188,195,376,79,31,3873,3131,214,382,99,33,3860,2421,254,409,110,18,3220,1083,204,284,98,22,1699,340,92,134,68,14,655,120,39,67,57,13,298,36027,1825,3438,949,330,42571,3538,190,220,90,81,4120,1332,106,133,102,225,1893,89726,7213,7711,1758,1061,107466
204,28,3684,3396,423,386,96,48,4347,3700,544,466,79,61,4854,3814,562,557,111,59,5104,3362,526,567,154,55,4662,1953,370,480,156,41,3003,494,227,323,157,19,1219,79,74,183,114,14,460,48,42,129,94,16,325,31291,3402,3929,1065,435,40115,2761,6,7,33,42,2843,1782,6,35,20,14,1857,1315,15,91,19,18,1454,1473,50,163,48,12,1742,1602,78,142,58,19,1905,1847,110,231,59,32,2275,1933,97,236,64,41,2370,1969,120,244,61,30,2422,2055,148,313,97,36,2656,1689,154,323,130,20,2319,793,96,251,165,19,1321,244,50,146,101,14,555,91,28,107,134,16,367,19550,954,2279,1000,313,24099,2254,171,271,114,81,2895,905,69,116,142,182,1416,53996,4596,6598,2322,1004,68527
205,57,5188,4622,580,680,102,71,6056,5148,705,735,141,72,6802,5191,695,807,168,90,6948,4707,654,865,191,70,6490,2676,459,701,208,56,4098,705,278,436,164,33,1620,113,98,230,97,21,554,55,64,163,97,19,392,42544,4479,6027,1332,631,55011,4295,21,21,42,60,4432,2934,15,55,33,39,3079,2199,36,154,42,8,2433,2627,106,248,64,20,3066,2633,104,300,88,29,3156,2892,137,326,82,41,3475,3206,176,363,94,32,3864,3256,163,376,109,38,3936,3294,180,445,147,42,4103,2569,243,523,186,45,3569,1095,172,418,184,35,1903,377,79,209,132,22,823,168,54,194,118,15,557,31542,1478,3620,1324,434,38399,3809,205,351,144,133,4634,1378,87,187,164,326,2145,79276,6251,10180,2958,1526,100188
206,255,69909,52207,4215,2232,208,269,59135,45575,4440,2253,252,247,52772,36552,3882,1985,197,220,42835,27180,3030,1643,195,204,32249,14587,1899,1018,112,136,17750,4540,1099,620,81,61,6405,949,382,242,39,21,1635,352,182,141,32,6,709,429507,27200,15902,1641,2176,476428,10180,42,127,80,97,10523,30216,128,546,137,195,31222,22393,333,957,160,170,24004,18176,571,1246,186,145,20322,16763,766,1376,220,107,19226,14681,889,1357,224,104,17251,12189,873,1245,224,100,14636,9528,773,1030,189,97,11620,8236,762,936,179,80,10200,6734,826,948,192,78,8776,4025,677,766,186,63,5720,1479,365,375,134,43,2400,615,187,257,108,34,1199,155215,7200,11155,2221,1307,177098,19758,559,619,132,296,21367,8907,581,551,379,1157,11576,613394,35541,28224,4371,4937,686467
207,43,9210,7509,1246,519,99,37,9407,7494,1477,617,117,66,9766,6882,1398,658,87,54,9081,5758,1148,570,74,58,7609,3181,713,352,60,27,4339,1085,386,179,43,6,1694,238,157,71,25,14,498,53,68,37,15,7,176,66057,8499,4339,703,415,80007,5477,20,66,37,28,5633,8008,55,180,47,45,8337,4404,82,253,58,25,4824,3729,197,346,94,16,4376,3580,329,431,123,26,4480,3949,447,517,160,35,5113,4140,473,556,171,26,5363,3764,426,556,136,31,4910,3398,413,516,119,32,4482,2798,374,483,105,21,3781,1568,388,432,99,27,2512,654,237,237,74,21,1226,254,141,170,58,17,636,45721,3573,4740,1285,360,55680,3735,221,192,70,51,4277,1667,160,176,119,241,2364,117182,12451,9454,2178,1066,142323
208,63,9405,7816,1462,789,107,67,10237,8141,1779,895,124,74,11015,7485,1737,834,121,72,10249,6040,1422,741,101,70,8376,3534,952,507,72,48,5101,1179,497,257,35,18,1989,225,189,99,14,11,535,76,102,35,13,3,234,67968,10402,5898,772,559,85597,6461,14,49,52,33,6614,9120,50,192,49,51,9459,4391,77,255,49,29,4803,3588,215,464,77,24,4367,3625,331,619,147,24,4745,4069,472,738,164,33,5469,4334,558,813,165,50,5922,3760,476,728,133,32,5130,3491,444,663,126,32,4759,2813,537,623,130,37,4135,1680,464,503,143,32,2823,656,267,238,99,20,1273,276,133,136,95,13,655,48271,4042,6001,1422,414,60149,3520,268,265,69,59,4184,1853,174,212,103,299,2638,121609,14883,12377,2371,1334,152571
209,73,8871,7236,1232,687,70,63,9289,7693,1376,719,100,95,9989,7191,1268,682,114,92,9343,6046,1087,591,67,45,7832,3522,693,337,44,58,4660,1062,330,153,52,29,1620,176,139,53,21,9,398,62,52,31,14,0,158,64511,8377,4998,660,667,79223,6800,20,44,36,52,6952,7360,50,161,50,56,7674,4013,104,282,75,37,4516,3944,218,468,91,37,4762,3913,343,608,139,49,5054,4455,377,672,127,57,5690,4415,408,584,103,39,5551,3917,372,494,100,43,4925,3597,371,461,107,37,4579,2734,343,421,106,54,3660,1267,239,328,92,34,1959,408,154,137,78,7,788,171,89,75,45,6,375,46998,3095,4736,1138,513,56481,3959,212,249,81,108,4610,2127,184,168,90,317,2891,117600,11871,10149,1973,1613,143201
210,98,10582,9109,1129,581,82,98,10991,9357,1258,629,77,85,11410,8700,1205,541,84,107,10638,6764,895,426,58,76,8220,3740,556,265,64,36,4661,987,274,107,28,21,1429,203,93,38,14,3,352,67,48,15,7,0,140,75041,7547,4269,580,785,88223,4691,19,31,48,43,4832,5509,52,119,37,61,5780,3454,79,246,39,35,3851,3293,213,354,79,39,3982,3286,225,445,86,37,4077,3538,302,441,113,38,4427,3550,310,430,102,44,4441,3108,281,354,109,40,3876,2594,261,294,87,44,3272,1826,225,282,62,23,2415,850,159,173,67,26,1279,284,78,83,41,5,493,97,54,40,31,3,218,36070,2257,3295,892,434,42956,3582,182,168,87,91,4106,2247,192,220,88,387,3142,116945,10181,7956,1651,1698,138428
211,55,10385,9289,1446,764,106,85,11685,9845,1775,970,146,84,12816,9419,1773,1023,152,98,12462,7698,1511,839,132,72,10253,4433,913,576,92,39,6056,1392,500,265,53,19,2223,252,182,79,38,12,569,69,74,35,22,3,211,79322,10495,6512,937,652,97918,9213,15,41,54,66,9387,8442,36,195,52,47,8776,3945,94,311,66,18,4436,3775,211,492,109,38,4616,4118,316,681,172,30,5323,4931,433,750,160,35,6312,5113,483,725,167,40,6528,4779,482,652,158,41,6110,4382,460,678,161,37,5714,3608,482,681,150,37,4962,1818,422,517,160,32,2956,637,197,253,96,14,1195,255,94,151,98,15,605,55009,3726,6135,1600,451,66917,4460,324,349,116,81,5330,2137,161,201,157,336,2991,140933,14704,13187,2813,1516,173162
212,125,22660,20127,2095,1128,158,163,23669,20701,2487,1280,176,148,24795,18896,2432,1243,185,130,22887,14967,1918,1013,146,125,18166,8652,1094,696,104,76,10623,2618,578,294,61,56,3602,480,221,115,31,17,861,131,87,56,38,13,328,163411,15091,8864,1292,1247,189901,10299,26,54,85,79,10544,12041,80,245,120,78,12569,7203,192,479,118,55,8047,7325,406,686,170,60,8649,7378,536,871,204,53,9048,7894,598,933,242,87,9750,7728,606,888,224,75,9523,6509,524,708,199,68,8012,5771,489,771,187,57,7279,4608,565,697,167,63,6108,2378,411,460,145,46,3433,821,195,230,89,27,1353,333,86,153,88,22,673,80294,4717,7181,2038,766,94999,7345,364,347,131,147,8337,4368,347,338,237,640,5932,255405,20522,16732,3702,2802,299165
213,130,16714,13960,1682,1020,137,124,16930,13923,1702,1004,148,132,16904,12657,1515,841,155,137,15308,10040,1179,706,115,92,12139,5804,709,403,65,80,7067,1538,301,189,22,40,2086,274,129,45,18,10,467,68,40,22,6,0,144,113437,10796,7082,975,1091,133377,8942,23,45,74,88,9178,10085,63,219,100,84,10548,6086,151,410,86,56,6804,5921,365,726,179,69,7269,5739,465,833,212,57,7306,5912,473,790,181,71,7426,5584,438,737,169,68,7003,4823,404,575,141,84,6029,4300,349,553,131,57,5386,3130,289,447,101,38,3998,1398,230,249,79,33,1989,430,89,94,59,13,675,168,34,28,25,3,260,62511,3379,5716,1529,724,73866,5495,256,304,82,154,6283,3700,259,278,174,525,4929,185135,14686,13378,2758,2496,218458
214,24,4832,4102,864,557,82,53,5655,4526,1090,658,83,36,6393,4240,981,631,91,52,5993,3497,818,531,69,49,4971,1971,532,329,66,30,2930,591,285,177,36,18,1099,105,112,61,20,13,309,42,45,35,21,3,143,37565,6023,4262,562,388,48797,5201,17,17,22,36,5293,4087,26,77,30,27,4243,2113,47,157,33,24,2375,2329,104,287,88,18,2825,2538,215,363,90,24,3236,2927,283,477,120,31,3838,2980,311,503,109,35,3935,2713,274,483,79,29,3582,2631,289,413,105,33,3471,2022,299,458,97,30,2905,1079,250,341,119,31,1822,343,122,169,80,23,732,160,64,75,54,9,355,31131,2298,3826,1023,335,38611,2624,197,253,75,58,3203,1220,103,140,76,237,1773,72541,8622,8485,1726,1018,92394
215,40,3239,2738,461,417,125,38,3783,3239,555,465,191,45,4490,3213,581,552,245,57,4649,2842,538,610,331,53,4376,1757,426,440,256,47,2925,439,192,290,195,27,1144,80,87,127,102,10,405,40,66,109,94,13,320,26691,3590,3826,1803,425,36327,2513,8,3,62,37,2621,1578,10,32,27,20,1661,1242,14,79,27,13,1374,1388,41,138,60,17,1640,1395,73,136,65,22,1686,1601,98,162,58,17,1944,1754,95,154,71,28,2097,1687,103,180,74,28,2075,1761,114,198,99,33,2195,1349,121,214,123,44,1847,652,96,192,143,23,1100,224,59,113,97,6,497,85,21,105,129,9,343,17220,856,1689,1021,294,21080,2002,157,202,116,65,2545,898,58,119,186,182,1439,46806,4655,5841,3127,966,61396
216,28,2926,2751,393,352,90,37,3624,3038,543,397,105,48,4134,2967,538,430,117,42,4096,2590,486,465,125,34,3699,1524,271,336,125,41,2301,420,161,181,89,17,864,82,50,72,56,6,270,43,40,55,43,3,189,24775,3078,2972,882,339,32049,2331,14,8,49,39,2442,1320,10,14,16,15,1379,1098,15,59,26,11,1201,1199,52,105,39,11,1403,1300,71,105,33,18,1519,1479,90,129,44,15,1765,1443,97,115,48,23,1716,1515,107,158,50,24,1854,1434,100,155,79,16,1783,1192,126,185,71,12,1584,575,65,156,79,25,896,182,40,67,50,4,342,80,24,75,65,4,253,15144,799,1330,642,221,18139,1976,120,147,73,68,2384,793,59,91,132,167,1239,42687,4058,4538,1732,792,53808
217,24,2741,2376,306,436,84,44,3245,2740,372,526,118,35,3795,2833,399,628,179,43,4088,2354,359,631,164,41,3540,1391,237,528,169,32,2354,359,154,296,129,28,963,65,45,164,89,10,385,37,25,122,76,15,279,22122,2398,4141,1173,338,30167,2402,0,10,35,41,2486,1533,6,22,16,27,1606,1088,10,59,19,10,1186,1196,31,117,37,11,1391,1362,67,142,32,18,1621,1534,81,180,59,15,1872,1643,83,175,51,33,1980,1644,71,190,57,23,1982,1576,92,282,65,29,2041,1286,99,275,78,18,1753,528,80,228,96,28,964,195,37,112,61,15,422,73,26,111,91,11,311,16049,684,1901,699,277,19620,1889,89,225,93,85,2389,707,45,109,129,166,1158,40769,3216,6381,2095,867,53330
297,0,11,22,0,0,0,0,21,20,0,0,0,0,23,17,0,0,0,0,15,13,0,0,0,0,16,9,0,0,0,0,8,0,0,0,0,0,0,0,0,0,0,0,0,0,0,0,0,0,0,101,4,3,0,0,107,0,0,0,0,0,0,0,0,0,0,0,0,0,0,0,0,0,3,0,0,0,0,0,0,0,0,0,0,0,0,3,0,0,0,0,3,0,0,0,0,0,0,6,0,0,0,0,6,0,0,0,0,0,0,0,0,0,0,0,0,0,0,0,0,0,0,0,0,0,0,0,0,0,0,0,0,0,0,23,0,0,0,0,24,15,0,3,0,0,22,3,0,0,0,0,9,146,3,4,3,3,157
299,109,7703,3862,1734,2311,51,130,8093,3609,1877,2375,83,125,8069,3002,1617,2168,61,113,6959,2393,1257,1963,53,90,5753,1281,657,1039,39,65,3074,382,251,407,20,23,1082,78,81,106,15,5,288,54,21,43,14,11,139,37961,11304,17667,466,1004,68402,1730,5,145,44,26,1951,3298,61,647,53,48,4104,2504,146,975,56,69,3749,1981,223,1310,65,58,3633,1793,305,1368,92,55,3613,1984,397,1725,63,77,4246,2207,463,1969,82,62,4782,2235,417,1839,103,74,4668,2131,415,1832,75,84,4536,1683,371,1680,67,62,3861,925,237,787,51,36,2040,348,96,284,33,20,791,154,32,135,29,4,351,22970,3163,14698,830,684,42343,3239,428,1095,194,213,5166,1848,276,523,130,343,3122,66022,15171,33984,1616,2241,119032
301,23,5447,5116,746,379,60,38,6340,5159,757,428,61,40,6442,4777,768,466,58,37,6100,3788,690,393,41,33,4948,2195,407,264,41,29,2945,602,222,131,29,11,986,111,71,41,14,6,244,37,28,19,9,3,96,41009,4884,2929,414,283,49527,4611,4,31,33,25,4702,2901,15,86,34,10,3048,1748,48,129,34,12,1966,1714,101,175,39,16,2044,1787,163,262,53,15,2269,2017,192,289,57,22,2583,1980,179,327,61,15,2566,1818,197,286,66,26,2388,1676,217,277,68,18,2254,1288,198,297,80,16,1877,624,131,196,60,13,1031,224,58,87,34,12,411,72,24,42,25,5,164,22450,1534,2481,650,195,27318,2061,101,127,39,31,2358,1019,65,73,50,147,1353,66546,6580,5611,1150,660,80553
302,33,8663,8195,654,372,49,49,9308,8104,713,393,46,53,9312,7887,621,382,39,45,8970,6021,547,340,47,36,6989,3509,331,240,30,22,4123,962,184,126,23,21,1316,175,55,42,10,5,291,51,32,18,9,0,112,65411,4234,2797,308,354,73106,4647,13,22,14,23,4710,4673,16,82,10,20,4809,2938,41,138,11,9,3141,2638,110,212,37,12,3015,2518,131,225,33,10,2922,2749,145,275,38,12,3226,2648,139,290,43,22,3144,2337,152,236,33,22,2777,2163,125,221,46,14,2563,1580,136,213,47,12,1991,788,103,152,47,13,1097,260,54,73,26,3,423,93,35,48,20,4,195,30039,1200,2190,402,184,34014,3357,88,107,33,47,3628,1377,69,102,41,177,1762,100183,5590,5185,787,762,112509
303,63,11550,10399,1077,561,85,69,12188,10489,1172,622,105,56,12448,9430,978,617,94,54,11175,7482,919,531,67,57,9056,4351,572,368,48,33,5371,1250,272,177,34,21,1750,252,95,57,20,5,422,56,31,24,4,0,115,85138,7316,4485,618,490,98054,5919,16,63,40,34,6073,7442,45,168,35,30,7730,4590,136,285,73,31,5118,4068,243,404,100,17,4838,3853,271,440,101,28,4692,3886,300,450,93,29,4759,3522,285,495,87,22,4415,3041,256,398,85,24,3806,2727,240,342,83,24,3422,2127,259,304,102,17,2811,1106,219,278,77,14,1695,368,88,127,39,15,643,134,76,77,35,9,327,42778,2434,3834,955,310,50307,4329,136,153,75,53,4742,2025,124,113,89,256,2606,134274,10014,8580,1738,1106,155714
304,19,3560,2918,403,240,36,14,3619,3022,470,296,41,12,3836,2635,461,258,33,13,3404,2108,388,231,22,11,2757,1213,254,191,16,13,1688,428,144,88,11,3,677,75,58,41,9,0,181,18,28,12,5,3,68,27186,2870,1930,226,126,32338,3715,11,39,12,20,3804,4367,19,101,15,19,4515,1959,28,95,15,4,2101,1475,72,145,40,6,1733,1519,113,218,45,8,1903,1565,161,243,53,5,2028,1543,144,266,55,13,2026,1302,131,229,39,10,1718,1188,137,205,43,3,1579,931,147,220,44,14,1358,557,138,187,56,5,950,201,82,97,42,9,427,77,31,63,26,0,200,20393,1216,2119,477,123,24340,1855,77,86,24,21,2060,712,40,68,25,65,909,50142,4209,4202,754,333,59640
305,83,29020,26033,1851,870,83,95,28936,23725,1969,984,80,109,26867,19482,1765,920,96,75,22332,14321,1327,689,79,63,16486,7665,862,477,52,48,9101,2193,419,241,34,24,2906,360,146,102,28,10,642,120,64,38,12,9,236,198146,11610,6444,648,730,217585,7279,18,105,46,31,7483,13682,58,264,39,55,14096,8554,108,395,51,34,9139,7911,215,427,71,49,8678,7275,308,547,82,46,8265,6873,379,554,112,25,7939,5571,424,469,103,30,6601,4416,312,377,66,23,5207,3877,296,360,83,33,4644,2915,280,382,94,35,3697,1733,260,245,94,25,2351,607,137,157,70,12,988,225,73,89,61,14,468,70934,2863,4376,958,419,79558,9962,215,221,53,91,10547,3469,182,192,135,409,4378,282509,14874,11227,1796,1647,312065
306,41,6392,5959,665,594,96,54,7369,6212,802,684,150,63,7914,5766,782,734,132,76,7492,4749,716,757,163,41,6420,2837,494,530,133,45,4029,890,238,310,125,30,1584,168,106,141,74,14,506,55,45,84,63,9,262,49285,4780,4958,1102,484,60610,4155,3,12,32,48,4253,2684,12,54,13,21,2785,2360,31,127,35,29,2587,2374,89,215,62,30,2760,2648,99,312,62,30,3148,2724,148,355,92,28,3346,2702,159,333,81,30,3304,2486,178,349,79,33,3126,2375,167,382,67,39,3031,1954,127,374,115,28,2603,922,99,274,105,21,1422,340,73,129,79,16,635,115,46,89,72,10,334,27846,1222,3006,897,350,33322,2912,112,188,73,83,3361,1431,77,140,108,250,2008,81467,6198,8288,2176,1172,99301
307,26,3418,3081,439,407,144,46,4112,3283,490,486,226,52,4536,3165,425,551,256,41,4446,2548,411,614,278,60,3911,1494,278,558,288,40,2661,475,160,381,265,15,1299,85,75,227,186,22,590,45,37,167,168,8,424,27020,2991,4203,2050,401,36669,1915,0,14,51,30,2010,1116,13,31,22,14,1192,962,25,57,34,8,1087,1069,63,108,59,6,1303,1132,66,126,68,12,1405,1199,68,127,48,15,1462,1207,72,160,69,23,1532,1163,80,148,82,19,1491,1053,72,178,87,23,1414,891,75,208,105,19,1304,425,59,175,133,12,799,172,34,115,132,10,466,69,18,121,130,15,357,12366,650,1577,1020,208,15818,1795,104,148,94,53,2191,735,46,121,202,164,1266,41926,3793,6050,3358,824,55949
308,42,6872,6494,502,394,99,53,7543,6610,542,494,145,65,7863,6352,590,527,180,60,7712,5091,476,490,170,59,6279,2612,285,479,148,43,3565,656,135,271,145,17,1227,120,59,113,92,6,389,47,24,82,78,3,232,54168,3412,3797,1254,481,63109,4212,6,20,33,45,4317,2495,3,51,24,20,2592,1926,27,116,29,20,2123,2340,51,196,69,8,2666,2292,84,225,55,9,2662,2283,106,198,76,23,2683,2257,111,181,71,22,2651,2136,113,221,69,21,2556,1844,99,244,108,21,2312,1284,94,201,75,22,1679,567,52,157,71,16,858,202,48,83,52,6,403,84,12,73,64,7,234,23926,813,1966,804,245,27746,3525,98,160,82,76,3939,1288,61,105,133,182,1767,82907,4378,6031,2269,977,96570
309,94,16261,13655,2352,1306,162,105,17581,13537,2559,1418,202,118,17831,12030,2404,1342,214,117,16110,9616,1892,1229,178,102,13021,5519,1383,846,144,74,7960,1807,723,510,106,37,3186,338,289,158,47,25,852,97,107,59,24,6,298,113187,15687,9826,1429,922,141050,11297,32,63,80,66,11529,10264,52,254,70,66,10717,6938,173,467,89,58,7728,6312,380,763,178,64,7698,6138,557,913,235,44,7879,6405,703,1022,249,61,8443,5887,719,1003,232,50,7894,5400,602,924,222,61,7212,4907,560,928,247,56,6705,3784,591,877,216,56,5521,2242,568,646,221,44,3721,816,267,293,126,22,1532,316,121,136,91,24,686,70699,5339,8291,2261,672,87260,5709,311,393,144,114,6659,3011,286,330,192,471,4290,192614,21627,18828,4015,2176,239261
310,49,7876,7513,595,483,82,55,8725,7524,621,558,67,66,8828,7016,607,553,101,52,8325,5401,497,475,101,42,6506,2943,300,356,93,28,3727,842,181,166,78,16,1282,151,71,78,42,7,351,38,16,45,45,3,147,60173,3912,3833,738,446,69113,4868,9,25,53,27,4976,3790,20,85,29,28,3955,2542,38,161,40,21,2801,2683,91,246,54,30,3113,2615,122,303,60,20,3112,2675,127,304,63,21,3192,2548,145,274,66,16,3058,2298,155,275,57,31,2827,2021,129,270,76,25,2525,1470,136,277,66,22,1970,749,104,175,81,11,1123,248,46,93,52,13,453,89,20,42,35,3,194,28603,1161,2533,737,264,33302,3076,88,165,45,53,3429,1538,77,117,91,237,2065,93396,5245,6650,1621,996,107904
311,49,6624,5616,746,514,75,46,7006,5498,815,560,83,35,6990,4987,784,495,89,40,6395,3917,740,459,70,38,5222,2271,476,380,50,23,3202,659,236,199,49,5,1147,116,72,41,27,7,269,22,26,17,12,0,79,46786,5264,3911,605,370,56943,4863,11,31,45,48,5000,3684,12,86,35,23,3850,2568,51,181,52,20,2874,2469,114,306,80,21,2985,2467,166,302,81,22,3042,2341,187,339,109,23,3006,2337,193,363,80,22,2996,1998,204,299,88,26,2612,1873,190,330,91,30,2511,1420,147,281,96,20,1961,701,121,199,83,14,1111,238,49,70,48,9,408,77,26,32,32,9,176,27040,1478,2823,905,282,32529,2458,124,165,73,48,2864,1382,93,140,81,223,1918,77663,6961,7039,1661,918,94250
312,35,5914,5662,520,310,80,52,6621,5723,536,353,103,45,6764,5278,510,376,120,49,6340,4288,439,375,136,45,5288,2284,298,312,146,37,3077,568,128,166,98,14,978,109,50,90,72,0,317,31,27,58,49,18,178,47206,3343,2729,929,417,54624,2740,0,5,26,37,2804,1583,4,40,12,14,1663,1479,28,99,25,6,1631,1807,79,180,55,23,2136,1792,108,169,53,12,2137,1857,116,175,45,22,2221,1845,101,181,48,19,2201,1644,109,184,57,27,2017,1481,91,191,57,21,1834,1053,91,162,73,9,1385,447,46,117,55,16,680,155,33,61,37,4,288,49,20,43,43,9,163,17938,822,1606,587,213,21161,3019,78,124,90,88,3396,1259,53,70,107,172,1664,69420,4290,4536,1708,887,80844
313,26,3756,3536,489,362,57,40,4475,3704,530,405,67,28,4743,3389,557,425,58,29,4462,2704,448,402,52,22,3634,1416,267,283,47,19,2034,430,148,134,32,11,755,70,43,56,21,9,192,17,17,24,15,4,81,29298,3235,2877,439,241,36084,4094,9,23,23,22,4175,2591,23,55,20,17,2704,1751,40,125,29,13,1948,1748,74,164,76,19,2078,1817,87,192,61,9,2162,2006,125,276,67,18,2488,2063,128,267,66,17,2541,1901,129,282,66,9,2379,1624,103,245,88,24,2082,1226,110,277,68,16,1704,557,104,181,55,17,916,195,39,84,42,8,368,73,15,41,20,6,157,21640,963,2211,676,210,25701,1865,84,140,45,43,2183,913,47,85,54,166,1270,53721,4335,5304,1218,662,65244
314,14,3254,2751,549,299,36,21,3647,2689,590,309,50,28,3649,2314,480,305,44,18,3167,1763,409,262,41,10,2486,957,257,165,36,16,1425,262,119,89,14,13,498,39,37,42,3,0,124,11,14,5,0,0,33,22374,3240,2206,297,155,28269,3554,6,28,21,14,3621,2259,9,71,12,9,2368,1183,30,119,25,7,1357,1236,91,197,56,8,1593,1362,91,270,58,9,1786,1528,153,259,61,15,2012,1390,147,247,61,8,1851,1080,128,218,46,3,1473,972,113,216,63,4,1367,733,116,161,49,7,1072,342,90,131,53,9,620,140,43,59,18,4,264,28,22,12,13,0,83,15805,1049,1993,528,106,19479,1211,63,111,26,17,1434,637,45,43,31,90,845,40022,4395,4359,884,368,50032
315,19,2752,2462,200,174,81,22,2940,2423,190,222,113,26,2970,2560,210,238,142,27,3179,2071,183,278,149,18,2707,1140,116,223,139,27,1641,378,72,141,97,19,708,87,35,58,66,7,263,29,13,41,70,7,171,22330,1326,1851,997,242,26743,761,0,3,17,12,788,622,3,12,6,3,655,609,7,40,15,7,682,704,20,33,24,6,787,612,19,44,18,3,697,670,12,50,19,6,758,592,27,53,27,17,711,571,39,50,14,6,678,522,32,68,27,9,656,401,18,63,30,9,520,183,22,31,29,0,259,73,11,33,30,7,159,33,6,21,15,3,82,6350,226,505,270,95,7445,1368,38,92,39,34,1574,728,45,71,85,92,1014,30769,1632,2515,1390,457,36773
316,48,7492,6729,1378,921,142,65,9231,7215,1548,986,148,60,9957,6587,1492,1054,173,82,9385,5250,1207,964,148,67,7634,2949,832,614,117,42,4553,750,369,277,101,20,1514,142,127,112,56,3,440,39,29,36,32,0,148,54175,8799,6715,1103,487,71278,7159,13,43,52,48,7316,4655,20,120,32,32,4853,3123,60,255,44,21,3507,3143,179,463,127,19,3935,3498,311,547,136,19,4517,4261,363,790,149,31,5598,4074,437,781,158,37,5489,4030,406,804,163,35,5435,3638,425,779,168,52,5064,2815,372,787,181,36,4197,1326,273,469,196,20,2294,451,138,221,112,10,935,123,75,120,73,6,396,42292,3081,6179,1592,383,53535,3304,216,319,85,73,3993,1429,141,193,124,290,2171,101199,12243,13410,2897,1232,130983
317,23,3912,3785,411,246,33,28,4506,3966,487,305,57,34,4854,3831,405,280,64,28,4608,3252,384,324,46,33,4040,1844,268,225,50,20,2408,517,118,110,53,3,803,86,42,60,24,8,214,29,17,23,27,0,98,33531,2840,2139,442,249,39203,3208,3,16,21,28,3279,2199,16,43,9,11,2282,1593,19,85,27,11,1738,1699,58,131,39,10,1941,1620,81,133,55,16,1903,1718,90,151,42,13,2011,1659,76,162,47,19,1963,1497,78,165,55,14,1817,1466,95,165,56,21,1796,1071,99,172,61,13,1418,615,60,138,40,10,861,231,34,66,35,7,372,71,13,35,25,3,148,18655,721,1456,522,180,21537,2102,60,70,53,28,2316,733,49,56,50,122,1012,55026,3665,3721,1068,580,64066
318,35,6414,6239,554,413,86,55,7352,6303,639,485,107,41,7573,5837,586,469,107,53,7050,4737,570,488,129,53,5974,2608,337,341,112,36,3437,778,164,186,83,17,1234,132,59,76,47,7,327,36,39,54,39,4,171,54117,3785,3478,814,393,62592,4598,7,19,28,35,4689,3816,10,63,4,23,3916,2312,25,112,16,12,2472,2292,52,200,42,11,2595,2312,92,223,47,9,2689,2405,112,202,68,15,2810,2243,109,240,40,23,2661,2141,106,232,57,24,2546,1881,109,269,74,28,2351,1425,89,249,81,26,1868,685,68,168,67,13,1004,240,46,73,47,11,407,104,30,57,36,13,240,26451,857,2106,614,230,30265,3310,93,153,76,54,3675,1332,48,82,91,194,1741,85203,4784,5822,1595,869,98272
319,31,5062,4915,530,594,170,46,6247,5420,640,700,191,42,6998,5236,660,795,210,55,6954,4502,571,744,254,52,6128,2558,412,637,224,43,3875,632,189,322,193,31,1361,119,70,153,149,11,499,48,41,134,103,23,343,41308,3865,5120,1712,446,52454,4466,6,20,57,52,4606,2574,5,53,29,24,2684,2183,30,106,36,18,2377,2223,65,160,78,25,2550,2464,110,251,86,25,2933,2731,110,296,89,32,3258,2958,137,328,80,36,3545,2944,122,359,97,26,3557,2807,151,433,144,39,3573,2080,134,398,138,44,2799,849,117,288,159,17,1436,300,49,165,111,13,639,97,34,115,95,3,345,28679,1068,2981,1214,351,34297,2688,106,234,122,62,3209,1264,61,153,193,291,1963,73936,5102,8489,3236,1151,91920
397,0,12,25,0,0,0,0,29,15,0,3,0,0,17,9,0,3,0,0,12,13,0,0,0,0,22,8,0,0,0,0,14,3,0,0,0,0,3,3,0,0,0,0,3,0,0,0,0,0,0,136,5,9,4,0,150,0,0,0,0,0,0,3,0,0,0,0,3,0,0,0,0,0,0,0,0,0,0,0,0,0,0,0,0,0,3,0,0,0,0,0,0,0,0,0,0,0,0,0,0,0,0,0,0,0,0,0,0,0,0,0,0,0,0,0,0,0,0,0,0,0,0,0,0,0,0,0,0,0,0,0,0,0,0,11,3,3,0,0,14,21,0,4,0,0,24,4,0,0,0,0,11,174,12,15,6,0,202
399,69,6545,3852,1363,1899,65,96,7270,3676,1252,1994,59,88,7069,3027,1052,1971,68,85,6191,2398,794,1631,52,76,4943,1419,486,975,49,49,2974,400,163,380,26,11,981,83,42,72,15,3,224,27,17,28,15,4,90,35253,7679,13804,474,652,57869,1663,11,178,38,22,1914,2410,28,427,40,32,2936,1830,98,728,37,36,2726,1624,148,959,61,28,2816,1506,201,1092,69,52,2914,1715,284,1440,67,52,3557,1692,319,1591,86,44,3729,1776,305,1680,71,60,3898,1594,319,1675,77,54,3726,1372,266,1399,76,59,3183,668,146,698,58,31,1596,259,33,234,27,12,564,104,15,74,28,6,225,18213,2180,12162,735,487,33784,3166,339,969,176,143,4786,1408,160,410,136,287,2402,58038,10356,27349,1522,1566,98838
401,72,15263,13196,1199,803,87,73,15357,13499,1371,962,117,84,16035,12527,1271,970,116,82,14963,10504,1146,959,85,76,12765,6090,736,644,71,50,7604,1649,415,407,54,30,2558,247,154,151,41,12,605,97,71,60,23,6,261,110961,8469,6679,784,660,127554,6646,16,68,28,48,6809,10469,45,176,51,62,10795,6274,83,267,53,40,6719,6418,164,397,88,41,7104,6563,266,502,90,44,7474,6425,331,595,127,43,7520,6019,342,617,124,51,7152,5393,304,582,118,50,6445,4933,287,639,127,46,6028,3927,365,648,122,46,5105,2011,363,549,155,25,3099,660,173,311,105,25,1268,255,89,169,92,5,618,65990,2820,5516,1274,523,76120,7233,251,318,93,113,8008,2214,107,186,111,369,2988,186406,11651,12693,2263,1663,214679
402,51,8114,7497,553,575,81,58,8769,7849,665,680,108,59,9365,7573,645,674,88,69,9043,6213,508,616,57,72,7460,3470,354,414,46,46,4336,911,196,180,32,11,1334,140,54,69,13,6,286,53,44,27,11,3,135,62771,4097,4714,589,487,72653,6030,21,20,46,54,6170,5518,30,107,33,47,5730,3495,68,213,44,16,3836,3647,105,372,97,33,4253,3428,164,359,94,26,4069,3537,198,407,84,38,4257,3466,207,439,84,40,4235,3307,182,440,88,41,4051,2929,161,462,75,25,3649,2091,157,404,79,33,2756,970,101,255,74,15,1417,294,51,125,41,13,521,99,29,62,28,5,215,38802,1467,3657,854,379,45168,3740,97,188,73,72,4174,1590,77,130,86,241,2125,106907,5736,8690,1604,1179,124118
403,27,5256,4790,552,531,58,24,5962,5103,684,618,80,38,6527,4879,575,681,66,36,6237,4320,540,551,70,37,5520,2533,386,416,41,36,3415,675,186,220,50,14,1145,115,59,70,13,6,263,35,16,31,16,9,107,41071,3928,4356,486,313,50159,5553,16,43,22,41,5680,5350,18,154,28,36,5591,3013,45,200,30,24,3316,3138,100,351,43,17,3648,3065,128,406,82,32,3714,3227,179,489,67,31,3990,3247,206,510,72,27,4060,3129,176,517,90,25,3935,3022,170,547,90,27,3860,2383,198,475,106,39,3204,1075,182,444,99,28,1824,359,78,176,71,11,700,136,44,86,60,8,343,36706,1547,4398,869,330,43851,3322,155,224,68,68,3831,998,51,101,66,178,1391,82095,5683,9081,1482,892,99237
404,29,8667,8458,582,411,43,55,9549,9104,685,543,51,70,10452,8691,766,538,38,52,10087,7192,666,514,34,53,8461,4213,456,353,21,43,5088,1095,226,157,26,19,1523,168,98,71,14,6,354,67,31,26,8,3,128,69492,4586,3694,314,476,78562,3860,3,15,24,30,3932,4852,22,99,27,36,5033,3058,50,155,34,31,3332,3070,91,226,37,20,3451,2924,112,276,42,24,3379,3057,158,251,42,29,3539,3151,145,305,46,33,3686,2915,152,285,52,33,3441,2696,172,314,59,36,3281,2038,152,281,49,21,2547,964,144,228,77,15,1426,364,64,118,46,12,601,122,38,76,42,3,278,33075,1304,2626,582,328,37918,3525,132,182,39,65,3938,1375,69,100,59,257,1863,107469,6095,6601,995,1129,122287
405,25,2069,1819,300,298,110,32,2553,2078,294,400,88,43,2907,2107,304,498,147,35,3084,1887,309,512,153,38,2896,1129,209,434,160,21,1945,281,128,239,108,12,766,42,55,105,57,3,265,27,21,66,67,6,193,16635,2026,3175,1041,277,23150,1537,0,11,32,24,1610,1128,3,36,16,11,1191,810,14,48,24,6,908,920,45,123,40,5,1132,985,53,137,47,16,1233,1135,43,143,55,14,1396,1313,60,201,45,11,1630,1332,66,185,47,26,1663,1312,69,214,74,14,1680,993,72,250,100,22,1436,439,70,192,105,11,813,165,38,89,94,17,399,59,24,63,84,10,239,12142,553,1699,756,187,15339,1250,74,203,78,59,1666,438,35,73,110,138,800,30470,2688,5149,1983,659,40953
406,8,2268,2120,165,184,68,34,2569,2376,212,264,72,33,2956,2308,211,288,86,20,2901,1868,206,264,110,24,2470,1032,130,213,88,21,1485,281,71,99,52,10,508,51,30,55,24,4,169,29,19,23,12,0,88,18755,1312,1818,622,219,22722,1189,0,8,8,20,1224,947,0,11,7,13,981,827,15,55,16,5,919,910,20,73,35,7,1040,861,31,85,24,6,1012,974,37,87,28,8,1136,1023,37,103,26,12,1204,928,31,95,26,5,1088,963,33,124,37,9,1169,651,36,117,40,6,851,267,14,71,42,4,409,100,24,43,26,8,195,38,13,20,26,3,94,9680,302,887,352,110,11324,1499,52,102,29,50,1740,546,25,56,44,126,792,30483,1684,2858,1046,507,36578
407,35,3611,3334,407,525,160,48,4462,3718,521,679,181,71,5177,3471,513,797,226,67,5069,3160,490,777,203,59,4694,1996,367,621,226,46,3260,473,197,385,202,21,1264,91,58,166,121,11,438,50,40,103,83,13,292,29564,3221,5033,1573,477,39869,2870,3,12,54,44,2982,1933,10,37,25,25,2017,1494,26,100,27,14,1661,1750,62,158,71,25,2058,1837,94,206,65,28,2230,1976,92,229,80,18,2396,2162,96,285,81,34,2664,2170,100,320,103,31,2728,2117,115,361,131,27,2756,1655,115,418,161,25,2377,795,115,344,179,30,1459,259,57,197,140,14,668,110,48,138,153,17,466,21120,943,2796,1277,334,26463,2278,148,329,142,74,2964,781,57,106,141,212,1295,53737,4366,8262,3136,1092,70596
497,0,4,5,0,0,0,0,8,9,0,0,0,0,9,6,0,0,0,0,10,0,0,0,0,0,0,0,0,0,0,0,3,0,0,0,0,0,0,0,0,0,0,0,0,0,0,0,0,0,0,35,0,7,0,0,41,0,0,0,0,0,0,0,0,0,0,0,0,0,0,0,0,0,0,0,0,0,0,0,0,0,0,0,0,0,0,3,0,0,0,0,3,0,0,0,0,0,3,0,0,0,0,0,0,0,0,0,0,0,0,0,0,0,0,0,0,0,0,0,0,0,0,0,0,0,0,0,0,0,0,0,0,0,0,11,0,0,0,0,11,14,0,0,0,0,14,0,0,0,0,0,0,52,0,4,0,0,64
499,22,1813,1009,277,771,4,19,2086,1019,329,856,20,37,2253,940,326,824,19,29,2138,751,208,706,19,20,1711,409,117,431,19,25,996,131,51,147,16,7,351,30,9,31,9,0,80,14,3,9,3,3,40,9736,2003,5855,137,239,17971,436,7,55,13,4,511,923,9,221,25,15,1190,734,31,321,13,19,1109,624,66,356,23,10,1075,590,65,423,21,11,1113,662,82,573,19,21,1351,761,100,653,26,34,1570,856,98,744,26,32,1749,809,94,773,29,26,1724,634,82,607,23,30,1375,302,44,319,20,14,699,125,16,107,11,3,266,34,7,38,13,3,99,7484,686,5184,264,216,13830,1206,98,396,56,50,1810,380,43,161,39,71,699,18810,2837,11595,492,577,34311
501,27,4070,3835,385,443,92,40,4800,4118,494,537,117,51,5313,3881,462,562,114,38,5058,3286,425,504,122,47,4376,1838,229,343,121,29,2567,453,133,212,110,27,932,77,53,85,71,7,297,32,23,57,41,4,164,31837,2791,3650,927,356,39560,3026,6,12,31,29,3107,1580,5,29,16,15,1646,1460,21,104,32,19,1631,1869,68,233,65,20,2250,2049,117,295,68,23,2553,2351,128,317,88,24,2903,2302,134,328,62,25,2856,2063,118,303,87,26,2602,2002,138,339,105,27,2615,1545,127,406,111,27,2212,744,104,256,122,14,1240,248,56,114,95,11,525,102,29,75,79,12,302,21341,1045,2821,961,273,26442,2530,127,289,105,65,3120,898,62,117,89,139,1296,56601,4024,6878,2083,832,70419
502,4,1315,1360,157,145,11,14,1693,1464,180,169,22,13,1846,1368,187,181,27,10,1775,1087,145,135,25,4,1398,583,83,103,13,11,791,157,43,40,14,0,251,22,14,18,0,3,61,7,3,7,3,0,29,11047,1043,1116,139,81,13426,1631,0,9,5,23,1669,1106,5,38,9,12,1160,658,15,65,13,3,757,774,35,101,25,3,930,803,44,103,26,5,987,896,48,124,39,5,1113,897,54,115,25,8,1098,878,46,145,36,10,1120,779,65,122,28,6,995,607,75,153,34,11,885,278,50,102,34,12,476,91,18,36,19,3,163,50,19,29,17,0,114,9440,466,1141,315,107,11466,847,46,50,25,21,984,367,24,36,15,50,496,21708,1580,2352,495,249,26378
503,63,19534,16096,1232,621,68,48,18070,15850,1377,736,80,67,18106,13612,1234,702,77,59,15676,10756,986,630,62,64,12490,6244,701,417,38,34,7438,2016,336,204,30,21,2612,363,124,70,15,7,581,98,56,35,15,3,211,136515,8058,4755,521,536,150380,4539,15,50,29,21,4659,8920,36,156,30,49,9190,6214,71,246,21,42,6587,6497,159,313,55,24,7046,6244,261,389,76,37,7000,5732,295,367,86,31,6523,5032,331,451,79,32,5930,4229,316,411,78,26,5069,3914,289,399,63,30,4695,3285,357,407,84,26,4157,1914,294,333,111,29,2673,708,153,169,46,11,1092,319,93,119,53,9,604,57544,2666,3818,830,371,65224,8163,160,192,54,90,8662,2477,110,159,87,276,3108,204695,10994,8920,1496,1274,227378
504,35,5886,5160,593,440,72,36,6302,5363,771,538,68,55,6794,5074,749,569,57,40,6488,3899,622,504,73,25,5122,2392,370,331,46,18,3152,763,175,142,33,7,1126,124,76,62,20,8,285,27,22,22,5,3,81,45012,4499,3757,503,333,54103,4179,5,28,34,25,4269,3710,18,89,40,25,3884,2251,50,193,31,16,2546,2048,134,304,79,17,2579,1954,147,295,77,26,2507,2195,159,372,81,17,2826,2154,199,355,69,19,2792,1922,202,343,87,27,2582,1793,179,338,74,17,2406,1422,193,349,100,13,2078,747,147,233,73,19,1207,317,67,94,57,3,539,121,19,55,33,11,247,24807,1525,3053,840,237,30466,2312,105,207,45,41,2713,1142,72,110,51,149,1529,73278,6200,7130,1441,766,88807
505,49,9700,8140,1213,907,85,59,10398,8515,1344,1021,101,62,11044,7761,1255,1011,114,69,10204,6046,1107,857,96,42,8151,3569,640,524,58,45,4840,1066,312,229,36,18,1664,196,94,60,17,0,363,58,46,29,3,0,142,72421,8183,6902,689,499,88693,9020,23,77,54,57,9237,8112,49,235,36,42,8467,4375,111,421,62,33,4997,4232,248,699,137,27,5340,4291,359,749,144,27,5569,4760,423,841,142,37,6209,4703,446,885,136,51,6218,4046,403,781,126,37,5400,3555,369,724,138,50,4838,2874,371,727,134,33,4135,1471,334,510,121,36,2470,535,144,215,77,25,996,217,77,101,55,7,455,52203,3351,6969,1364,457,64345,4266,200,338,97,74,4977,1915,145,209,111,246,2630,130808,11875,14423,2267,1280,160642
506,73,14337,12448,1110,766,92,56,14477,12420,1268,894,99,66,14753,11377,1273,940,120,77,13784,9390,995,767,93,66,11307,5740,673,536,73,60,7076,1840,341,274,45,22,2529,311,117,84,28,6,539,83,56,39,21,0,201,106582,8162,6423,739,673,122587,7295,12,41,49,49,7442,8130,43,190,51,38,8447,5556,135,401,62,34,6183,5084,253,530,132,29,6020,4764,291,581,132,36,5805,4823,342,560,133,34,5895,4416,367,620,127,37,5571,3946,336,580,125,28,5018,3659,355,591,107,40,4756,3153,370,630,140,30,4327,1694,281,426,116,25,2551,594,108,227,90,18,1044,212,60,102,64,14,456,53323,2971,5477,1338,409,63517,5660,209,278,107,79,6334,2578,146,206,106,320,3351,168143,11485,12392,2289,1478,195786
507,54,10185,8814,966,698,86,49,10604,9159,1033,765,119,70,11148,8358,1012,779,105,60,10321,6529,817,613,70,50,8080,3694,492,404,50,30,4662,1065,239,168,37,22,1526,180,89,50,12,8,337,66,36,23,8,0,142,76346,6330,5096,635,477,88881,7251,15,60,46,42,7418,6928,31,155,33,34,7174,3975,87,318,49,27,4452,4006,194,511,111,21,4832,4019,245,564,128,25,4982,4127,290,609,111,35,5170,4039,322,594,131,29,5115,3652,279,551,112,26,4620,3179,310,541,117,32,4180,2465,287,536,118,31,3435,1261,223,375,111,18,1994,434,110,155,76,17,789,182,54,93,47,6,381,45518,2440,5059,1189,333,54550,4679,188,245,86,74,5273,1859,86,166,85,262,2460,128402,9051,10571,1992,1145,151165
509,33,3172,2578,387,498,127,50,3640,2864,518,635,230,46,4289,2890,522,782,238,48,4472,2547,434,744,286,48,4058,1539,333,568,249,44,2736,494,212,368,220,22,1322,92,83,165,143,11,500,44,43,125,101,10,327,23917,3247,4880,1872,403,34320,1463,7,5,49,25,1545,976,14,32,22,10,1052,926,16,60,36,11,1041,1109,54,132,80,6,1389,1203,87,175,61,21,1549,1338,97,225,92,12,1765,1468,88,218,90,23,1888,1409,89,247,97,15,1850,1413,102,303,123,16,1961,1201,119,343,149,29,1834,614,84,257,209,17,1186,251,56,160,169,18,649,91,34,139,163,13,440,13464,846,2287,1342,200,18142,1904,195,318,142,78,2635,656,54,114,161,149,1132,39943,4346,7607,3516,825,56235
510,30,7603,7047,234,113,21,41,7451,6801,221,105,14,41,7181,5956,167,100,25,46,6297,4552,182,99,24,30,4886,2343,103,63,17,28,2555,633,60,27,17,13,752,103,15,13,12,3,146,40,7,8,5,0,57,55237,1366,810,176,364,57942,774,0,3,6,14,797,685,4,14,5,8,707,936,10,35,3,4,990,1181,34,69,18,7,1313,1059,31,60,14,10,1172,977,36,79,22,9,1128,867,40,44,13,6,969,648,43,53,15,3,763,538,27,48,14,8,636,396,27,45,13,7,480,158,17,25,12,0,213,49,3,10,4,3,70,26,0,3,3,0,35,8274,273,480,150,91,9266,5482,91,71,27,67,5734,1423,39,40,29,148,1671,70407,1764,1402,378,674,74614
511,24,4234,4041,356,286,60,19,4765,4176,362,355,97,45,5034,3922,367,350,94,38,4765,3129,337,331,90,41,3931,1819,228,274,90,27,2431,552,98,137,61,7,856,92,51,72,49,9,266,41,25,34,26,3,124,34385,2315,2373,668,285,40025,1689,3,4,25,9,1734,923,3,24,10,12,969,1025,25,41,13,3,1112,1181,58,102,45,7,1385,1141,71,138,46,11,1409,1197,73,154,37,24,1484,1243,88,133,43,17,1525,1141,71,157,44,16,1432,1020,73,170,52,19,1330,774,56,146,55,12,1045,354,45,103,66,12,583,144,35,53,47,10,285,63,27,43,30,3,165,11893,615,1262,528,152,14453,2650,110,173,72,66,3070,968,49,66,75,135,1289,49896,3089,3871,1342,637,58839
597,0,190,189,0,3,0,0,192,171,3,4,0,0,175,172,7,3,0,0,185,122,4,0,0,0,131,45,3,0,0,0,54,12,0,0,0,0,9,3,0,0,0,0,3,4,0,0,0,0,4,1277,18,21,0,4,1321,8,0,0,0,0,8,0,0,0,0,0,0,10,0,0,0,0,10,3,0,0,0,0,7,16,0,0,0,0,16,10,0,0,0,0,10,6,4,0,0,0,11,10,0,0,0,0,10,0,0,0,0,0,3,3,0,0,0,0,3,0,0,0,0,0,0,0,0,0,0,0,0,0,0,0,0,0,0,72,0,3,0,0,74,162,0,0,0,0,169,23,0,0,0,5,31,1536,22,23,5,8,1595
599,19,3502,1865,504,1077,27,41,3516,1832,494,1177,34,52,3585,1630,463,1124,26,54,3293,1196,354,848,20,39,2462,671,173,550,20,22,1433,202,74,182,4,16,489,49,23,45,3,0,116,19,11,14,11,0,51,18813,3282,8142,213,364,30819,772,3,87,23,16,905,1409,32,337,25,16,1814,1088,67,540,23,17,1729,938,96,638,32,12,1720,846,116,725,43,15,1739,895,155,833,47,24,1958,899,156,941,53,31,2080,899,162,929,28,28,2041,818,125,882,36,39,1898,682,132,761,37,29,1633,354,60,413,25,14,877,146,21,111,15,6,300,46,7,54,12,3,125,9794,1125,7246,395,249,18821,2465,192,635,102,99,3490,788,59,227,44,130,1251,31862,4660,16256,754,848,54379
601,36,6035,5895,424,528,26,41,6925,6356,529,500,58,53,7492,6242,516,529,50,45,7383,5395,431,502,40,40,6419,2762,289,323,34,20,3432,675,149,202,28,11,1068,113,48,43,20,3,231,28,29,25,7,3,87,49149,3106,3666,315,376,56617,3939,9,23,20,32,4018,4094,3,66,10,35,4209,2812,39,127,14,18,3003,2951,50,231,47,25,3301,2986,81,309,50,18,3443,3235,112,344,38,24,3757,3040,126,313,45,20,3539,2785,134,398,54,39,3398,2838,144,383,55,48,3461,2123,148,376,81,20,2755,999,123,304,67,24,1514,295,49,159,52,9,559,125,38,68,44,6,289,32209,1063,3101,574,301,37246,3594,98,225,39,84,4036,1064,47,98,59,188,1459,86026,4318,7088,983,951,99359
602,27,2925,2884,272,283,42,25,3509,3381,334,366,54,27,4162,3283,350,345,71,34,4079,2819,347,365,101,25,3654,1549,226,321,78,24,2194,358,115,135,53,5,669,53,54,59,40,4,212,17,23,42,24,3,112,25374,2150,2515,529,227,30794,2227,0,6,24,22,2282,2102,9,32,8,17,2162,1330,16,60,13,12,1433,1454,37,115,36,10,1653,1570,50,137,34,8,1794,1764,64,171,37,19,2066,1823,63,188,43,21,2130,1745,86,207,43,29,2111,1703,81,271,64,16,2133,1354,92,233,55,21,1758,604,69,191,69,15,944,205,35,91,42,16,391,83,24,71,42,8,224,17967,620,1771,515,213,21087,1905,82,180,57,54,2280,692,33,56,66,124,974,45944,2885,4516,1168,617,55131
603,8,467,393,36,93,23,9,549,371,63,136,28,11,617,412,60,120,33,10,632,377,54,137,41,13,619,210,40,117,37,9,415,57,43,41,29,4,176,16,9,30,29,0,79,3,7,17,17,3,48,3265,373,863,260,71,4838,271,0,8,9,0,291,197,0,3,3,5,211,182,3,14,0,3,204,227,6,33,8,3,278,249,11,46,4,7,318,245,7,64,18,4,348,289,30,69,19,9,416,305,16,64,20,11,413,322,20,108,26,5,477,251,24,97,30,9,413,113,27,60,35,5,245,52,13,30,23,0,111,14,12,23,21,3,67,2716,178,626,217,70,3793,285,16,72,23,16,409,142,4,28,14,39,227,6404,567,1587,510,195,9266
604,21,2240,2229,208,197,37,27,2704,2616,248,257,44,32,3194,2688,232,276,59,39,3296,2196,217,265,69,38,2785,1150,159,212,50,16,1586,281,89,102,37,10,523,45,33,48,18,3,137,19,20,30,17,3,92,20010,1473,1798,405,246,23938,1841,3,4,13,22,1886,1234,3,18,13,15,1282,986,12,38,14,13,1064,1069,25,88,25,13,1219,1185,41,86,36,6,1349,1329,48,118,27,16,1534,1411,59,148,22,31,1673,1416,63,146,48,13,1687,1318,61,188,48,17,1633,1016,58,167,61,16,1323,376,57,116,54,16,618,137,22,60,46,3,268,42,21,66,39,3,165,13367,466,1233,444,186,15688,1698,71,116,43,56,1976,551,27,53,51,129,814,35628,2028,3194,936,621,42416
697,0,4,0,0,0,0,0,3,5,0,0,0,0,5,6,0,0,0,0,4,9,0,0,0,0,9,4,0,0,0,0,4,0,0,0,0,0,0,0,0,0,0,0,0,0,0,0,0,0,0,35,3,0,0,0,43,0,0,0,0,0,0,0,0,0,0,0,0,0,0,0,0,0,0,0,0,0,0,0,0,0,0,0,0,0,0,0,0,0,0,0,0,0,0,0,0,0,0,0,0,0,0,0,0,0,0,0,0,0,0,0,0,0,0,0,0,0,0,0,0,0,0,0,0,0,0,0,0,0,0,0,0,0,0,10,0,0,0,0,10,3,0,0,0,0,5,0,0,0,0,0,0,50,3,0,0,0,55
699,5,474,288,66,171,3,9,532,302,73,212,3,15,605,303,72,195,4,15,590,226,51,195,8,5,489,144,29,113,5,4,298,28,8,35,4,0,81,11,0,5,3,0,15,3,0,4,0,0,12,2899,436,1379,42,72,4823,124,0,3,0,4,136,176,5,36,0,0,211,188,7,67,3,3,272,171,7,86,7,4,274,169,8,109,3,4,300,177,19,135,6,3,348,199,23,192,11,5,426,227,16,166,0,8,426,243,28,197,3,4,478,207,20,171,10,9,418,87,4,66,3,0,168,32,3,17,0,0,56,14,0,15,4,0,28,2021,142,1267,61,55,3543,349,27,115,17,22,518,145,13,52,15,24,250,5408,613,2817,126,170,9138
701,35,6565,5545,389,245,26,54,6260,5420,422,277,27,43,6194,4688,396,266,32,34,5422,3692,311,209,35,37,4281,2242,225,154,30,25,2672,763,106,90,18,6,990,145,41,37,12,0,235,46,15,11,4,3,77,47945,2531,1820,250,367,52917,1928,8,8,19,21,1984,1601,12,21,7,17,1665,1537,19,72,5,9,1654,1480,43,97,18,13,1652,1284,65,113,28,7,1505,1123,62,113,25,14,1336,983,62,118,23,7,1200,769,52,138,27,9,997,763,65,122,21,7,986,558,48,121,29,17,764,342,42,77,20,4,493,104,24,33,16,7,184,44,13,21,17,3,90,12534,514,1069,254,147,14518,2895,73,76,23,54,3120,1285,41,55,41,143,1567,64662,3159,3025,575,705,72120
702,17,2531,2373,134,75,15,13,2604,2505,157,103,15,23,2795,2461,161,112,22,31,2791,2177,140,96,19,16,2448,1392,110,64,19,21,1600,496,54,36,12,8,606,109,25,15,12,3,165,33,7,12,6,0,62,22376,997,738,141,164,24420,659,0,6,10,10,678,510,5,8,3,4,524,613,7,24,9,7,663,774,9,43,3,7,836,674,14,39,3,15,750,639,22,37,0,9,705,590,22,33,3,10,665,482,37,42,6,5,571,435,21,38,9,6,506,345,17,46,6,0,424,201,13,27,17,3,265,80,3,16,7,3,106,31,3,13,4,0,47,6032,181,364,87,78,6746,1500,40,37,9,34,1624,903,21,33,25,92,1066,30812,1242,1171,272,361,33860
797,0,3,8,0,0,0,0,14,9,0,0,0,0,7,10,0,0,0,0,12,8,0,0,0,0,14,3,0,0,0,0,3,0,0,0,0,0,0,0,0,0,0,0,0,0,0,0,0,0,0,67,3,3,4,0,74,0,0,0,0,0,0,0,0,0,0,0,0,0,0,0,0,0,0,3,0,0,0,0,3,0,0,0,0,0,0,0,0,0,0,0,0,0,0,0,0,0,0,0,0,0,0,0,0,0,0,0,0,0,0,0,0,0,0,0,0,0,0,0,0,0,0,0,0,0,0,0,0,0,0,0,0,0,0,6,0,0,0,0,6,11,0,0,0,0,9,3,0,0,0,0,3,88,3,4,4,0,91
799,0,300,174,34,62,0,4,274,174,18,68,3,3,268,145,39,47,6,0,232,124,24,40,0,0,190,66,17,19,3,3,109,30,3,12,3,0,48,7,0,0,0,0,11,3,0,3,0,0,10,1774,211,383,19,28,2414,47,3,0,0,0,48,48,0,17,0,0,61,52,0,14,0,0,72,50,5,32,0,0,84,41,5,32,3,0,84,31,12,36,3,0,89,35,9,36,4,0,87,39,3,40,3,4,83,34,15,29,0,3,79,28,7,32,3,3,72,16,4,9,0,0,30,6,7,5,0,0,15,3,0,3,0,0,3,428,71,286,21,17,819,221,34,60,9,10,334,70,12,9,3,12,108,2493,331,736,60,61,3679
801,59,18553,17309,1014,500,53,72,18942,17107,1195,585,57,62,19002,15218,991,595,57,52,16919,11137,794,462,60,45,12502,5543,506,336,43,37,6462,1740,275,185,40,21,2257,318,100,69,21,6,505,89,40,24,10,3,168,136806,6941,4020,455,506,148735,8197,16,56,33,44,8350,8805,31,133,35,33,9041,4789,63,173,34,22,5079,5460,150,287,59,25,5972,5473,209,361,62,29,6136,4894,235,354,53,26,5565,4146,238,326,77,27,4806,3426,218,342,50,18,4061,3027,214,373,67,19,3703,2509,231,397,69,22,3226,1436,204,339,79,22,2086,507,102,142,49,11,814,206,52,82,45,6,395,52887,1972,3363,712,307,59238,8881,170,207,57,91,9400,2711,120,121,69,248,3274,201286,9197,7719,1301,1151,220648
897,0,0,0,0,0,0,0,0,0,0,0,0,0,0,0,0,0,0,0,0,0,0,0,0,0,0,0,0,0,0,0,0,0,0,0,0,0,0,0,0,0,0,0,0,0,0,0,0,0,0,0,0,0,0,0,0,0,0,0,0,0,0,0,0,0,0,0,0,0,0,0,0,0,0,0,0,0,0,0,0,0,0,0,0,0,0,0,0,0,0,0,0,0,0,0,0,0,0,0,0,0,0,0,0,0,0,0,0,0,0,0,0,0,0,0,0,0,0,0,0,0,0,0,0,0,0,0,0,0,0,0,0,0,0,0,0,0,0,0,0,0,0,0,0,0,0,0,0,0,0,0,0,0,0,0,0,0,0
899,4,502,254,108,93,0,4,468,238,76,101,6,5,430,192,76,84,3,3,349,151,44,82,0,3,275,90,29,56,3,0,174,33,12,20,0,0,69,4,4,3,0,0,13,3,0,0,0,0,9,2635,636,780,12,27,4093,192,3,21,4,3,228,259,3,44,3,4,312,139,6,49,4,7,200,109,19,46,4,0,172,99,10,61,3,0,171,95,27,74,0,3,198,112,19,88,7,3,226,79,19,79,5,0,192,96,18,82,3,0,200,99,16,61,3,9,184,57,6,46,3,3,113,15,3,20,0,0,37,7,0,3,3,0,20,1349,149,680,43,29,2251,245,16,47,9,5,317,117,10,24,0,15,159,4344,805,1534,69,78,6819
901,6,197,156,13,21,0,5,195,171,7,19,3,0,210,188,3,29,4,4,233,172,19,30,6,0,222,121,3,15,3,0,147,74,7,14,3,0,98,14,3,10,0,0,33,4,0,5,0,0,8,1506,66,172,20,34,1801,35,0,0,0,0,41,39,0,0,0,0,39,36,3,0,0,0,37,46,4,14,0,0,61,54,3,3,0,0,60,53,0,0,0,0,53,39,0,12,0,3,55,67,5,9,0,3,76,44,0,12,3,3,60,43,0,10,3,3,62,37,9,8,3,3,58,15,0,3,0,0,23,6,6,5,0,0,17,508,28,74,21,18,645,146,4,13,8,3,168,51,0,5,3,14,75,2215,93,272,49,62,2692
997,0,0,0,0,0,0,0,0,0,0,0,0,0,0,0,0,0,0,0,0,0,0,0,0,0,0,0,0,0,0,0,0,0,0,0,0,0,0,0,0,0,0,0,0,0,0,0,0,0,0,0,0,0,0,0,0,0,0,0,0,0,0,0,0,0,0,0,0,0,0,0,0,0,0,0,0,0,0,0,0,0,0,0,0,0,0,0,0,0,0,0,0,0,0,0,0,0,0,0,0,0,0,0,0,0,0,0,0,0,0,0,0,0,0,0,0,0,0,0,0,0,0,0,0,0,0,0,0,0,0,0,0,0,0,0,0,0,0,0,0,0,0,0,0,0,0,0,0,0,0,0,0,0,0,0,0,0,0
999,0,8,3,0,0,0,0,3,3,0,0,0,0,8,7,3,0,0,0,12,0,3,0,0,0,5,0,0,0,0,0,0,0,0,0,0,0,4,0,0,0,0,0,0,0,0,0,0,0,0,49,4,4,0,0,56,0,0,0,0,0,0,0,0,0,0,0,0,0,0,0,0,0,4,4,0,0,0,0,4,3,0,0,0,0,3,0,0,0,0,0,5,3,0,0,0,0,6,0,0,0,0,0,0,3,0,0,0,0,3,0,0,0,0,0,0,0,0,0,0,0,0,0,0,0,0,0,0,0,0,0,0,0,0,10,0,4,0,0,24,29,3,0,0,0,31,3,0,0,0,0,6,92,13,11,3,0,118