SA4_CODE_2016,AgFF_AgFF_nfd_M,AgFF_AgFF_nfd_F,AgFF_AgFF_nfd_P,AgFF_Agriculture_M,AgFF_Agriculture_F,AgFF_Agriculture_P,AgFF_Aquaculture_M,AgFF_Aquaculture_F,AgFF_Aquaculture_P,AgFF_Forestry_logging_M,AgFF_Forestry_logging_F,AgFF_Forestry_logging_P,AgFF_Fishing_hunt_trap_M,AgFF_Fishing_hunt_trap_F,AgFF_Fishing_hunt_trap_P,AgFF_AgFF_support_Svs_M,AgFF_AgFF_support_Svs_F,AgFF_AgFF_support_Svs_P,AgFF_Tot_M,AgFF_Tot_F,AgFF_Tot_P,Min_Min_nfd_M,Min_Min_nfd_F,Min_Min_nfd_P,Min_Coal_min_M,Min_Coal_min_F,Min_Coal_min_P,Min_Oil_gas_extrac_M,Min_Oil_gas_extrac_F,Min_Oil_gas_extrac_P,Min_Metal_ore_min_M,Min_Metal_ore_min_F,Min_Metal_ore_min_P,Min_NonMet_minral_min_quar_M,Min_NonMet_minral_min_quar_F,Min_NonMet_minral_min_quar_P,Min_Expl_oth_min_supt_Svs_M,Min_Expl_oth_min_supt_Svs_F,Min_Expl_oth_min_supt_Svs_P,Min_Tot_M,Min_Tot_F,Min_Tot_P,Mnf_Mnf_nfd_M,Mnf_Mnf_nfd_F,Mnf_Mnf_nfd_P,Mnf_Food_pdt_M,Mnf_Food_pdt_F,Mnf_Food_pdt_P,Mnf_Beverag_tobac_pdt_mnf_M,Mnf_Beverag_tobac_pdt_mnf_F,Mnf_Beverag_tobac_pdt_mnf_P,Mnf_Tex_lther_clthing_footw_M,Mnf_Tex_lther_clthing_footw_F,Mnf_Tex_lther_clthing_footw_P,Mnf_Wood_pdt_mnf_M,Mnf_Wood_pdt_mnf_F,Mnf_Wood_pdt_mnf_P,Mnf_Pulp_paper_cvertd_paper_M,Mnf_Pulp_paper_cvertd_paper_F,Mnf_Pulp_paper_cvertd_paper_P,Mnf_Print_inc_repdtn_RM_M,Mnf_Print_inc_repdtn_RM_F,Mnf_Print_inc_repdtn_RM_P,Mnf_Petroleum_coal_pdt_mnf_M,Mnf_Petroleum_coal_pdt_mnf_F,Mnf_Petroleum_coal_pdt_mnf_P,Mnf_Basic_chem_and_chem_p_m_M,Mnf_Basic_chem_and_chem_p_m_F,Mnf_Basic_chem_and_chem_p_m_P,Mnf_Polym_pd_rubber_pd_mnf_M,Mnf_Polym_pd_rubber_pd_mnf_F,Mnf_Polym_pd_rubber_pd_mnf_P,Mnf_NonMet_mineral_pdt_mnf_M,Mnf_NonMet_mineral_pdt_mnf_F,Mnf_NonMet_mineral_pdt_mnf_P,Mnf_Prim_met_and_met_p_m_M,Mnf_Prim_met_and_met_p_m_F,Mnf_Prim_met_and_met_p_m_P,Mnf_Fab_metal_pdt_mnf_M,Mnf_Fab_metal_pdt_mnf_F,Mnf_Fab_metal_pdt_mnf_P,Mnf_Transpt_equip_mnf_M,Mnf_Transpt_equip_mnf_F,Mnf_Transpt_equip_mnf_P,Mnf_Machin_and_equip_mnf_M,Mnf_Machin_and_equip_mnf_F,Mnf_Machin_and_equip_mnf_P,Mnf_Furnitur_and_oth_mnf_M,Mnf_Furnitur_and_oth_mnf_F,Mnf_Furnitur_and_oth_mnf_P,Mnf_Tot_M,Mnf_Tot_F,Mnf_Tot_P,EGWWS_EGWWS_nfd_M,EGWWS_EGWWS_nfd_F,EGWWS_EGWWS_nfd_P,EGWWS_ElecSup_M,EGWWS_ElecSup_F,EGWWS_ElecSup_P,EGWWS_GasSup_M,EGWWS_GasSup_F,EGWWS_GasSup_P,EGWWS_WatSup_SDS_M,EGWWS_WatSup_SDS_F,EGWWS_WatSup_SDS_P,EGWWS_WasteCTDS_M,EGWWS_WasteCTDS_F,EGWWS_WasteCTDS_P,EGWWS_Tot_M,EGWWS_Tot_F,EGWWS_Tot_P,Const_Const_nfd_M,Const_Const_nfd_F,Const_Const_nfd_P,Const_Blding_Const_M,Const_Blding_Const_F,Const_Blding_Const_P,Const_HeavyCivl_eng_Const_M,Const_HeavyCivl_eng_Const_F,Const_HeavyCivl_eng_Const_P,Const_Const_Svs_M,Const_Const_Svs_F,Const_Const_Svs_P,Const_Tot_M,Const_Tot_F,Const_Tot_P,WST_WST_nfd_M,WST_WST_nfd_F,WST_WST_nfd_P,WST_Basic_matl_W_M,WST_Basic_matl_W_F,WST_Basic_matl_W_P,WST_Machin_and_equip_W_M,WST_Machin_and_equip_W_F,WST_Machin_and_equip_W_P,WST_MotV_and_motV_partsW_M,WST_MotV_and_motV_partsW_F,WST_MotV_and_motV_partsW_P,WST_GrocLiq_and_tob_pdtW_M,WST_GrocLiq_and_tob_pdtW_F,WST_GrocLiq_and_tob_pdtW_P,WST_Oth_gds_W_M,WST_Oth_gds_W_F,WST_Oth_gds_W_P,WST_Comm_based_W_M,WST_Comm_based_W_F,WST_Comm_based_W_P,WST_Tot_M,WST_Tot_F,WST_Tot_P,RetT_RetT_nfd_M,RetT_RetT_nfd_F,RetT_RetT_nfd_P,RetT_MotV_and_motV_partsR_M,RetT_MotV_and_motV_partsR_F,RetT_MotV_and_motV_partsR_P,RetT_Fuel_ret_M,RetT_Fuel_ret_F,RetT_Fuel_ret_P,RetT_Food_ret_M,RetT_Food_ret_F,RetT_Food_ret_P,RetT_Oth_store_based_ret_M,RetT_Oth_store_based_ret_F,RetT_Oth_store_based_ret_P,RetT_NonSR_and_RCB_buy_sell_M,RetT_NonSR_and_RCB_buy_sell_F,RetT_NonSR_and_RCB_buy_sell_P,RetT_Tot_M,RetT_Tot_F,RetT_Tot_P,AcFd_AcFd_nfd_M,AcFd_AcFd_nfd_F,AcFd_AcFd_nfd_P,AcFd_Accomm_M,AcFd_Accomm_F,AcFd_Accomm_P,AcFd_FoodBev_Svs_M,AcFd_FoodBev_Svs_F,AcFd_FoodBev_Svs_P,AcFd_Tot_M,AcFd_Tot_F,AcFd_Tot_P,TPW_TPW_nfd_M,TPW_TPW_nfd_F,TPW_TPW_nfd_P,TPW_RoadTspt_M,TPW_RoadTspt_F,TPW_RoadTspt_P,TPW_RailTspt_M,TPW_RailTspt_F,TPW_RailTspt_P,TPW_WaterTspt_M,TPW_WaterTspt_F,TPW_WaterTspt_P,TPW_Air_space_tspt_M,TPW_Air_space_tspt_F,TPW_Air_space_tspt_P,TPW_Oth_tspt_M,TPW_Oth_tspt_F
101,46,29,73,3715,1571,5288,121,29,155,166,27,193,69,20,89,238,68,306,4358,1743,6099,23,4,31,11,0,11,0,0,0,54,4,57,266,26,293,20,3,23,374,49,419,241,59,301,981,654,1633,93,47,140,28,48,75,362,54,414,3,3,12,48,38,83,8,3,10,48,31,77,9,5,18,180,23,203,232,52,283,180,25,206,165,26,188,111,34,142,171,46,214,2875,1144,4018,5,0,5,530,116,647,3,0,9,122,22,146,230,50,273,889,184,1078,295,40,339,1320,236,1558,441,48,485,3274,434,3706,5324,757,6083,33,15,49,489,172,662,108,32,142,57,12,77,117,59,179,71,55,129,42,29,68,928,383,1311,109,150,262,461,167,631,217,187,406,1304,1642,2947,1225,2588,3814,13,18,33,3338,4752,8088,17,21,39,1024,1386,2415,2280,2975,5257,3328,4378,7705,108,53,163,1247,254,1505,55,3,61,9,3,14,29,10,38,63,30
102,12,8,15,449,336,785,17,3,22,5,0,10,51,3,60,41,24,63,581,375,955,50,12,59,230,19,254,7,0,7,33,4,38,110,13,120,24,8,29,456,52,511,424,145,569,1254,915,2173,58,19,69,68,106,175,698,177,870,44,25,77,118,73,188,3,0,9,182,154,339,124,28,153,325,49,376,239,42,285,533,91,628,211,42,250,531,189,721,269,81,348,5089,2133,7219,10,3,10,563,80,635,17,3,21,148,23,170,235,61,292,962,167,1128,329,64,397,1962,441,2405,621,140,762,4311,774,5082,7222,1418,8642,66,48,109,376,152,521,290,136,429,136,25,160,182,129,310,211,306,516,10,0,17,1269,788,2055,129,195,327,714,248,957,172,169,343,2005,2627,4631,2301,4936,7235,20,44,68,5343,8213,13562,12,13,26,338,644,976,3736,5173,8902,4085,5830,9906,78,39,113,1414,270,1683,157,38,200,8,3,14,4,13,19,23,5
103,61,31,98,5259,2075,7328,5,3,3,133,24,152,0,0,3,293,113,403,5751,2242,7995,115,11,130,2159,163,2321,4,0,4,1689,250,1938,151,19,167,179,30,213,4298,473,4779,344,89,436,1245,580,1822,172,109,278,45,59,105,506,94,604,12,12,24,81,54,135,15,3,11,82,22,101,58,12,67,186,29,214,303,50,354,299,40,338,149,14,166,368,74,435,133,35,166,3992,1267,5257,7,3,7,615,102,713,15,5,17,155,25,182,149,37,188,934,173,1114,224,39,258,1010,203,1211,458,74,536,2576,410,2983,4270,721,4990,28,14,37,457,176,636,337,83,426,67,17,84,174,110,281,72,57,126,107,42,145,1242,495,1736,131,161,294,642,231,871,168,214,386,1095,1731,2830,1255,2822,4074,17,14,31,3308,5173,8481,7,12,19,411,815,1227,1795,2899,4695,2217,3725,5940,108,57,160,1360,284,1646,219,37,256,0,0,3,39,37,77,8,3
104,19,6,25,1529,763,2295,40,9,54,130,24,157,99,19,121,155,94,248,1974,918,2894,6,0,6,3,0,5,0,0,0,8,0,8,63,12,70,5,0,6,88,13,97,132,29,164,363,169,525,15,6,22,28,34,65,431,50,478,3,0,7,28,22,51,0,3,3,3,4,15,20,4,25,112,11,123,115,20,128,142,32,171,103,12,111,106,33,139,87,33,120,1697,451,2149,3,0,3,166,18,187,4,0,11,52,12,65,144,20,166,371,58,426,142,30,169,657,141,794,627,113,741,1655,253,1910,3080,533,3614,24,13,35,199,76,279,92,43,134,109,17,121,153,84,234,35,37,78,3,3,6,613,273,890,69,91,164,376,104,483,127,120,251,922,1174,2091,1074,2065,3143,23,17,43,2597,3571,6167,5,9,15,474,742,1216,1536,2021,3551,2015,2768,4778,54,22,76,901,138,1038,49,18,66,17,5,22,37,18,54,11,3
105,56,29,83,3911,1459,5364,3,0,3,11,3,16,7,0,13,304,85,396,4296,1576,5879,88,7,96,25,6,29,3,0,3,1629,208,1841,72,14,90,80,15,101,1905,251,2159,67,21,87,668,266,930,15,4,21,20,25,43,56,11,68,3,0,4,18,21,37,0,0,0,41,8,49,16,6,20,35,4,38,105,11,118,125,19,143,52,7,57,81,22,100,32,3,36,1333,424,1760,0,0,0,265,31,301,31,32,60,130,43,174,63,10,70,488,122,607,74,9,83,477,82,566,304,34,343,1355,177,1533,2212,311,2527,17,7,22,260,119,377,196,43,245,61,5,69,102,50,158,21,30,51,86,34,119,746,291,1034,65,48,118,387,110,502,99,139,236,611,943,1550,648,1417,2057,16,3,21,1826,2657,4484,4,8,12,255,545,806,933,1541,2473,1187,2097,3286,61,37,102,736,166,900,92,13,110,4,0,3,41,10,51,6,3
106,19,11,28,1958,1183,3137,70,18,87,21,3,30,41,4,47,124,50,174,2233,1277,3507,344,64,414,8464,1118,9585,16,0,21,105,13,113,153,27,181,277,60,339,9364,1282,10646,388,111,494,658,447,1103,409,321,728,65,67,130,221,44,263,4,3,5,18,24,44,28,3,36,309,168,479,138,35,171,271,29,295,1295,117,1406,406,58,461,447,66,513,814,176,985,90,34,124,5562,1686,7245,9,3,10,949,123,1070,41,7,47,152,37,188,283,65,345,1429,229,1658,285,51,338,1488,409,1892,845,184,1034,3521,548,4070,6142,1194,7335,33,16,46,410,145,550,652,128,779,144,26,170,104,40,146,58,69,126,28,9,37,1426,433,1859,114,150,264,651,243,895,161,252,414,1389,2526,3920,1447,3358,4805,17,15,35,3778,6556,10331,12,24,31,600,1306,1910,2667,4266,6934,3273,5597,8876,142,65,205,1563,342,1906,194,47,239,24,10,43,210,76,292,42,34
107,5,0,7,227,142,364,0,0,3,4,0,4,29,3,34,33,37,65,301,177,476,58,11,69,993,78,1072,13,0,16,38,3,43,177,17,194,38,5,42,1326,115,1442,303,79,384,238,229,465,33,15,50,32,71,100,206,40,246,8,8,15,73,48,124,14,0,14,50,26,78,72,21,91,280,38,317,2936,300,3233,272,67,336,146,21,167,265,67,328,161,40,196,5081,1068,6150,5,0,7,277,56,332,26,7,35,90,19,116,273,51,324,676,135,809,380,56,440,1732,299,2027,646,70,716,3988,539,4522,6744,968,7706,74,38,115,425,114,537,321,92,413,129,39,167,205,101,305,132,123,256,10,5,13,1285,513,1803,129,166,301,583,212,797,186,98,288,1636,2245,3880,1901,4182,6085,28,20,44,4469,6922,11389,15,18,29,319,634,955,3523,4555,8083,3861,5206,9065,103,37,145,1728,253,1990,471,46,519,36,9,48,36,7,47,99,9
108,15,6,21,1727,840,2569,142,23,162,112,20,137,99,10,105,78,29,108,2166,932,3103,17,0,21,124,10,128,9,0,10,16,0,16,113,5,126,15,0,16,289,25,311,198,53,253,790,384,1171,59,18,77,30,62,89,451,52,500,8,4,5,50,28,80,4,4,5,23,17,36,30,13,46,145,7,154,125,19,144,212,44,261,249,27,280,84,23,107,143,27,170,2607,786,3392,3,3,8,593,287,880,11,3,18,245,60,312,182,59,236,1040,411,1452,238,43,281,1228,260,1489,831,89,922,2457,358,2812,4763,751,5510,24,15,40,254,89,339,227,43,273,85,27,110,130,53,183,69,74,144,12,8,18,805,303,1106,120,128,253,504,147,656,175,155,331,1356,1790,3151,1458,2809,4264,12,19,29,3633,5053,8680,10,10,20,541,967,1512,2221,2944,5166,2777,3924,6698,63,44,105,1243,218,1462,80,9,98,17,3,23,39,6,46,18,10
109,48,22,68,3908,1454,5359,11,3,9,38,0,35,7,0,7,266,103,370,4279,1579,5859,33,4,33,13,0,17,4,0,6,111,7,117,48,13,56,4,3,6,213,26,237,291,71,365,617,444,1062,193,50,238,89,38,127,94,13,112,169,21,185,55,27,81,0,0,0,288,61,348,63,7,73,86,7,96,271,57,327,252,55,305,189,31,219,192,49,240,75,11,88,2925,935,3864,0,0,0,188,9,194,9,0,16,194,46,243,85,18,104,480,77,559,131,20,153,627,155,787,274,37,306,1668,237,1900,2699,444,3147,21,17,41,266,104,363,189,53,235,57,15,71,124,51,183,47,44,93,70,25,95,779,300,1073,75,76,148,271,90,361,109,162,270,637,1116,1757,793,1691,2487,11,10,16,1899,3144,5042,4,7,7,335,755,1086,1431,2214,3638,1765,2973,4738,109,48,158,1181,237,1415,34,17,48,12,3,9,51,23,73,15,7
110,106,47,152,6921,2773,9695,15,0,15,42,5,44,9,4,7,546,170,717,7634,3001,10635,42,0,42,1202,141,1340,21,8,30,42,4,50,97,13,119,84,16,99,1493,183,1676,179,49,222,1588,651,2239,35,10,47,91,44,136,121,25,147,3,0,3,41,42,86,8,3,6,47,17,59,53,0,57,91,17,109,142,33,174,134,30,168,174,17,195,181,25,204,124,30,155,3005,1000,4008,4,0,5,336,28,362,20,7,22,100,18,122,157,27,183,619,76,691,141,25,164,802,151,956,370,41,409,2167,327,2494,3481,539,4022,30,10,40,470,196,662,250,74,321,119,22,143,230,107,332,51,46,102,111,58,165,1266,509,1772,115,162,277,638,206,840,178,182,363,950,1537,2491,1137,2455,3592,20,11,33,3032,4558,7595,7,10,11,338,713,1051,1608,2382,3990,1951,3105,5061,140,59,200,1233,263,1496,205,25,226,3,4,8,116,34,149,0,3
111,7,0,10,400,270,669,4,0,6,12,0,11,45,5,49,34,29,65,500,302,808,192,39,232,1461,223,1682,20,0,20,65,11,76,37,6,44,187,33,217,1956,307,2268,628,170,802,1239,1002,2237,57,16,76,75,133,207,321,65,381,19,7,27,137,76,213,87,15,105,249,99,351,106,22,127,284,36,323,1418,164,1583,1037,109,1147,619,86,706,794,182,980,190,59,247,7262,2243,9506,18,3,21,1135,286,1420,27,4,31,337,151,490,318,78,396,1823,526,2354,464,84,553,2345,480,2822,1385,349,1732,5783,870,6656,9974,1791,11765,98,35,133,715,182,899,730,224,954,302,56,362,309,186,490,182,255,432,45,33,75,2376,970,3350,203,228,428,1174,371,1546,239,184,426,2200,2908,5099,2799,5921,8719,30,60,91,6639,9664,16306,7,22,32,386,648,1033,4880,6236,11119,5281,6902,12182,182,68,244,2060,368,2428,1213,242,1457,51,22,64,47,21,68,30,11
112,46,14,59,2667,1171,3844,22,5,25,81,13,94,59,18,77,192,90,282,3070,1311,4384,20,3,20,10,3,11,14,0,13,30,0,30,95,6,105,15,0,18,182,13,198,173,80,252,1610,887,2496,71,36,105,98,153,247,379,46,424,7,4,11,88,64,151,7,0,7,70,55,129,52,12,60,133,23,156,144,22,167,138,29,165,176,24,204,112,26,136,232,54,284,3474,1511,4988,4,0,4,261,25,289,13,0,10,128,39,166,184,56,236,589,116,708,213,38,249,1346,242,1584,390,51,436,3117,484,3605,5065,816,5884,47,28,75,314,125,439,163,46,205,142,20,158,276,133,406,122,146,266,22,7,27,1072,506,1576,125,200,328,708,182,884,215,156,368,1699,2044,3736,1788,3461,5250,31,38,69,4562,6074,10642,19,17,42,689,1093,1784,2825,3544,6370,3534,4662,8199,92,44,132,1414,262,1678,23,6,31,16,5,19,36,12,46,29,14
113,81,36,110,5035,1913,6946,18,3,20,162,25,187,4,4,6,382,133,515,5673,2110,7783,7,6,14,6,0,6,0,0,0,23,4,34,69,8,78,7,0,7,116,19,137,186,35,221,2401,1176,3571,712,307,1017,31,36,60,583,94,677,262,40,299,33,24,64,41,4,43,60,13,75,37,3,47,71,13,86,227,35,261,159,29,195,218,21,238,277,50,330,100,23,125,5399,1903,7305,8,0,8,454,55,507,15,0,17,276,60,333,141,28,169,884,142,1026,147,24,172,755,148,905,411,68,478,2127,271,2401,3440,509,3953,22,13,38,383,142,532,300,84,386,151,29,182,143,71,215,55,48,99,90,41,132,1158,430,1584,96,115,215,495,159,657,111,179,292,861,1416,2276,1078,2327,3405,20,15,31,2663,4210,6871,3,9,10,225,578,803,1269,2262,3529,1500,2847,4345,98,31,137,1248,279,1521,167,23,191,0,0,4,137,44,177,10,0
114,9,4,17,793,399,1197,18,8,26,18,3,19,34,11,45,54,24,82,927,451,1376,35,6,39,74,18,94,0,0,3,15,5,21,42,3,49,14,5,20,185,34,220,184,59,238,476,265,746,42,30,75,21,37,65,222,46,268,0,3,6,31,22,49,37,3,41,74,46,118,47,8,52,255,39,297,147,26,170,163,37,203,141,31,174,454,70,527,82,31,113,2381,757,3134,6,0,6,133,7,146,8,6,14,163,25,188,112,34,143,425,73,498,152,24,172,1085,244,1326,359,49,408,2215,306,2514,3807,615,4418,35,15,47,219,71,294,71,37,110,20,8,22,79,50,127,95,96,190,9,4,16,511,288,799,85,141,228,330,124,455,89,90,184,900,1298,2194,1089,2148,3241,14,10,22,2505,3815,6318,12,10,22,396,720,1117,1884,2439,4322,2291,3172,5461,52,24,77,672,133,801,159,18,174,4,7,8,45,18,63,15,15
115,12,8,15,950,726,1676,0,0,0,41,18,59,9,0,7,62,27,94,1067,785,1850,24,12,36,30,7,36,14,7,18,36,4,43,57,18,73,11,3,10,172,50,222,208,133,341,267,290,553,26,21,47,22,77,102,112,40,150,50,48,95,171,108,279,28,27,55,97,84,182,105,72,178,107,22,129,89,24,107,84,17,104,83,29,106,1219,623,1845,118,40,160,2790,1652,4439,3,3,4,108,29,138,14,8,19,62,31,90,48,26,75,236,88,329,327,96,428,2264,866,3123,789,227,1010,3917,881,4800,7297,2071,9365,93,78,170,386,222,610,616,311,922,130,65,196,190,192,379,272,281,558,12,19,29,1697,1160,2861,160,181,332,411,149,563,107,51,153,2943,2769,5711,2115,3819,5934,59,112,176,5787,7083,12872,17,11,23,166,283,446,2109,2409,4518,2293,2703,4987,75,41,109,762,146,906,17,15,31,35,4,34,15,11,26,13,3
116,10,6,12,191,100,287,0,0,0,3,0,3,0,0,0,26,15,38,233,116,351,26,10,34,14,3,16,10,0,13,13,4,20,48,4,56,17,3,20,126,29,155,688,263,954,1588,1093,2682,294,84,376,72,104,169,286,57,343,99,57,160,458,262,719,15,12,20,224,134,351,540,207,747,561,201,759,581,73,657,609,130,738,213,45,253,1022,349,1365,379,103,487,7624,3166,10793,4,6,6,1112,321,1432,11,7,21,157,39,202,568,160,734,1850,540,2391,466,86,551,1611,362,1974,891,208,1097,5061,881,5938,8027,1533,9556,188,135,321,881,344,1228,1341,644,1986,399,96,492,1000,496,1496,760,548,1303,21,0,27,4592,2259,6848,213,142,350,826,239,1067,166,116,283,2732,2249,4985,2579,3662,6242,52,72,127,6567,6488,13053,6,7,14,82,119,199,2487,3112,5598,2574,3234,5809,366,129,497,4482,672,5151,147,26,175,10,8,15,19,15,36,3,3
117,30,16,43,239,147,379,9,8,17,10,0,15,24,11,39,52,31,87,368,216,577,41,18,53,202,103,303,42,19,63,150,85,231,35,12,42,245,116,362,720,343,1063,502,224,719,2091,1372,3462,400,264,661,479,970,1447,152,24,177,250,88,336,1305,692,1995,109,89,198,698,336,1032,96,51,150,327,67,400,202,58,257,273,61,330,781,133,913,885,395,1284,576,264,840,9122,5083,14206,39,16,58,1665,618,2280,83,57,138,194,66,267,413,162,576,2401,919,3321,1067,193,1262,8478,2365,10839,1283,326,1611,8102,857,8962,18933,3740,22670,448,302,753,748,364,1107,2234,1130,3358,150,52,208,1332,811,2135,1871,2777,4647,192,143,328,6964,5575,12543,688,787,1474,1147,335,1486,379,241,615,4166,3100,7265,8538,14867,23404,378,553,934,15290,19884,35172,109,75,189,4775,4860,9632,17661,13449,31105,22547,18382,40929,905,410,1314,4207,956,5170,2145,723,2869,806,360,1165,8785,6072,14859,360,233
118,5,3,8,69,41,113,0,0,0,0,0,0,0,0,0,16,0,14,96,48,141,3,3,8,3,0,9,5,0,7,11,3,14,3,0,3,22,6,27,49,21,67,33,23,59,200,209,407,20,11,37,23,91,117,13,3,15,8,8,18,68,59,131,0,0,0,19,18,38,6,6,17,15,4,19,11,10,22,31,3,37,29,5,31,67,28,93,55,28,81,613,511,1124,3,0,3,20,7,30,0,0,0,84,7,95,42,8,45,153,19,170,186,27,212,2059,300,2363,123,15,136,2449,230,2682,4818,575,5388,43,47,92,91,57,147,112,69,179,14,0,15,88,52,141,134,212,349,30,34,59,511,483,985,99,163,267,62,14,73,85,28,114,1643,1181,2823,1828,3657,5486,20,32,51,3739,5076,8813,18,22,39,393,462,850,4470,3593,8061,4880,4067,8947,61,34,89,564,68,630,24,8,30,7,8,13,28,21,53,24,11
119,8,0,4,79,56,133,3,0,3,3,0,4,11,4,19,16,15,27,115,74,190,14,10,23,3,4,11,15,8,23,19,9,28,9,3,15,5,9,11,67,35,99,788,281,1070,1931,1174,3105,75,42,123,168,306,476,318,48,367,238,69,306,594,278,875,7,3,13,199,138,337,598,279,879,327,69,399,526,97,624,844,217,1063,630,158,786,925,400,1319,876,258,1134,9053,3818,12871,8,5,13,293,30,321,3,0,3,359,124,479,385,90,470,1044,240,1290,585,105,692,3108,596,3706,655,130,783,6718,1124,7844,11067,1956,13022,256,172,428,639,293,932,706,303,1001,360,120,480,654,333,989,634,589,1223,186,104,298,3447,1907,5346,245,219,466,1017,264,1272,280,84,368,2737,2462,5203,3011,4957,7969,38,40,78,7328,8031,15357,17,10,30,234,237,472,4869,4572,9438,5115,4826,9940,330,136,467,3457,481,3937,396,47,448,39,14,59,240,57,303,54,11
120,10,3,12,121,60,183,0,0,0,3,0,4,3,0,4,22,6,29,159,74,234,3,3,6,4,0,7,0,0,3,5,0,9,0,0,0,6,0,9,23,7,30,147,77,224,1171,1054,2220,107,59,161,43,158,207,48,10,56,30,21,52,254,131,384,0,3,3,14,25,38,48,20,63,92,12,110,20,7,25,42,13,50,140,22,166,156,54,209,152,61,212,2466,1721,4189,3,3,3,232,32,265,0,0,0,42,23,63,200,89,290,480,145,625,342,51,393,2686,547,3232,554,97,646,3099,446,3543,6680,1146,7824,81,69,149,273,124,398,1073,371,1441,92,24,123,1103,513,1625,324,297,617,38,20,61,2992,1424,4414,166,189,359,639,151,790,135,38,173,2161,1510,3672,2692,4276,6967,40,47,87,5834,6211,12044,15,9,26,148,186,331,4142,3284,7429,4305,3481,7788,180,68,247,1568,174,1746,570,164,736,100,16,118,23,10,31,37,6
121,10,9,19,166,128,295,3,0,3,10,0,10,8,4,10,47,24,68,243,172,408,46,32,75,34,13,44,17,7,22,83,51,139,46,23,70,94,59,153,310,191,497,255,112,369,769,657,1420,569,519,1087,77,149,222,103,53,156,100,130,237,552,260,814,34,8,35,286,383,665,80,41,124,91,57,142,119,46,162,102,32,129,227,49,277,1050,426,1479,147,74,220,4552,2983,7536,11,4,21,703,257,958,34,16,49,62,27,89,184,43,225,998,344,1339,525,138,664,4226,1054,5277,1349,533,1885,4437,690,5126,10532,2414,12952,201,155,356,365,171,533,2309,1125,3428,164,47,209,487,427,910,732,1070,1810,63,51,110,4307,3049,7358,271,370,641,1094,328,1419,219,56,277,2850,2165,5013,3959,6129,10082,76,125,199,8462,9167,17630,29,13,47,402,518,916,6053,5264,11314,6486,5794,12280,139,84,220,945,197,1141,536,133,670,179,158,333,56,26,84,168,174
122,10,7,17,96,83,188,0,0,0,3,0,10,15,7,23,113,46,157,250,142,390,10,6,10,7,6,7,5,0,5,16,3,18,14,3,18,11,4,17,59,21,83,382,150,531,317,323,638,51,25,76,60,110,169,128,33,162,31,11,42,260,103,367,37,20,61,397,538,931,138,64,200,73,13,86,113,22,138,168,41,216,219,45,269,721,186,903,309,106,418,3412,1791,5208,0,0,3,79,15,88,9,4,15,109,26,129,184,47,227,376,87,465,214,50,257,2090,433,2522,199,40,242,4024,650,4670,6519,1167,7687,117,100,222,457,174,634,1043,587,1631,79,36,117,168,119,290,652,915,1568,23,16,38,2536,1955,4491,176,246,421,478,105,586,97,27,122,1883,1355,3231,2353,3798,6153,218,414,626,5201,5945,11141,12,14,25,206,289,497,3659,3337,6994,3884,3636,7515,80,41,118,737,116,852,6,0,6,32,11,45,29,16,43,29,5
123,3,6,8,394,258,649,0,0,0,6,0,7,0,0,0,44,23,67,455,286,740,43,11,49,1388,56,1447,13,0,10,19,3,23,35,4,35,38,3,45,1537,79,1615,537,183,721,870,683,1553,44,16,63,112,137,251,328,66,397,337,131,469,203,172,370,7,3,14,441,302,738,506,230,738,401,64,472,402,62,472,582,151,732,290,49,340,537,130,669,337,104,442,5944,2477,8420,7,3,8,270,26,294,104,40,148,65,17,78,213,51,267,660,131,791,322,72,395,1449,361,1808,558,73,628,4117,734,4847,6436,1243,7680,92,60,149,491,197,689,362,125,483,184,44,229,153,103,256,306,219,524,13,10,26,1594,755,2350,117,145,267,710,255,967,125,133,250,1383,1887,3270,1498,3064,4555,24,17,42,3850,5502,9355,3,3,6,74,161,233,2211,3178,5392,2289,3345,5629,168,76,250,1905,338,2240,192,44,237,14,7,16,14,6,25,9,3
124,19,11,30,549,474,1028,3,0,3,7,0,9,7,0,5,57,31,95,649,521,1166,23,3,24,11,0,18,0,0,3,13,0,19,79,7,87,17,6,22,148,24,171,616,226,837,538,468,1007,11,3,17,62,107,170,382,69,449,176,85,255,191,144,333,13,0,15,166,128,294,289,106,394,471,75,546,729,130,863,578,99,678,746,108,854,322,134,454,244,78,321,5536,1945,7481,7,0,7,158,12,171,5,4,8,273,87,367,631,138,773,1074,248,1321,355,68,424,1669,435,2104,586,208,797,4483,815,5305,7090,1531,8625,70,35,112,501,169,672,360,187,546,126,30,159,204,98,300,258,205,461,16,11,28,1542,740,2275,151,169,321,711,238,953,149,117,265,1751,2485,4237,2008,3830,5837,70,66,140,4844,6910,11752,7,8,18,374,640,1016,3243,4544,7788,3629,5192,8820,150,64,212,2298,413,2710,208,61,263,7,6,17,42,12,54,32,19
125,13,8,17,196,97,302,20,4,22,12,4,19,8,0,9,34,19,52,280,135,413,39,15,56,17,0,18,13,4,18,22,13,39,20,3,22,35,7,39,145,44,189,1270,571,1835,2331,1437,3766,726,301,1024,353,400,754,553,99,656,647,179,829,1359,457,1819,91,26,118,1324,1261,2579,871,319,1194,1032,205,1238,675,141,820,786,172,956,1267,244,1516,2357,926,3278,688,235,926,16331,6985,23322,23,7,30,452,103,559,64,13,80,825,489,1313,610,147,754,1966,763,2727,670,107,781,3850,869,4719,1358,374,1732,7500,1257,8754,13378,2602,15981,480,247,724,1180,462,1649,2971,1307,4282,436,152,587,1221,691,1907,1345,1150,2495,153,86,243,7785,4106,11884,380,310,685,1365,396,1759,241,111,349,2717,2249,4963,4590,5761,10351,103,129,231,9390,8954,18350,22,12,29,420,487,910,4154,4276,8425,4591,4779,9367,547,198,745,4206,701,4906,673,138,806,23,14,35,77,23,101,33,5
126,10,5,15,59,33,88,0,0,0,3,0,3,0,0,0,15,14,32,86,54,141,18,6,24,9,3,13,9,0,9,12,5,11,3,0,3,18,5,26,67,25,93,118,77,201,621,648,1271,88,105,193,23,58,79,25,10,33,17,9,24,186,118,310,5,7,9,880,814,1697,19,17,42,174,114,287,23,16,34,30,23,49,114,50,160,1235,716,1951,63,59,117,3616,2843,6457,8,0,4,86,18,104,12,4,15,177,79,256,42,14,53,319,113,430,216,37,252,1646,346,1990,595,216,814,2356,423,2782,4813,1022,5831,104,60,170,236,170,411,3609,2135,5745,216,82,296,386,390,778,1259,1898,3163,234,180,412,6047,4922,10971,120,110,228,388,94,487,112,33,146,1264,1077,2340,1861,3034,4893,67,120,182,3812,4466,8273,8,8,9,182,210,390,2362,2230,4589,2545,2446,4996,61,34,100,465,62,528,172,55,223,15,12,25,8,3,12,7,4
127,10,6,20,756,533,1284,3,0,3,3,0,3,10,0,9,51,37,87,829,582,1413,23,3,30,3,0,3,3,0,3,24,3,30,77,9,86,5,0,8,140,18,152,913,309,1225,1228,821,2048,49,9,56,188,295,482,669,149,814,528,127,648,690,272,970,99,22,117,427,239,669,629,257,888,790,139,930,603,142,748,678,175,855,430,95,521,1511,677,2193,709,202,910,10143,3928,14072,8,0,9,193,43,235,17,3,23,139,89,226,316,88,402,678,222,902,509,90,603,2493,677,3177,563,81,646,5530,880,6406,9099,1729,10826,236,121,361,1037,423,1461,888,459,1353,486,125,608,546,285,834,557,473,1029,53,29,82,3805,1916,5718,204,226,437,911,291,1200,230,94,326,2161,2301,4467,2602,4252,6859,48,70,121,6158,7242,13401,6,12,18,87,128,215,3477,4084,7564,3578,4225,7802,405,157,558,3239,574,3816,96,27,126,10,5,16,63,15,82,13,3
128,3,3,11,25,11,36,8,0,8,0,0,0,33,11,45,15,3,20,80,32,118,3,0,9,8,3,12,7,0,7,21,3,25,4,5,7,3,3,7,51,10,63,309,118,428,301,372,670,51,10,60,36,89,127,114,26,136,23,16,43,128,75,209,121,26,146,76,67,143,234,56,290,72,23,98,170,35,209,219,61,280,181,87,263,209,84,292,257,79,337,2508,1238,3749,3,0,3,46,7,51,3,0,3,131,26,163,186,45,230,375,76,454,214,40,258,1494,365,1858,193,36,232,3286,549,3844,5192,999,6189,72,51,123,238,84,323,366,216,584,113,52,160,104,71,172,229,255,484,10,0,10,1127,733,1862,129,152,286,731,291,1021,147,56,202,1356,1461,2812,1806,3662,5470,6,29,42,4177,5647,9825,6,8,18,72,126,199,2760,2769,5529,2837,2906,5744,81,32,111,531,100,631,108,23,134,25,10,33,17,11,32,7,3
197,0,0,0,0,0,0,0,0,0,0,0,0,16,0,16,0,0,0,16,0,16,0,0,0,0,0,0,3,0,3,0,0,0,0,0,0,0,0,0,4,0,4,0,0,0,0,0,0,0,0,0,0,0,0,0,0,0,0,0,0,0,0,0,0,0,0,0,0,0,0,0,0,0,0,0,0,0,0,0,0,0,0,0,0,0,0,0,0,0,0,0,0,0,0,0,0,0,0,0,0,0,0,0,0,0,0,0,0,0,0,0,0,0,0,3,0,3,0,0,0,0,0,0,4,0,4,0,0,0,0,0,0,0,0,0,0,0,0,0,0,0,0,0,0,0,0,0,0,0,0,0,0,0,0,0,0,0,0,0,0,0,0,0,0,0,0,0,0,0,0,0,0,0,0,0,0,0,0,3,5,0,3,5,0,0,0,0,0,0,0,0,0,9,3,8,0,0,0,3,3
199,54,7,61,1300,279,1579,15,4,19,207,4,208,167,12,184,1002,182,1184,2740,489,3232,63,3,70,362,32,392,54,0,54,143,15,159,84,10,89,102,0,99,805,58,859,178,51,234,336,309,642,127,47,174,44,38,83,196,3,197,31,43,73,63,35,96,10,3,12,114,88,201,65,22,86,209,9,217,127,7,136,194,11,213,137,12,148,288,30,320,192,19,215,2314,737,3045,17,3,17,439,13,449,33,0,39,191,14,204,302,21,320,973,52,1027,1971,86,2051,14663,390,15053,2036,129,2164,37198,892,38095,55864,1497,57363,61,24,82,287,44,334,450,133,583,67,11,79,217,128,348,262,325,593,57,17,74,1411,680,2089,207,243,451,197,44,244,68,16,88,587,520,1111,981,1237,2222,67,50,118,2109,2122,4233,19,6,23,148,142,286,901,739,1644,1062,889,1950,444,103,544,5422,380,5808,266,28,292,89,4,92,268,138,404,65,11
201,33,15,46,1618,653,2266,7,3,9,45,14,59,3,3,8,109,25,137,1813,705,2523,26,3,31,0,0,0,3,0,3,155,23,175,92,15,108,74,33,107,355,71,427,293,77,373,994,778,1771,123,75,200,102,72,175,203,25,226,3,0,5,202,70,274,0,0,4,26,19,36,92,23,118,184,29,213,145,18,158,146,18,169,771,107,877,187,48,237,131,26,158,3615,1377,4985,0,0,0,133,20,150,9,4,10,153,70,216,109,20,128,405,111,511,158,29,188,872,201,1071,297,33,333,2199,296,2498,3530,561,4085,29,5,37,301,79,381,190,46,236,96,22,113,135,72,208,67,55,121,32,12,51,860,295,1148,119,141,253,428,127,553,109,105,215,953,1327,2283,1268,2281,3550,11,14,33,2887,3999,6886,5,17,21,275,504,780,1747,2398,4145,2030,2913,4944,96,39,132,868,158,1024,129,19,149,7,0,10,25,9,27,3,0
202,24,8,30,1749,770,2526,0,0,0,9,0,13,7,0,9,103,31,135,1905,810,2715,31,4,36,4,0,6,4,0,3,509,78,588,122,15,135,84,13,97,752,110,860,231,69,299,2052,1097,3156,141,57,199,102,138,239,171,39,207,10,4,8,55,31,85,4,0,8,42,42,86,51,14,69,128,29,158,229,28,249,151,24,174,465,74,536,287,44,327,107,30,135,4223,1708,5932,0,0,0,217,55,272,9,3,15,194,83,281,115,23,135,534,163,699,145,26,172,908,196,1104,285,29,313,2334,293,2625,3676,540,4214,31,11,44,328,98,426,124,40,159,74,13,85,130,60,181,55,58,113,39,12,54,776,295,1064,96,134,227,451,123,572,122,133,252,1118,1409,2528,1170,2184,3357,15,11,26,2971,3990,6960,12,5,15,198,402,604,1537,2116,3654,1748,2528,4277,82,33,115,785,128,915,122,25,148,3,0,3,13,7,23,11,4
203,21,16,36,1186,601,1788,43,7,54,14,5,21,29,5,34,75,33,111,1367,677,2045,13,7,18,5,7,11,18,12,29,14,3,18,78,7,83,14,7,18,144,32,175,426,88,518,860,755,1620,219,115,332,371,318,694,384,51,438,22,10,29,134,67,205,490,77,565,226,60,286,73,15,86,372,56,426,288,37,321,502,51,553,1304,148,1450,256,59,314,257,61,318,6184,1973,8164,9,0,9,262,220,486,23,6,29,264,112,378,301,54,357,872,395,1261,323,53,376,1889,361,2248,466,68,531,4605,591,5196,7280,1071,8356,71,30,107,685,216,900,217,60,279,115,25,140,204,107,314,312,302,614,33,16,46,1633,763,2394,143,197,334,733,182,914,225,239,463,1883,2310,4188,2770,5501,8271,21,35,53,5770,8455,14228,21,25,50,488,723,1205,3333,4456,7788,3841,5201,9042,118,54,170,1415,214,1627,158,26,181,50,27,75,50,28,76,22,8
204,45,16,62,3348,1612,4955,35,17,47,125,21,150,14,3,15,169,64,229,3734,1728,5464,11,3,12,3,0,4,3,0,3,21,4,23,115,9,127,14,3,18,165,29,190,249,59,304,1672,922,2586,456,289,746,147,103,255,660,65,724,195,18,212,40,30,73,3,0,0,50,18,66,64,10,74,184,25,211,305,23,331,306,75,384,175,41,215,319,59,375,109,25,136,4929,1766,6695,3,0,5,235,13,246,18,4,21,95,14,112,119,22,143,475,61,536,168,30,199,838,181,1016,631,124,758,2369,335,2707,4008,669,4680,23,3,25,395,136,529,289,48,340,119,16,133,163,71,234,60,57,114,37,13,50,1082,352,1436,105,120,224,521,167,691,171,183,355,1119,1676,2790,867,1699,2560,12,9,26,2793,3850,6643,6,12,17,796,1097,1890,1536,2532,4072,2338,3644,5979,133,46,180,1296,251,1548,85,20,102,3,0,4,25,13,41,261,172
205,44,35,86,5169,2879,8043,13,10,28,365,65,431,115,32,146,322,98,424,6035,3127,9157,36,5,41,320,24,343,423,29,456,67,10,71,181,40,223,62,9,70,1093,108,1203,299,89,385,1590,951,2542,94,56,148,40,62,105,711,84,791,795,51,844,79,69,150,64,11,66,56,25,77,51,14,64,156,28,179,226,38,266,204,16,223,422,60,478,200,41,238,165,28,194,5131,1624,6759,25,6,32,1914,149,2070,79,4,84,493,210,699,294,72,368,2810,445,3246,376,49,424,1446,281,1731,911,108,1013,3925,515,4435,6654,954,7604,40,15,51,566,229,795,307,84,388,118,36,151,292,134,419,48,58,100,45,24,66,1410,566,1975,158,248,406,694,249,944,149,180,328,1624,2588,4211,1835,3343,5170,14,27,38,4468,6630,11093,13,12,26,541,1029,1569,2434,3695,6132,2988,4740,7728,155,48,207,1424,293,1715,84,16,99,13,5,21,70,13,80,31,5
206,24,20,42,488,381,867,6,3,9,43,33,74,16,6,20,105,47,151,684,488,1171,47,37,82,29,26,61,379,210,587,643,394,1035,33,9,39,147,74,222,1270,751,2028,619,271,889,2612,2281,4899,1045,680,1726,429,826,1253,184,50,241,62,49,110,1333,637,1969,157,108,271,1107,1227,2331,237,93,324,507,150,663,171,60,234,235,51,291,2508,577,3086,1525,461,1987,553,254,802,13280,7783,21059,295,199,491,4758,3010,7766,216,159,374,482,326,804,442,141,585,6190,3834,10022,1123,196,1318,10865,2513,13377,2050,593,2651,10032,1233,11265,24076,4534,28605,329,247,573,1220,789,2006,3369,1255,4619,420,137,555,1055,692,1753,2028,2823,4850,247,139,390,8666,6088,14755,889,1059,1957,1829,559,2390,464,202,673,5896,4638,10531,10737,19569,30310,226,272,496,20049,26302,46352,115,102,215,4264,4744,9004,23397,19009,42401,27775,23846,51622,659,345,1001,4135,807,4939,3590,957,4546,769,307,1082,915,716,1634,192,98
207,9,0,13,102,77,184,11,10,21,3,5,7,6,0,6,32,16,48,166,105,271,0,3,6,8,3,4,11,3,14,12,9,20,20,12,33,20,10,24,65,33,99,177,93,268,356,550,907,52,43,94,76,180,260,120,67,188,296,90,383,214,108,325,3,0,5,95,100,193,56,33,89,167,61,221,43,20,63,103,73,173,41,9,54,262,120,379,180,83,263,2238,1636,3877,15,6,22,136,90,223,32,8,39,52,15,60,54,19,71,284,133,419,260,66,320,2958,597,3555,421,86,506,3323,440,3757,6960,1179,8135,106,104,204,460,285,748,568,279,853,177,89,266,200,197,399,505,904,1407,58,32,94,2080,1890,3971,252,315,573,754,223,979,190,81,278,3601,3211,6811,3196,5934,9127,33,37,72,8029,9803,17834,10,7,20,168,236,407,4395,4301,8699,4575,4550,9124,95,54,147,897,157,1057,109,33,143,14,8,21,13,21,33,11,7
208,12,8,25,248,136,388,3,0,9,3,0,3,9,3,16,42,22,56,322,169,494,23,3,28,7,4,12,7,0,5,28,7,38,13,0,15,24,3,25,94,22,121,1044,337,1384,1426,1368,2786,522,271,800,239,317,555,296,64,359,188,82,263,753,321,1071,16,4,26,455,331,792,938,337,1270,210,58,265,429,76,500,544,126,666,756,192,948,1056,451,1505,692,224,912,9556,4553,14102,12,6,17,118,41,162,17,8,31,92,33,123,202,46,243,438,136,575,378,65,450,3115,679,3789,477,85,564,5601,837,6439,9566,1667,11238,249,212,467,752,313,1069,861,448,1312,212,51,263,431,333,762,1176,1182,2365,26,12,36,3714,2555,6272,313,396,715,1151,280,1433,171,80,243,2919,2627,5552,4386,8085,12472,128,119,248,9060,11592,20656,12,9,15,186,222,399,5083,5139,10222,5279,5359,10641,155,59,210,1354,404,1753,195,68,265,18,12,29,182,46,232,25,17
209,12,9,19,666,444,1113,0,0,0,3,3,8,9,0,9,66,53,113,757,502,1266,16,12,29,3,0,6,12,3,14,43,17,58,64,7,77,37,14,47,175,52,228,1001,292,1289,1453,1459,2913,139,54,193,322,313,636,221,28,249,462,144,602,543,200,752,15,4,16,213,91,312,637,173,811,338,86,430,394,70,467,712,146,854,683,174,855,692,213,905,724,152,875,8551,3605,12154,25,15,42,185,171,359,53,14,70,96,30,129,213,51,260,577,278,853,446,86,529,2362,493,2859,638,127,758,6160,975,7135,9614,1679,11292,209,113,325,577,217,796,496,199,698,278,100,383,895,404,1304,613,601,1211,18,12,29,3092,1648,4742,231,294,531,963,233,1196,212,100,313,3021,3256,6280,3168,5923,9097,49,51,98,7648,9864,17509,17,14,25,178,241,419,3992,4762,8757,4190,5015,9208,167,53,218,2120,277,2400,213,41,257,20,9,27,40,15,49,78,21
210,5,11,23,477,236,715,0,0,0,31,7,36,3,0,3,42,20,67,565,273,844,39,6,44,7,0,12,4,0,4,40,11,49,75,9,83,13,3,15,176,29,204,1261,382,1646,1847,1292,3139,313,144,456,348,281,633,541,142,688,846,157,996,569,233,798,20,3,21,711,474,1180,1005,333,1335,451,73,529,672,130,806,1229,228,1463,3226,657,3888,1008,295,1303,1007,225,1231,15069,5044,20111,18,3,23,323,55,380,38,9,50,137,81,213,673,161,834,1187,303,1495,565,81,648,2569,513,3082,970,138,1112,6826,972,7799,10938,1705,12639,296,166,462,680,248,929,741,261,1000,699,231,930,597,340,940,663,494,1156,44,18,62,3728,1747,5474,229,251,485,1099,302,1401,185,115,301,2214,2420,4640,2708,4311,7023,22,35,57,6461,7437,13893,15,25,32,215,322,541,3233,3783,7018,3464,4129,7594,524,240,761,5077,1054,6135,165,39,203,70,56,122,3741,2382,6119,25,6
211,34,20,53,1140,769,1910,8,4,6,44,18,65,10,4,15,118,30,151,1352,842,2194,40,7,42,8,0,8,8,7,15,32,4,32,89,6,101,55,7,59,235,25,257,1769,680,2453,1568,1462,3027,393,257,650,304,368,673,767,161,926,374,131,502,858,425,1288,61,27,83,760,656,1413,635,268,901,422,106,524,824,226,1051,853,195,1053,1673,373,2044,2263,820,3083,1175,321,1492,14695,6463,21164,22,7,30,323,69,392,55,14,66,472,294,766,313,98,412,1187,472,1658,487,115,601,2752,671,3418,810,161,974,8266,1485,9751,12312,2432,14742,275,194,472,1168,472,1644,2066,1220,3291,608,244,848,601,447,1049,1020,1274,2290,18,15,30,5762,3854,9618,362,361,727,1723,512,2234,280,144,425,3100,3712,6807,4696,7867,12557,55,96,153,10215,12697,22913,19,16,34,284,524,808,4871,6248,11116,5170,6781,11958,213,58,276,1791,355,2154,176,37,215,14,5,21,34,20,58,42,31
212,28,16,47,1733,1189,2923,10,0,16,22,4,28,16,12,25,123,64,186,1935,1284,3218,44,8,47,7,3,13,32,9,39,48,3,54,87,20,103,49,20,66,272,58,329,2757,875,3635,4063,2787,6847,100,46,143,555,711,1263,893,162,1058,760,371,1130,2301,1021,3325,58,23,82,1349,1126,2482,2194,968,3163,1472,244,1712,1558,322,1878,2466,628,3090,4555,858,5416,2838,877,3721,1310,341,1651,29237,11368,40602,39,26,70,620,193,812,198,80,278,259,72,324,1182,326,1507,2296,693,2992,1057,193,1249,5713,1695,7405,1650,289,1938,12508,1964,14471,20922,4141,25063,556,380,937,2728,1013,3741,3480,1393,4871,1653,516,2165,1378,938,2318,1947,1863,3808,87,45,125,11828,6139,17969,609,563,1172,2582,817,3399,476,316,794,5171,5256,10430,7023,10107,17124,190,177,372,16048,17243,33293,16,23,33,300,384,686,6209,7526,13734,6524,7936,14456,657,240,894,5733,1017,6745,304,89,391,31,15,51,69,28,104,161,43
213,23,11,38,868,396,1265,11,7,17,25,6,25,16,3,24,125,64,191,1066,487,1556,28,7,32,20,5,20,38,12,52,43,8,53,179,16,194,21,11,31,325,55,378,1276,364,1639,3300,1884,5185,276,127,398,517,598,1116,352,64,413,300,84,377,472,236,710,456,72,530,1234,452,1688,1238,317,1554,920,135,1052,1109,136,1247,862,166,1023,3263,653,3913,1147,279,1421,711,174,881,17421,5728,23143,38,6,39,357,54,413,95,14,109,446,233,676,713,113,822,1638,427,2066,730,91,817,3691,881,4576,1369,181,1551,8651,1124,9776,14443,2278,16724,326,155,487,1425,466,1891,1183,506,1686,1119,306,1421,1631,695,2332,916,719,1632,196,112,309,6795,2960,9758,403,408,814,1575,454,2029,368,228,591,4587,4688,9282,4952,9238,14195,133,104,235,12021,15120,27145,14,24,40,243,397,633,5894,6704,12603,6150,7122,13275,958,296,1254,8782,1223,10006,350,96,446,172,45,216,130,53,185,75,24
214,24,11,28,719,490,1208,3,0,3,9,0,8,29,3,31,69,28,98,846,531,1382,7,0,9,3,0,3,75,10,84,28,0,31,41,9,56,15,3,23,173,35,205,495,178,676,701,796,1494,206,124,328,120,161,279,186,40,220,24,24,49,192,108,309,13,0,18,64,62,123,263,94,356,124,32,158,744,89,834,244,52,290,363,83,445,323,118,434,281,87,373,4333,2052,6384,0,3,5,62,16,73,14,8,22,370,240,618,280,63,346,734,329,1060,343,74,410,1941,422,2358,477,102,573,5112,777,5887,7865,1364,9235,73,43,116,464,198,661,216,87,300,87,24,115,120,90,216,193,229,420,7,7,17,1158,684,1840,156,189,346,618,209,831,147,132,274,1964,2535,4498,2067,4342,6413,12,34,48,4969,7444,12413,11,16,26,273,428,697,2966,3901,6868,3246,4345,7593,64,29,95,752,168,916,39,10,46,12,5,18,22,11,33,37,12
215,78,23,104,6742,2320,9066,9,5,15,9,0,14,12,0,10,312,97,407,7159,2449,9613,17,0,21,0,0,0,0,0,0,179,22,206,83,13,93,19,6,19,303,42,349,226,58,285,1184,595,1782,309,116,427,26,35,56,94,14,104,23,13,36,66,43,108,3,3,6,85,28,112,91,17,108,85,21,110,100,28,129,97,15,117,110,24,136,315,133,446,72,19,93,2889,1160,4051,6,0,3,127,11,139,13,0,13,322,110,431,144,32,177,613,156,767,151,19,168,582,121,701,368,41,407,1827,257,2079,2932,431,3366,36,7,45,433,156,589,336,71,404,86,25,109,186,80,271,41,34,74,78,26,105,1195,404,1598,112,135,251,484,127,617,145,191,336,949,1433,2381,1048,2130,3174,11,6,16,2747,4027,6777,8,10,13,303,563,861,1215,1880,3099,1523,2449,3974,110,36,144,1064,184,1250,102,13,110,3,0,3,24,14,42,7,0
216,47,19,59,4050,1754,5801,4,0,4,4,0,4,4,3,6,191,68,257,4297,1839,6131,3,0,7,0,0,0,0,0,0,8,3,6,51,3,58,0,0,0,62,6,74,258,63,319,2862,1147,4011,65,30,96,16,23,35,94,13,111,28,9,34,62,28,85,4,0,7,95,28,123,43,15,58,126,14,147,134,21,153,348,41,390,104,14,118,205,39,243,104,18,122,4557,1507,6057,3,0,3,66,7,73,5,0,5,589,256,846,126,27,154,787,288,1075,170,30,203,630,138,771,334,48,384,2042,274,2318,3181,500,3674,16,13,29,307,116,419,221,57,273,76,15,95,134,67,196,61,49,105,29,8,41,839,323,1157,94,103,194,440,135,578,103,135,237,846,1294,2143,940,1985,2930,4,15,15,2423,3666,6093,4,3,7,179,346,525,1007,1562,2567,1189,1910,3100,122,40,160,1055,173,1227,25,4,29,8,9,15,11,3,13,10,8
217,62,26,96,5114,2328,7438,33,4,34,173,35,209,56,15,74,282,84,370,5721,2495,8219,16,0,12,3,0,4,57,3,61,69,10,77,77,4,79,4,3,4,219,23,240,140,33,169,1995,857,2850,30,18,52,15,32,39,405,36,441,3,8,11,36,20,56,7,0,3,126,34,164,19,5,22,111,13,127,561,79,637,270,21,291,46,11,56,104,19,121,54,9,64,3907,1204,5109,3,0,4,123,18,137,38,3,39,174,66,243,120,29,146,453,111,566,112,17,134,599,86,682,171,20,187,1697,200,1890,2577,320,2899,23,12,34,379,142,521,158,40,199,39,5,45,286,101,385,49,29,79,61,26,85,997,355,1354,78,105,182,342,108,456,100,139,236,773,1265,2043,832,1658,2489,4,13,14,2135,3292,5420,6,9,16,325,628,955,1258,1817,3072,1581,2455,4036,103,40,147,1113,150,1268,25,10,29,16,3,20,21,15,36,16,5
297,0,0,0,0,0,0,0,0,0,0,0,0,16,0,16,0,0,0,19,0,19,0,0,0,0,0,0,51,0,51,0,0,0,0,0,0,0,0,0,53,0,52,0,0,0,0,0,0,0,0,0,0,0,0,0,0,0,0,0,0,0,0,0,0,0,0,0,0,0,0,0,0,0,0,0,0,0,0,0,0,0,0,0,0,0,0,0,0,0,0,7,0,7,0,0,0,0,0,0,8,0,8,0,0,0,0,0,0,6,0,6,3,0,3,3,0,3,5,0,5,0,0,3,10,0,14,0,0,0,0,0,0,0,0,0,0,0,0,0,0,0,0,0,0,0,0,0,0,0,0,0,0,0,0,0,0,0,0,0,0,0,0,0,0,0,0,0,0,0,0,0,0,0,0,0,0,0,8,0,5,8,0,5,0,0,0,3,0,3,0,0,0,12,3,15,0,0,0,0,0
299,35,5,39,941,215,1156,4,0,7,193,20,211,98,3,97,476,74,548,1744,317,2060,19,0,22,10,3,11,110,3,114,96,12,113,57,7,58,58,5,68,358,35,389,187,42,226,304,269,569,133,33,167,49,32,79,139,6,142,25,32,62,73,20,89,15,0,15,82,93,172,78,22,104,166,14,177,76,3,85,202,7,205,116,8,122,156,23,181,199,15,211,1986,604,2596,28,0,28,321,24,342,63,4,74,173,16,183,240,25,266,824,68,887,1695,60,1753,12657,385,13039,1434,51,1482,33750,814,34560,49537,1299,50839,50,25,71,263,56,314,386,92,478,56,5,61,191,99,287,197,313,511,40,15,53,1181,597,1779,190,217,413,161,31,194,54,34,83,492,417,910,839,1054,1893,39,41,79,1773,1797,3572,19,5,21,88,93,183,657,656,1313,757,760,1512,347,47,390,3776,210,3991,165,23,180,61,7,63,192,111,300,54,15
301,8,5,12,294,239,534,7,0,9,11,3,10,64,12,69,35,25,59,419,284,696,42,15,52,59,12,77,25,6,33,125,18,146,92,13,101,80,17,98,421,83,502,459,172,636,2071,1446,3510,182,100,280,80,109,189,199,57,253,127,30,159,177,94,268,514,91,601,448,203,652,171,69,237,250,40,290,284,53,336,290,76,371,477,53,534,495,206,698,261,94,355,6484,2892,9377,10,8,12,68,14,79,22,7,23,122,27,151,264,91,362,479,147,626,262,61,329,1602,461,2059,608,133,743,3960,683,4647,6434,1339,7774,174,106,276,538,254,795,691,248,937,159,48,215,415,197,605,227,250,481,15,8,26,2216,1114,3333,130,130,254,476,149,620,150,123,279,1358,1724,3077,1856,2825,4678,26,33,61,3993,4980,8968,5,4,11,108,178,282,2187,2783,4973,2297,2972,5265,235,71,305,1966,310,2275,128,28,162,154,71,229,58,24,76,27,8
302,3,0,3,75,67,145,3,3,5,4,0,7,9,3,15,28,16,41,124,97,218,56,15,73,43,4,50,37,15,54,55,12,65,34,6,41,97,20,116,319,75,401,639,175,813,1118,911,2032,31,11,39,70,172,238,137,32,172,44,26,72,548,199,750,102,25,131,187,151,337,297,65,360,544,69,617,625,139,770,1383,203,1588,1230,231,1466,657,144,801,309,104,414,7923,2665,10590,7,9,16,1252,347,1600,64,18,85,164,19,186,363,98,463,1850,492,2342,360,32,398,1993,343,2335,1163,195,1362,3925,601,4530,7447,1175,8622,189,81,271,795,248,1035,1106,383,1488,365,102,467,275,247,518,549,472,1022,106,61,164,3383,1580,4965,203,178,386,1041,263,1303,171,145,315,1481,1645,3128,2878,4806,7682,25,24,45,5800,7065,12860,9,3,12,174,276,444,2808,3538,6345,2986,3814,6805,220,95,318,2513,513,3029,267,55,324,55,24,78,3178,1971,5151,102,50
303,9,0,13,272,170,443,3,0,4,3,0,3,5,3,7,44,21,67,339,196,538,69,15,85,91,22,115,39,5,43,46,14,53,23,3,28,67,12,83,332,73,411,777,235,1010,1006,650,1656,80,29,112,99,202,303,235,57,288,261,84,342,231,102,335,34,13,49,611,398,1010,659,141,794,261,47,305,1277,194,1474,713,172,885,889,156,1043,1270,490,1754,307,70,375,8702,3044,11747,6,3,6,352,75,422,11,13,23,144,35,178,564,163,730,1077,284,1363,406,71,476,2497,568,3068,660,168,830,5124,772,5899,8690,1582,10268,265,151,413,828,281,1106,1815,597,2411,690,161,848,1138,537,1674,485,455,942,43,28,67,5262,2207,7470,313,248,562,1307,373,1679,244,198,438,3479,2855,6328,3046,5349,8396,44,52,94,8434,9073,17505,4,12,17,187,285,475,4104,4467,8573,4295,4761,9057,358,101,455,4355,710,5071,431,69,494,22,10,29,92,27,118,18,4
304,4,7,6,85,76,155,28,22,52,0,0,0,0,3,5,15,9,27,133,114,251,16,10,23,61,16,75,7,4,13,58,10,67,20,0,21,60,17,70,218,53,267,76,25,101,131,159,290,7,0,7,19,44,65,23,4,25,14,22,38,28,25,53,0,0,0,19,28,47,16,3,16,56,16,67,35,4,44,33,5,42,29,6,35,109,35,145,92,19,117,685,400,1088,0,3,7,21,3,24,3,0,4,14,4,17,32,6,36,75,18,91,92,20,116,752,131,883,151,34,185,1428,209,1632,2424,389,2813,32,22,53,117,46,160,156,65,219,34,11,44,75,43,115,72,95,167,7,8,14,501,279,780,75,115,197,314,112,421,76,50,126,1141,1083,2232,1335,3233,4567,16,24,40,2957,4619,7578,0,4,9,102,142,242,1905,2433,4339,2005,2581,4588,30,13,38,446,83,531,100,24,123,5,3,8,11,8,22,7,3
305,11,8,22,301,243,541,3,3,6,8,3,6,7,3,10,73,51,119,408,307,714,206,126,333,1419,752,2169,1702,849,2558,639,280,918,65,28,97,591,248,842,4624,2291,6918,177,75,250,1290,934,2222,266,59,332,69,170,241,43,18,58,16,9,30,309,149,456,22,4,26,93,67,163,98,31,129,437,102,533,112,46,162,74,20,98,359,91,451,690,301,994,105,78,188,4176,2157,6331,35,15,58,1584,869,2449,123,47,166,538,383,920,88,92,172,2368,1401,3765,603,115,722,6053,1314,7368,1308,418,1724,5517,731,6251,13484,2581,16063,139,68,205,481,246,727,1171,501,1666,48,24,72,552,336,890,384,521,908,103,44,148,2875,1744,4623,233,317,557,950,335,1286,271,115,389,2165,1825,3994,3104,5824,8924,55,68,123,6782,8488,15271,34,27,63,1839,2345,4188,9117,8921,18036,10995,11295,22289,262,135,392,1528,337,1862,2967,1168,4135,123,95,211,1202,1174,2376,145,65
306,40,17,56,3300,1783,5083,120,35,158,36,18,49,111,37,145,288,83,374,3894,1968,5863,48,10,54,16,7,27,13,3,13,87,41,129,95,28,123,26,11,38,287,97,379,204,48,252,1120,433,1553,39,16,58,42,88,126,154,23,179,78,19,95,68,48,111,12,0,12,47,24,73,45,7,57,164,17,183,296,37,337,216,44,260,632,83,717,188,53,242,164,52,213,3469,990,4465,3,0,3,501,99,597,14,3,11,96,12,110,185,37,222,794,156,948,300,50,350,1262,341,1602,505,86,599,3137,568,3708,5208,1043,6249,33,25,58,572,254,822,275,81,355,155,46,203,363,179,538,77,93,165,9,10,18,1485,679,2166,140,179,323,667,193,865,182,236,418,1571,2199,3774,1735,3776,5515,16,30,42,4321,6609,10932,20,17,34,1557,2258,3820,3012,3558,6571,4591,5834,10422,122,64,190,1481,272,1753,117,37,152,95,63,158,607,377,983,568,334
307,87,46,132,7308,3251,10561,6,6,10,44,5,49,18,0,19,338,102,436,7806,3408,11212,58,8,66,498,53,551,1097,140,1237,35,3,41,115,24,131,249,19,269,2053,251,2303,223,44,269,1372,644,2018,70,34,107,29,32,67,197,32,231,3,3,10,59,34,88,10,3,16,82,34,115,21,6,29,42,7,44,113,24,135,177,13,192,311,41,353,287,48,336,43,15,61,3040,1024,4064,9,0,13,540,71,608,200,27,228,131,13,145,165,33,193,1038,147,1183,192,26,220,561,118,679,955,115,1073,1801,342,2145,3512,607,4117,23,9,24,413,201,613,168,47,212,44,8,56,234,103,340,17,23,31,76,36,113,971,418,1391,66,109,176,406,147,553,203,271,470,709,1119,1835,600,1214,1816,11,7,18,1999,2873,4870,3,5,5,297,583,881,862,1387,2251,1165,1979,3138,139,61,196,1270,277,1544,80,4,83,7,3,9,63,24,90,65,0
308,25,22,46,2817,1582,4405,6,4,13,44,14,52,42,19,60,165,58,225,3103,1698,4799,240,46,288,5982,719,6701,532,81,607,480,51,538,272,70,338,281,54,333,7788,1021,8803,246,54,302,1200,595,1791,34,15,49,26,50,73,106,19,132,3,4,12,34,34,69,31,0,33,400,79,481,30,6,37,343,46,390,2466,365,2834,275,42,320,185,53,232,246,66,315,107,29,135,5734,1459,7193,13,0,19,1356,454,1814,97,6,105,210,63,272,329,64,394,2015,587,2604,418,63,483,1044,294,1337,1250,194,1439,3117,644,3761,5829,1196,7018,22,15,35,522,222,745,627,158,781,177,45,222,227,118,338,58,67,124,48,24,72,1680,645,2326,91,143,238,564,288,855,213,410,626,1190,2176,3369,1221,3093,4320,24,23,48,3306,6140,9446,6,12,21,559,1096,1660,1949,3112,5063,2518,4218,6737,134,65,200,1518,398,1917,1245,244,1486,146,66,213,73,45,119,46,23
309,37,20,53,658,491,1152,47,10,56,13,3,18,36,17,51,102,73,171,893,605,1503,56,15,72,127,19,149,35,5,40,96,20,120,223,26,254,73,27,97,610,122,726,1145,365,1508,1575,1191,2764,460,140,601,307,449,760,568,133,703,134,32,162,385,257,640,14,0,20,336,218,553,279,104,379,635,109,743,533,85,619,1230,250,1477,1615,198,1816,795,251,1049,862,204,1070,10871,3992,14861,23,0,20,309,49,357,20,11,34,250,90,337,470,105,578,1079,252,1331,1025,190,1213,5235,1406,6639,1397,239,1639,10742,1979,12722,18400,3810,22207,232,171,398,1027,352,1377,677,288,970,376,101,477,559,334,892,680,829,1507,83,50,126,3630,2122,5751,415,527,944,1512,475,1993,345,340,686,3966,4706,8678,5197,10085,15278,128,196,322,11567,16336,27904,36,34,75,2778,3995,6774,8540,10254,18791,11350,14283,25635,277,179,455,3169,645,3810,155,52,205,57,57,114,284,259,535,192,88
310,28,15,36,1669,980,2644,14,8,26,15,3,17,18,3,22,97,43,136,1837,1049,2884,68,15,77,259,61,316,31,9,38,39,14,54,103,16,117,83,18,105,576,131,700,592,168,765,3079,1881,4964,504,106,608,65,98,165,276,62,340,290,30,318,163,92,254,4,3,7,604,253,859,412,117,526,726,120,844,829,143,969,794,173,967,1172,191,1366,677,163,834,397,145,551,10582,3754,14334,12,6,13,282,30,315,36,11,50,514,235,750,263,69,331,1119,348,1467,357,48,411,1404,293,1700,691,90,781,4074,619,4693,6535,1042,7580,97,42,137,699,211,906,759,224,976,583,105,690,530,278,816,328,265,596,14,5,21,3010,1134,4139,140,142,278,595,183,779,200,244,444,1883,2303,4187,1910,3343,5258,33,52,87,4758,6270,11030,4,11,15,136,221,355,2214,3480,5697,2359,3706,6063,230,86,316,2928,586,3518,328,57,385,24,9,31,52,14,63,13,8
311,20,10,23,780,495,1282,0,0,3,5,0,5,11,4,13,65,35,102,890,548,1436,18,7,28,15,3,17,27,0,30,45,12,54,55,6,59,32,8,40,185,31,222,689,234,925,1134,557,1696,39,15,57,93,151,247,337,65,399,34,14,51,215,140,359,20,5,23,48,55,108,258,96,349,168,40,200,440,88,524,619,98,717,289,61,344,393,110,508,402,115,511,5176,1847,7022,5,6,11,122,11,128,35,15,44,177,41,222,329,93,419,660,161,827,367,91,454,2016,610,2632,482,84,563,5096,1028,6126,7959,1816,9776,133,60,191,668,238,906,435,205,647,214,49,265,611,250,866,264,283,544,26,7,35,2353,1102,3452,155,168,322,1098,409,1505,208,230,442,1611,2451,4064,2299,3803,6093,32,59,86,5395,7115,12515,5,10,15,125,166,287,2267,3372,5637,2395,3547,5942,140,76,213,1826,403,2228,92,19,107,17,8,26,30,19,46,19,8
312,48,20,74,2572,1213,3786,52,17,63,6,0,6,69,15,80,221,67,280,2965,1329,4287,406,68,468,11722,1742,13467,225,28,247,229,15,244,86,21,105,525,107,634,13187,1977,15169,220,72,291,1291,465,1757,28,17,41,18,37,52,63,18,78,15,9,20,38,53,93,7,0,10,274,53,334,101,24,127,104,16,123,229,57,285,215,28,245,250,55,305,422,62,488,60,11,71,3345,984,4329,0,0,4,249,67,320,6,3,8,108,32,135,218,42,261,584,144,730,195,30,226,687,228,912,637,108,744,2344,485,2824,3860,845,4710,27,12,47,535,207,744,845,184,1028,169,52,226,127,82,205,40,50,91,14,4,18,1757,596,2352,79,118,204,438,224,664,108,347,455,867,1638,2505,833,2473,3306,13,29,38,2347,4826,7170,16,21,38,1083,1440,2520,1541,2560,4103,2642,4023,6662,147,44,190,1270,347,1616,855,184,1035,125,68,192,111,49,160,142,86
313,21,7,31,1052,930,1982,10,4,18,43,11,56,47,9,57,114,81,196,1292,1048,2334,21,8,27,7,7,13,13,4,20,64,11,80,74,3,81,48,15,62,239,43,280,331,96,426,720,498,1217,6,9,12,100,86,186,419,62,481,14,7,21,84,53,132,20,3,23,99,64,165,77,26,105,128,30,157,223,45,270,356,63,417,430,67,496,188,53,242,179,48,228,3381,1210,4582,4,0,6,89,16,102,10,0,11,284,123,407,233,56,283,611,195,807,240,52,290,1005,253,1254,517,90,610,3009,626,3639,4770,1015,5786,58,27,90,333,137,469,190,64,250,132,43,169,88,54,149,93,103,194,19,3,24,918,427,1351,72,103,179,539,181,727,119,171,288,1181,1863,3046,1257,2488,3743,13,23,40,3187,4836,8021,3,3,4,184,254,440,1892,2787,4673,2075,3042,5115,72,20,100,1251,287,1541,98,12,117,4,5,7,57,17,72,24,12
314,7,0,6,122,89,209,0,0,3,22,12,33,10,4,14,48,14,54,208,113,322,11,10,22,17,4,23,20,5,27,10,3,14,63,5,66,31,14,43,152,40,189,339,88,427,155,198,351,10,6,18,58,89,144,165,13,181,15,8,22,189,131,321,19,3,23,22,19,50,290,110,393,127,21,151,162,31,194,127,24,150,238,36,273,290,104,393,335,65,402,2554,945,3497,5,0,5,36,13,48,3,5,8,63,21,86,68,19,83,177,51,231,222,43,270,1168,286,1453,350,64,416,2923,520,3445,4667,921,5590,84,42,126,265,111,374,228,104,338,117,50,165,38,36,77,122,163,288,4,7,11,863,510,1374,137,146,286,640,262,901,77,95,167,1174,1486,2659,1401,2539,3932,19,29,51,3440,4549,7995,9,7,18,44,62,109,1647,2138,3786,1701,2214,3913,50,22,73,590,105,691,75,13,92,14,4,20,31,3,33,0,3
315,12,10,22,2642,1496,4136,6,7,13,3,0,3,74,14,86,138,47,186,2878,1567,4450,200,38,234,65,8,76,86,9,95,4391,776,5165,141,20,157,229,29,252,5116,867,5981,37,11,49,182,116,300,7,6,17,4,10,15,15,6,19,0,0,0,0,8,5,3,0,5,237,27,270,10,3,14,25,11,32,97,15,118,148,16,168,54,9,62,34,11,43,15,4,18,868,256,1122,0,0,3,179,18,198,4,0,4,46,9,58,54,17,68,275,48,323,131,18,151,420,54,470,439,51,497,958,139,1094,1951,263,2216,9,3,11,106,65,170,97,24,120,22,16,37,51,34,93,8,15,27,24,17,43,323,178,500,39,48,82,118,51,165,96,138,230,438,649,1082,239,561,804,4,6,5,923,1444,2367,3,6,11,291,542,832,402,670,1075,694,1218,1912,68,20,86,403,105,510,204,30,231,15,4,21,71,28,98,47,17
316,26,11,36,1305,806,2109,12,5,12,46,4,49,83,25,111,145,106,251,1608,955,2566,11,8,24,48,9,57,13,0,19,27,12,37,73,13,88,22,17,40,202,58,256,503,178,685,791,774,1567,45,15,65,81,186,269,433,63,505,12,6,15,172,105,278,15,0,16,57,40,104,161,55,213,247,69,314,259,54,309,299,96,392,494,86,579,276,113,389,546,136,683,4390,1980,6369,3,4,5,227,37,265,26,8,31,318,125,440,260,54,313,833,228,1062,497,104,597,2840,799,3632,635,103,738,6075,1060,7130,10047,2055,12102,92,70,163,565,272,837,260,113,367,191,66,255,337,198,540,217,303,523,27,8,38,1691,1031,2719,194,249,439,963,315,1282,216,201,417,2352,3124,5478,2623,5678,8301,59,83,137,6402,9647,16051,18,11,35,1056,1838,2892,4445,5967,10420,5527,7820,13346,107,50,157,1648,300,1948,82,10,93,15,10,24,159,56,212,63,27
317,21,14,33,1449,866,2319,0,0,0,3,0,3,6,0,5,136,60,198,1612,943,2558,43,21,64,40,9,46,232,37,266,33,4,36,117,10,125,240,28,275,697,110,809,231,52,285,686,452,1137,20,5,25,53,31,89,151,25,174,12,6,18,70,51,121,9,0,9,100,95,201,132,12,142,99,14,110,166,44,218,247,40,285,224,37,257,319,52,370,116,17,135,2630,943,3577,4,0,11,310,56,365,46,0,52,90,24,113,143,36,181,601,116,720,200,35,233,972,256,1232,412,97,511,2221,384,2605,3806,774,4578,33,14,49,444,172,622,428,98,521,253,48,299,212,119,328,53,66,113,29,9,35,1447,525,1979,84,107,196,579,154,736,123,136,261,899,1182,2080,1193,2382,3571,3,12,21,2881,3980,6863,6,0,6,131,310,446,1612,2210,3816,1750,2518,4272,92,39,132,1341,301,1637,215,15,231,3,0,9,40,16,56,10,0
318,59,16,78,1997,742,2737,44,9,47,33,15,48,52,17,69,311,60,374,2491,860,3352,58,15,78,53,3,53,17,0,18,532,93,625,111,15,124,80,23,102,842,150,997,225,61,286,1625,576,2202,52,20,72,29,64,98,111,40,150,41,8,52,43,42,84,17,8,20,144,58,197,116,33,148,197,37,240,662,101,762,327,51,375,267,31,299,202,46,247,111,34,146,4173,1212,5385,6,5,7,653,290,940,21,0,18,197,65,260,190,46,240,1067,406,1470,332,42,376,1161,318,1479,729,128,860,3279,575,3854,5497,1062,6563,48,16,66,449,179,631,386,118,505,224,67,293,219,107,330,90,83,175,43,37,82,1462,616,2079,143,137,272,677,265,943,154,261,422,1379,2004,3382,1432,3461,4892,12,21,34,3802,6149,9950,8,9,18,395,787,1188,2581,3668,6253,2981,4473,7455,124,55,179,1530,317,1846,535,79,617,65,29,95,140,73,208,30,17
319,67,28,90,4734,2394,7131,25,9,36,240,41,278,109,28,139,369,134,501,5541,2635,8176,55,7,62,334,27,361,16,0,18,194,27,217,136,21,160,71,13,86,796,107,908,290,95,377,1789,722,2510,152,68,224,62,72,139,1043,143,1186,18,17,31,48,39,81,10,0,8,52,37,86,46,11,60,139,30,163,228,47,274,272,39,305,449,67,511,206,43,252,156,43,206,4958,1459,6422,0,0,0,601,131,728,13,3,17,213,28,243,215,31,250,1044,197,1242,240,48,291,1025,248,1272,646,79,721,2802,543,3347,4716,909,5625,30,18,51,477,221,699,186,61,247,144,38,181,224,135,358,94,82,180,20,7,23,1179,566,1738,136,193,335,754,251,1004,224,351,575,1573,2228,3805,1794,3594,5394,20,24,47,4509,6645,11155,9,14,23,585,910,1496,2056,3275,5331,2650,4199,6850,121,56,182,1585,280,1866,188,19,207,24,12,29,49,21,71,61,33
397,0,0,0,0,0,0,0,0,0,0,0,0,35,4,39,0,0,0,35,4,39,3,0,3,0,0,0,8,3,15,4,0,4,3,0,3,3,0,3,20,0,27,0,0,0,0,0,0,0,0,0,0,0,0,0,0,0,0,0,0,0,0,0,0,0,0,0,0,0,0,0,0,0,0,0,0,0,0,0,0,0,0,0,0,0,0,0,0,0,0,0,0,0,0,0,0,0,0,0,0,0,0,0,0,0,0,0,0,0,0,0,0,0,0,0,0,0,3,0,3,7,0,7,12,0,12,0,0,0,0,0,0,0,0,0,0,0,0,0,0,0,0,0,0,0,0,0,3,0,3,0,0,0,0,0,0,0,0,0,0,0,0,0,0,0,0,0,0,0,0,0,0,0,0,0,0,0,3,0,3,3,0,3,3,0,3,6,0,6,0,0,0,23,0,28,0,0,0,12,0
399,43,9,49,978,287,1271,11,0,11,98,10,106,222,23,244,525,65,591,1872,394,2267,104,3,105,817,63,884,282,17,304,365,27,394,87,4,92,261,18,279,1921,138,2054,147,40,187,259,223,481,113,24,137,24,22,48,122,9,133,10,40,51,32,10,48,7,0,14,90,83,171,58,17,81,92,7,103,101,14,120,207,11,213,153,10,163,142,15,157,192,10,206,1768,538,2308,15,0,18,244,13,258,55,3,61,125,4,129,201,20,220,642,46,684,1583,73,1655,9955,292,10252,1693,73,1766,25644,768,26412,38865,1218,40083,56,17,75,204,40,241,374,83,458,59,6,65,146,115,258,165,259,427,27,5,32,1024,532,1560,134,187,321,154,28,186,43,31,72,404,449,856,628,894,1526,31,53,82,1397,1640,3035,10,14,21,132,126,263,601,586,1190,734,729,1463,243,58,295,2715,262,2977,177,27,200,121,8,127,241,138,377,117,28
401,26,17,46,983,528,1505,5,3,6,21,8,28,11,3,16,113,50,158,1159,613,1772,46,18,62,13,3,17,626,297,926,489,166,650,76,9,85,254,115,369,1505,611,2114,239,95,330,941,955,1896,480,342,825,62,146,213,123,27,149,15,3,15,224,139,365,9,0,16,127,138,264,132,64,194,176,50,223,62,17,80,74,17,91,78,11,88,401,168,571,210,112,317,3351,2295,5642,27,21,43,705,582,1283,103,98,203,689,435,1129,83,21,101,1609,1158,2767,402,74,481,3122,1120,4247,585,169,758,3896,603,4500,8008,1971,9982,82,56,140,532,249,782,1118,368,1490,143,30,177,337,252,586,233,352,583,97,96,200,2550,1405,3958,260,388,650,1122,298,1412,413,223,634,2929,3213,6145,3189,6603,9790,28,35,57,7937,10759,18695,19,23,51,1192,1565,2759,6663,7251,13910,7874,8840,16717,156,114,272,837,156,992,289,88,382,46,35,80,98,103,196,83,76
402,43,9,59,1703,836,2544,21,0,24,12,3,20,18,0,17,189,86,270,1988,937,2926,60,12,72,10,0,10,40,0,40,87,11,101,48,3,50,88,19,103,333,46,375,752,185,931,2190,1189,3379,178,81,257,290,306,598,437,76,519,229,39,262,174,74,251,23,3,25,209,129,336,555,197,749,575,78,648,499,53,559,991,200,1191,1978,267,2245,1321,494,1819,311,99,411,10716,3475,14185,14,0,17,175,29,207,51,13,68,181,37,220,464,91,557,885,178,1070,394,63,453,1527,358,1888,788,127,917,4421,716,5141,7136,1259,8398,108,28,141,788,219,1004,1143,410,1551,408,75,485,886,353,1238,237,174,414,62,31,93,3640,1286,4934,251,228,481,945,228,1176,341,330,671,3564,3375,6942,2727,5168,7898,27,29,58,7873,9357,17227,13,3,16,136,217,357,2950,4127,7075,3094,4353,7447,297,82,378,2913,412,3320,209,21,233,10,5,20,46,19,62,69,15
403,12,7,13,530,273,804,5,0,12,14,3,22,11,7,20,75,25,100,648,313,964,36,3,43,4,0,4,15,6,22,32,0,34,53,7,58,70,13,78,213,30,241,465,141,606,401,474,878,573,396,969,69,120,184,255,40,300,24,10,37,167,78,254,0,0,0,64,48,110,216,75,289,147,26,177,323,38,361,324,88,415,866,181,1046,522,131,652,439,75,509,4846,1927,6775,12,0,14,143,21,164,16,8,22,165,38,200,165,33,202,503,98,597,249,44,290,1247,259,1506,467,59,526,3899,669,4569,5863,1034,6899,84,45,128,432,138,569,311,112,431,178,31,209,91,60,150,273,161,438,3,10,13,1381,555,1938,186,166,350,889,225,1113,210,211,424,2637,2849,5481,2000,3920,5920,23,29,49,5944,7401,13344,3,7,9,329,472,801,3312,3910,7224,3642,4393,8029,57,31,90,909,131,1041,61,12,74,8,3,13,13,11,27,12,10
404,22,3,24,178,85,264,8,3,9,7,0,7,28,6,36,42,26,66,284,129,411,97,22,117,9,0,11,56,15,74,67,4,77,35,9,44,104,29,135,369,80,451,995,242,1239,1842,1119,2964,672,193,863,175,167,344,403,65,468,571,230,801,592,190,782,41,8,52,338,240,579,651,174,828,690,110,800,833,132,962,765,117,885,2975,343,3318,1558,359,1917,444,127,578,13545,3822,17368,27,0,27,1410,341,1751,100,11,108,86,31,115,817,121,930,2437,500,2943,401,67,472,1921,441,2358,928,154,1084,4936,761,5700,8195,1421,9613,254,94,345,931,232,1162,1032,336,1367,470,76,546,989,359,1347,556,426,981,59,24,86,4293,1546,5840,280,213,491,755,150,912,236,159,392,2156,2077,4232,2767,4424,7184,67,54,114,6265,7070,13334,10,10,21,179,243,423,2731,3132,5862,2921,3387,6307,384,97,483,3960,547,4507,530,232,760,86,28,115,1028,626,1659,153,46
405,62,19,79,4404,1634,6038,6,8,14,20,3,20,83,19,100,221,65,280,4792,1733,6531,20,3,23,4,0,4,0,0,0,63,5,67,135,12,148,13,5,14,230,28,253,117,30,153,686,430,1112,1689,892,2574,16,25,36,131,26,151,37,23,51,13,16,31,0,0,0,73,40,116,9,0,12,116,9,125,918,83,1001,100,14,116,27,0,24,117,24,144,36,19,49,4074,1618,5688,4,0,4,131,16,147,4,0,6,127,12,141,98,14,114,372,42,413,101,24,126,439,92,533,178,22,201,1080,175,1258,1800,311,2117,9,8,13,408,150,565,135,38,172,18,0,18,54,43,98,34,17,48,32,13,51,692,268,968,75,79,155,309,84,397,100,132,234,719,1153,1876,477,1043,1521,11,10,24,1699,2504,4199,4,7,11,249,549,794,754,1485,2237,1004,2042,3046,82,35,115,676,142,816,30,0,33,3,3,3,3,3,8,11,3
406,27,17,44,2061,734,2794,342,71,418,3,0,6,255,67,323,89,36,121,2787,921,3702,134,22,155,180,39,217,391,17,411,2962,381,3344,125,16,140,362,23,387,4157,497,4653,70,15,80,209,208,418,15,8,24,6,9,10,19,3,28,0,0,0,4,9,13,7,3,10,41,10,51,52,11,60,21,3,22,1018,83,1108,99,20,115,93,6,102,86,8,97,39,10,47,1786,405,2190,11,0,11,101,17,121,22,4,27,72,10,86,135,19,157,349,49,404,97,5,105,353,78,429,284,43,324,1168,176,1349,1909,298,2204,15,11,27,266,102,376,150,37,189,27,12,36,73,37,111,5,16,22,21,7,36,560,227,790,57,52,109,206,81,287,117,168,283,510,958,1469,416,984,1403,5,3,9,1305,2255,3560,3,0,3,279,572,847,688,1039,1723,963,1611,2579,74,32,98,561,97,662,203,3,202,25,0,30,28,14,41,29,10
407,104,50,153,7658,2951,10607,48,12,62,437,69,515,173,64,234,449,157,601,8868,3307,12172,25,0,26,0,0,0,8,0,5,51,8,54,82,22,101,10,5,17,170,36,208,268,87,348,1656,914,2565,935,395,1331,30,58,93,931,95,1028,328,53,382,37,27,64,18,3,23,49,26,75,20,3,23,64,13,70,148,25,173,128,37,163,118,21,139,136,25,165,117,27,142,4977,1806,6778,5,3,10,121,8,126,6,3,5,242,32,272,162,53,209,532,96,628,153,18,174,822,181,1002,328,73,397,2144,363,2506,3449,633,4077,36,19,50,530,189,723,217,68,292,93,20,114,484,222,707,46,38,82,114,39,157,1518,602,2126,107,155,261,633,189,825,187,376,564,1190,1916,3107,1106,2281,3388,8,16,27,3224,4940,8168,4,6,8,473,935,1409,1310,2341,3655,1783,3286,5070,148,69,217,1363,290,1652,19,0,19,74,62,136,20,8,34,46,30
497,0,0,0,0,0,0,0,0,0,0,0,0,12,0,12,0,0,0,12,0,12,0,0,0,0,0,0,6,0,6,0,0,0,0,0,0,0,0,0,11,0,11,0,0,0,0,0,0,0,0,0,0,0,0,0,0,0,0,0,0,0,0,0,0,0,0,0,0,0,0,0,0,0,0,0,0,0,0,0,0,0,6,0,6,0,0,0,0,0,0,3,0,3,0,0,0,0,0,0,0,0,0,0,0,0,0,0,0,0,0,0,0,0,0,0,0,0,0,0,0,0,0,0,0,0,0,0,0,0,0,0,0,0,0,0,0,0,0,0,0,0,0,0,0,0,0,0,0,0,0,0,0,0,0,0,0,0,0,0,0,0,0,0,0,0,0,0,0,0,0,0,0,0,0,0,0,0,0,0,0,0,0,0,0,0,0,3,0,3,0,0,0,4,0,3,0,0,0,0,0
499,22,0,24,681,139,824,24,5,30,89,0,90,184,10,197,306,62,367,1311,219,1527,28,0,28,12,0,17,59,0,57,152,10,163,26,4,29,87,0,94,365,21,389,82,12,95,110,105,214,111,36,141,12,3,14,51,0,52,9,18,18,11,0,10,3,0,3,18,18,38,16,3,13,50,3,50,47,3,51,42,0,45,41,6,41,52,6,66,38,0,41,671,227,898,3,0,3,102,4,106,12,0,12,57,0,57,78,4,87,253,15,269,418,19,437,3241,94,3330,396,10,406,8422,209,8631,12477,328,12808,12,7,17,80,18,100,85,19,109,12,3,16,61,38,105,57,102,160,18,8,26,325,189,519,60,73,132,42,14,55,16,15,28,132,137,271,214,359,572,15,15,34,479,608,1088,0,0,3,30,30,61,144,150,297,180,180,362,79,7,91,791,38,829,27,6,36,29,3,32,46,14,68,21,12
501,43,11,55,2593,1348,3936,27,8,29,246,42,291,31,11,41,176,67,242,3118,1480,4599,109,14,125,631,61,693,7,0,7,1233,179,1413,184,41,221,73,5,83,2244,295,2538,234,57,288,995,601,1596,669,425,1091,19,36,52,616,91,713,4,11,14,31,24,52,28,5,36,432,98,530,58,11,74,102,20,124,1409,195,1606,170,23,192,75,10,87,214,43,258,154,35,182,5212,1684,6895,3,0,4,618,62,687,14,3,19,213,71,281,202,51,253,1054,193,1245,222,30,257,1133,325,1457,479,85,563,3249,597,3846,5082,1032,6118,24,8,38,275,137,413,186,69,251,93,30,123,108,61,170,39,44,86,30,13,41,755,366,1122,90,154,242,442,178,625,93,248,339,1138,2020,3157,1083,2801,3884,18,32,42,2866,5424,8289,9,13,27,571,1076,1649,1503,2452,3961,2090,3548,5632,82,38,117,1198,274,1466,125,16,146,17,0,17,13,5,20,26,20
502,4,0,5,175,93,264,0,0,0,0,0,0,17,8,26,16,14,24,213,114,329,22,10,30,0,0,0,5,0,7,420,74,497,13,0,13,32,5,39,494,92,580,61,27,86,82,121,197,4,7,11,14,17,29,19,3,25,0,0,0,23,15,32,0,0,0,19,13,30,7,4,15,36,11,46,1002,166,1165,75,21,96,50,8,62,32,11,42,32,16,50,1453,436,1890,0,0,0,55,7,61,0,0,0,35,3,37,113,31,143,204,39,246,63,6,68,475,105,581,115,25,138,1260,272,1533,1908,410,2319,10,8,22,86,44,125,27,13,40,31,10,38,17,8,26,25,27,47,8,0,10,202,111,313,27,55,82,277,109,390,36,91,135,517,910,1425,543,1507,2056,3,12,14,1408,2692,4097,3,6,8,72,141,215,841,1329,2167,916,1472,2387,14,8,23,239,119,359,31,13,44,3,11,13,3,3,7,8,15
503,12,19,30,154,123,275,20,10,32,13,10,25,18,6,27,61,34,91,279,204,481,324,135,461,144,66,206,3142,1651,4794,5428,2471,7898,129,68,200,1487,590,2075,10648,4986,15634,85,31,119,256,353,612,684,284,965,58,141,192,19,8,28,12,4,10,423,218,642,28,4,30,137,67,201,24,6,30,32,12,47,28,10,41,227,93,318,76,18,94,298,92,384,199,186,382,2567,1520,4093,27,16,44,1129,714,1839,329,187,512,765,520,1285,58,22,77,2302,1454,3755,506,139,645,3128,881,4010,1229,444,1672,3019,548,3562,7875,2015,9897,53,52,106,306,207,507,501,187,688,24,0,28,223,139,359,139,278,414,55,24,79,1304,888,2193,113,198,315,311,96,406,487,277,762,1765,1589,3352,2254,5099,7355,16,37,56,4956,7294,12246,23,21,45,1100,1425,2528,6596,6431,13030,7721,7880,15604,116,52,164,660,170,830,360,96,455,95,50,140,132,132,269,148,93
504,9,7,21,419,334,750,4,3,10,10,3,8,9,0,9,55,34,87,502,381,879,205,39,241,21,5,25,50,9,65,503,75,573,61,14,70,541,142,680,1379,279,1659,816,236,1048,903,709,1611,203,112,310,136,224,362,188,38,224,47,13,58,219,112,328,9,3,14,78,43,118,226,90,313,755,122,873,537,75,614,639,134,775,530,73,600,1067,204,1263,453,116,563,6779,2305,9083,5,0,5,68,16,89,19,11,29,82,32,115,371,110,481,550,162,713,295,67,360,1530,375,1905,719,142,858,4537,865,5402,7083,1444,8529,124,63,189,611,194,806,965,305,1272,251,61,312,377,271,649,327,255,587,26,27,47,2688,1183,3870,174,148,323,683,197,875,132,129,258,1519,2049,3561,1953,3851,5808,26,44,68,4480,6413,10895,11,7,20,131,224,358,2311,3092,5409,2457,3329,5782,157,58,216,2411,553,2965,94,16,111,16,4,22,59,19,80,37,11
505,13,6,26,745,451,1200,10,6,13,11,3,10,42,18,64,45,34,80,872,519,1391,124,38,165,4,6,15,54,20,76,360,114,479,48,8,54,325,93,417,929,276,1204,776,287,1064,977,932,1906,48,24,70,101,230,331,357,65,424,49,46,92,241,150,390,13,3,13,106,105,209,191,73,265,322,67,394,378,74,455,724,163,883,218,44,266,737,189,919,579,154,738,5807,2602,8413,6,7,16,277,54,330,44,7,55,377,260,640,225,65,288,936,387,1324,599,138,734,4442,1643,6086,817,203,1024,9387,1804,11191,15251,3777,19031,179,111,288,712,349,1061,766,304,1074,203,55,258,387,285,673,402,411,806,15,12,22,2668,1523,4195,206,231,441,1420,453,1879,262,198,457,3413,4147,7561,4253,8308,12557,43,81,120,9606,13417,23018,16,10,27,257,389,647,4807,5764,10575,5080,6168,11246,110,38,153,1572,259,1834,75,8,84,17,10,27,20,15,35,27,24
506,28,16,47,778,505,1288,11,7,13,15,15,27,22,11,31,115,53,170,968,607,1572,416,88,509,47,5,57,169,46,213,2149,555,2709,132,38,171,1219,347,1569,4133,1087,5218,1093,348,1436,962,804,1762,400,177,578,117,192,306,339,68,404,123,38,158,337,181,518,35,10,42,510,298,806,505,139,643,520,109,629,969,169,1144,1456,294,1748,858,156,1017,1536,290,1827,632,160,793,10393,3425,13814,11,6,18,683,207,891,104,23,127,229,53,282,397,150,547,1430,437,1864,680,142,820,3517,790,4309,1999,478,2481,8421,1537,9962,14618,2945,17564,298,160,452,1517,498,2015,1976,537,2509,1063,274,1336,1219,653,1871,576,482,1059,73,32,105,6719,2634,9353,295,260,560,1865,538,2404,306,244,552,3523,3726,7244,3322,5988,9308,38,48,84,9352,10800,20154,14,12,23,534,746,1278,5039,5814,10850,5581,6574,12158,551,184,733,5662,1186,6854,662,173,831,61,21,79,2097,1449,3550,57,14
507,20,5,32,431,420,859,9,3,14,3,0,3,136,45,179,49,37,88,657,513,1170,189,42,230,13,3,16,199,40,242,956,205,1159,85,10,102,517,141,658,1960,446,2408,768,226,997,1045,943,1991,138,83,218,78,141,220,180,48,222,123,27,154,138,65,206,480,113,587,932,314,1244,335,76,412,413,74,489,1589,245,1834,799,122,926,1889,258,2141,887,221,1108,354,91,442,10148,3046,13187,21,8,28,477,86,566,343,119,467,141,31,171,492,174,664,1484,414,1897,513,88,602,2523,651,3179,1400,244,1642,6586,1229,7813,11020,2209,13231,149,85,229,944,366,1303,506,195,705,169,53,222,612,359,979,244,247,486,87,29,120,2710,1338,4042,151,216,370,866,297,1162,339,264,604,2671,3497,6162,2915,6779,9695,27,66,95,6967,11115,18084,19,13,28,274,393,664,4459,5323,9780,4752,5719,10471,227,87,318,2243,463,2710,134,23,151,289,135,420,154,63,217,123,33
509,83,38,121,7722,3092,10811,28,5,40,145,23,168,106,23,133,439,204,644,8532,3383,11919,51,12,70,11,0,11,0,0,0,2119,376,2491,84,15,96,144,18,165,2412,424,2834,149,32,184,668,296,962,129,88,216,32,40,76,75,22,93,3,0,5,15,13,26,0,0,0,69,37,107,36,8,46,70,13,79,200,41,243,120,25,147,118,20,139,153,36,187,69,17,83,1898,704,2599,0,0,0,185,12,201,12,8,11,223,45,271,100,30,123,518,91,611,99,15,112,618,142,759,402,60,466,1823,319,2140,2945,531,3470,15,3,18,401,172,577,393,100,486,27,8,39,232,97,325,56,36,93,92,58,150,1216,474,1685,75,98,172,335,119,451,154,237,394,642,1109,1746,598,1400,1993,6,5,14,1801,2969,4769,3,8,14,312,698,1009,649,1283,1932,968,1991,2954,90,43,133,877,285,1164,126,7,126,6,3,9,22,9,26,5,3
510,13,3,15,515,269,782,36,22,59,46,19,63,37,12,52,56,21,78,708,341,1051,446,78,523,251,27,278,2415,319,2738,18396,2746,21144,797,150,944,979,114,1093,23291,3432,26730,81,20,96,46,31,82,13,8,23,4,8,18,10,3,13,0,0,0,7,10,14,37,5,41,326,33,359,28,3,31,47,7,55,97,17,123,308,18,328,91,6,106,114,6,118,14,3,18,1229,190,1423,33,4,37,200,28,224,239,38,275,128,28,151,261,62,321,854,153,1012,1100,92,1195,1094,144,1233,4441,317,4762,3064,366,3434,9698,926,10631,28,11,40,235,75,309,257,45,309,78,7,84,38,18,55,5,10,18,8,0,9,654,165,821,31,46,79,142,41,185,99,151,253,335,638,973,333,717,1043,6,3,8,940,1599,2543,11,8,22,611,772,1375,1207,1321,2531,1827,2106,3932,171,43,215,1281,257,1537,85,7,92,158,38,199,359,97,456,88,37
511,23,23,46,2301,957,3260,19,12,29,7,0,8,260,58,314,152,65,215,2758,1118,3880,392,58,450,106,24,128,52,6,56,8176,1398,9577,442,75,514,2103,256,2352,11266,1817,13080,171,46,211,170,132,306,14,4,18,9,12,24,17,5,19,0,3,3,9,13,30,15,0,19,138,30,165,83,13,96,58,13,74,550,93,638,168,24,189,130,16,146,222,30,255,44,7,48,1796,440,2234,3,0,4,198,16,213,29,4,30,108,19,128,101,26,128,442,64,508,160,15,177,529,117,643,543,78,623,1946,368,2310,3178,578,3753,24,12,38,268,96,359,268,85,352,93,24,117,92,49,143,18,22,38,25,13,42,790,295,1091,51,85,139,292,113,400,123,188,314,627,1195,1828,534,1489,2028,3,8,13,1637,3082,4715,6,5,12,403,907,1315,917,1533,2459,1336,2449,3784,94,29,121,1189,331,1518,317,44,356,68,14,80,69,49,113,68,36
597,0,0,0,3,0,6,6,0,6,0,0,0,60,3,59,0,0,0,68,4,71,12,0,12,0,0,0,401,17,416,24,4,26,3,0,3,140,10,148,576,23,598,5,0,5,3,0,7,0,0,0,0,0,0,0,0,0,0,0,0,0,0,0,0,0,0,7,0,3,0,0,0,0,0,0,0,0,0,0,0,0,7,0,7,0,0,0,0,0,0,22,3,22,0,0,0,0,0,0,43,0,43,0,0,0,3,0,3,46,0,46,23,3,25,6,0,5,126,4,124,24,0,24,171,3,181,0,0,0,17,0,17,3,0,4,0,0,0,0,0,0,0,0,0,0,0,0,21,0,24,0,0,0,0,0,0,0,0,0,0,0,0,5,0,5,0,0,0,7,0,7,0,0,0,0,0,0,43,16,59,43,16,59,6,0,6,11,0,11,0,0,0,156,12,170,3,0,3,13,0
599,13,4,14,501,137,633,13,0,12,91,0,94,185,9,199,358,84,443,1171,231,1400,188,14,204,57,18,66,285,10,301,2471,285,2757,50,7,54,523,27,550,3568,364,3936,76,11,91,89,88,175,53,24,74,12,3,11,37,0,37,0,13,10,28,0,27,7,0,7,52,46,100,18,7,26,98,3,99,93,4,103,96,9,103,81,7,89,88,7,93,58,3,64,878,227,1104,15,0,15,127,11,133,47,8,50,69,4,74,106,9,117,360,28,389,671,28,699,5162,188,5353,931,43,968,13305,434,13739,20062,693,20753,23,20,43,156,24,178,143,31,176,29,9,31,53,52,107,53,142,195,26,8,28,481,272,755,56,73,125,71,14,83,22,15,43,164,254,418,307,481,785,14,30,39,632,866,1498,3,0,3,34,45,76,326,345,676,370,387,753,114,18,131,1685,161,1848,57,5,65,147,8,154,78,43,116,53,5
601,17,3,19,455,208,660,323,85,407,135,47,181,88,42,137,58,27,84,1073,410,1488,16,3,19,0,0,0,0,5,7,93,4,92,43,0,43,10,3,14,158,16,176,230,58,285,1024,691,1715,199,86,285,61,86,148,221,40,262,296,31,332,171,74,250,3,0,3,87,32,123,73,15,88,118,19,141,580,47,629,185,21,208,565,29,592,147,35,174,130,57,184,4088,1323,5409,12,0,10,894,397,1288,37,8,43,308,104,412,216,60,278,1462,568,2030,330,45,370,1527,235,1768,529,83,615,3178,363,3542,5558,725,6289,52,19,70,388,122,510,258,58,321,175,33,199,274,110,385,160,148,305,28,15,47,1337,506,1846,169,184,360,612,142,748,162,112,270,1690,2129,3825,2160,3690,5852,34,23,57,4835,6282,11112,5,7,19,571,1012,1582,2941,3274,6215,3521,4290,7811,98,39,133,1321,237,1557,32,3,35,37,10,48,162,241,406,69,28
602,35,14,46,1924,766,2693,96,20,109,219,34,258,53,23,78,172,69,240,2497,923,3419,24,3,32,32,5,37,3,0,3,76,16,88,81,8,91,18,3,20,235,31,274,179,60,233,749,527,1281,197,85,277,22,43,67,357,48,398,45,4,56,88,41,123,4,0,3,199,59,258,55,3,54,140,20,163,794,77,865,204,22,227,87,11,103,149,20,168,114,30,145,3380,1061,4435,4,0,4,238,54,290,39,28,62,192,68,261,142,38,181,604,193,793,186,23,209,748,101,851,311,48,358,1791,239,2035,3041,417,3457,42,20,61,328,108,441,245,65,307,98,15,117,357,115,472,80,60,146,57,19,77,1215,401,1616,138,113,246,476,135,607,116,116,232,961,1428,2392,1141,2000,3137,3,14,14,2834,3805,6637,5,11,21,338,666,1007,1284,2047,3333,1630,2727,4361,97,38,135,930,168,1098,118,15,138,33,7,43,70,23,89,25,20
603,14,4,17,939,321,1263,588,186,773,67,11,75,56,23,77,44,15,52,1706,551,2256,3,0,3,7,3,5,0,0,0,0,0,0,13,0,9,3,0,3,23,5,25,22,10,29,93,82,174,67,36,106,6,12,16,74,10,80,4,0,4,0,4,5,0,0,0,17,4,24,24,12,31,46,3,56,19,0,19,7,0,7,36,3,40,9,0,7,11,11,20,438,180,621,0,0,0,47,0,51,0,0,0,37,3,34,19,7,26,104,7,117,33,11,44,142,16,158,76,6,85,275,38,308,528,70,598,3,0,3,60,30,88,0,3,4,0,0,0,19,14,33,11,3,12,4,0,8,91,51,148,10,23,34,4,3,3,26,43,73,118,224,343,70,159,232,0,3,3,237,460,691,4,5,5,180,261,435,187,378,567,365,646,1009,21,13,28,94,30,124,0,0,0,7,4,16,4,0,3,22,9
604,33,18,45,1856,873,2732,202,55,262,159,28,180,86,19,104,143,51,195,2474,1044,3516,102,16,118,5,0,3,3,0,3,928,85,1021,58,8,65,119,4,122,1221,119,1336,193,53,243,1546,805,2351,31,30,57,20,54,75,210,33,238,5,4,12,18,17,32,5,0,7,56,14,75,35,3,42,183,14,193,167,19,183,112,12,125,80,9,92,295,39,342,47,17,65,3001,1122,4123,3,0,3,162,8,165,5,0,12,148,52,199,81,19,98,398,79,477,141,21,162,553,90,640,341,44,377,1269,174,1440,2292,327,2619,32,12,41,264,91,359,219,37,256,62,8,73,144,83,223,50,37,89,16,3,17,785,274,1058,81,94,181,322,76,393,64,121,179,664,1224,1892,733,1498,2232,8,6,15,1873,3024,4893,4,9,9,269,527,792,753,1645,2399,1024,2173,3201,72,38,110,923,158,1082,58,3,59,300,143,440,20,11,26,35,16
697,0,0,0,0,0,0,0,0,0,0,0,0,16,0,16,0,0,0,14,0,13,0,0,0,0,0,0,3,0,3,0,0,0,0,0,0,0,0,0,3,0,3,0,0,0,0,0,0,0,0,0,0,0,0,0,0,0,0,0,0,0,0,0,0,0,0,0,0,0,0,0,0,0,0,0,0,0,0,0,0,0,0,0,0,0,0,0,0,0,0,0,0,0,0,0,0,0,0,0,0,0,0,0,0,0,0,0,0,0,0,0,0,0,0,0,0,0,3,0,3,0,0,0,3,0,3,0,0,0,0,0,0,0,0,0,0,0,0,0,0,0,0,0,0,0,0,0,0,0,0,0,0,0,0,0,0,0,0,0,0,0,0,0,0,0,0,0,0,0,0,0,0,0,0,0,0,0,0,0,0,0,0,0,0,0,0,0,0,0,0,0,0,20,0,25,0,0,0,0,0
699,10,0,7,180,37,216,34,3,31,200,3,203,137,3,140,86,11,91,636,59,695,5,0,5,3,0,3,10,0,10,34,0,35,10,0,10,6,3,11,63,5,67,13,4,16,38,20,54,13,3,16,0,0,0,15,0,18,3,0,6,3,0,3,0,0,0,8,6,11,3,0,3,8,0,8,16,0,16,12,0,12,13,0,13,14,0,18,5,0,3,172,41,211,0,0,0,24,0,29,3,0,3,19,0,17,18,0,21,69,5,68,179,12,187,1014,19,1033,149,3,156,1947,40,1985,3289,74,3364,6,0,6,20,3,23,14,5,21,5,3,5,19,4,25,17,23,37,13,0,12,96,43,137,10,17,27,12,0,13,3,0,3,35,30,69,62,43,107,6,3,9,132,93,229,0,0,0,5,6,17,50,38,90,52,46,105,19,6,27,276,14,289,8,0,8,53,5,59,10,0,11,9,0
701,10,10,21,263,171,437,25,5,33,11,3,12,129,43,170,31,24,54,469,251,717,56,18,79,15,0,15,635,84,722,153,26,185,30,8,37,68,19,86,956,155,1110,144,36,175,184,127,313,33,20,54,11,44,53,48,8,59,0,0,0,51,29,81,9,0,9,117,23,139,47,9,55,115,31,151,156,33,188,193,44,235,262,28,289,124,32,164,83,22,100,1578,490,2071,33,10,41,583,269,859,111,20,136,75,29,100,143,58,195,945,383,1336,861,113,971,1482,313,1794,2476,343,2819,2939,487,3431,7755,1255,9018,42,16,60,298,119,414,312,86,397,98,21,121,194,103,299,71,68,139,19,4,24,1032,417,1451,77,96,173,399,147,542,79,81,165,821,1008,1825,879,1632,2510,18,24,42,2272,2987,5265,11,15,26,479,649,1130,1648,1927,3576,2138,2590,4734,116,32,147,1128,249,1375,29,12,37,68,19,87,385,203,582,82,34
702,9,7,15,755,421,1172,0,0,0,53,13,66,15,13,30,140,46,186,976,502,1473,91,9,104,15,3,19,66,3,76,1877,275,2153,59,14,71,98,8,109,2211,313,2521,18,3,22,34,29,58,0,3,5,10,3,7,17,3,20,0,0,0,6,8,16,3,0,3,3,0,3,28,0,29,7,4,11,40,5,46,78,9,86,60,5,65,36,11,46,13,3,12,345,89,432,7,0,7,187,36,224,11,0,11,22,0,24,67,7,81,297,49,349,108,14,126,520,97,614,222,64,290,824,139,960,1682,314,1988,5,3,13,81,47,126,39,12,45,6,3,13,49,32,81,11,6,10,15,5,16,201,98,305,46,43,84,128,34,161,97,78,170,508,505,1013,288,483,767,3,16,22,1072,1156,2230,14,9,21,666,689,1355,497,551,1046,1175,1252,2429,33,15,43,345,76,419,24,0,26,16,3,16,183,59,248,77,24
797,0,0,0,0,0,0,0,0,0,0,0,0,7,0,7,0,0,0,7,0,7,0,0,0,0,0,0,12,0,12,3,0,3,0,0,0,10,0,10,22,0,28,0,0,0,0,0,0,0,0,0,0,0,0,0,0,0,0,0,0,0,0,0,0,0,0,0,0,0,0,0,0,0,0,0,0,0,0,0,0,0,0,0,0,0,0,0,0,0,0,0,0,0,0,0,0,0,0,0,0,0,0,0,0,0,0,0,0,0,0,0,0,0,0,0,0,0,0,0,0,3,0,3,6,0,6,0,0,0,0,0,0,0,0,0,0,0,0,0,0,0,0,0,0,0,0,0,0,0,0,0,0,0,0,0,0,0,0,0,0,0,0,0,0,0,0,0,0,0,0,0,0,0,0,0,0,0,0,0,0,0,0,0,0,0,0,0,0,0,0,0,0,3,0,4,0,0,0,3,0
799,0,0,0,32,11,38,0,0,0,3,0,3,23,5,28,21,0,26,84,15,102,12,0,11,0,0,0,45,0,47,61,9,70,4,0,4,12,3,18,129,16,145,3,0,5,4,7,11,3,0,3,0,0,0,0,0,0,0,0,0,0,0,0,3,0,3,0,0,0,3,0,3,0,0,0,3,0,3,6,0,6,7,0,7,4,0,4,5,0,10,48,10,57,0,0,0,14,0,14,12,0,13,0,0,0,3,0,3,31,0,36,114,5,119,336,15,348,230,10,236,672,27,697,1354,57,1410,0,0,0,3,0,3,12,0,12,0,0,0,3,3,4,0,3,10,0,0,0,24,10,30,3,4,11,10,0,10,0,0,3,12,8,19,22,29,48,3,0,3,46,46,95,0,0,0,16,14,24,22,26,45,37,31,67,6,0,6,76,9,83,5,3,4,4,0,9,17,3,24,16,7
801,18,5,22,227,167,394,0,0,0,14,8,22,7,3,10,24,24,47,295,207,499,3,0,4,3,0,3,5,0,5,18,6,19,18,4,23,16,0,16,63,11,71,132,28,161,346,335,687,43,13,59,25,68,96,234,40,272,3,11,15,198,91,284,7,0,7,25,11,39,30,6,33,163,41,202,142,19,157,109,21,125,184,37,221,488,123,608,261,134,399,2386,979,3363,13,5,19,477,233,712,53,16,72,311,130,443,238,43,285,1093,437,1529,412,87,499,2851,539,3389,387,54,440,5013,634,5641,8658,1307,9964,54,29,84,303,80,384,619,157,778,138,30,165,253,88,339,185,146,328,90,24,113,1644,551,2198,187,212,398,1048,220,1266,168,57,228,2701,2250,4957,3437,5578,9013,25,32,57,7577,8341,15919,14,15,28,970,1085,2055,6415,5567,11981,7396,6665,14064,114,46,159,1666,247,1913,22,7,22,12,3,16,303,187,498,35,15
897,0,0,0,0,0,0,0,0,0,0,0,0,0,0,0,0,0,0,0,0,0,0,0,0,0,0,0,0,0,0,0,0,0,0,0,0,0,0,0,0,0,0,0,0,0,0,0,0,0,0,0,0,0,0,0,0,0,0,0,0,0,0,0,0,0,0,0,0,0,0,0,0,0,0,0,0,0,0,0,0,0,0,0,0,0,0,0,0,0,0,0,0,0,0,0,0,0,0,0,0,0,0,0,0,0,0,0,0,0,0,0,0,0,0,0,0,0,0,0,0,0,0,0,0,0,0,0,0,0,0,0,0,0,0,0,0,0,0,0,0,0,0,0,0,0,0,0,0,0,0,0,0,0,0,0,0,0,0,0,0,0,0,0,0,0,0,0,0,0,0,0,0,0,0,0,0,0,0,0,0,0,0,0,0,0,0,0,0,0,0,0,0,0,0,0,0,0,0,0,0
899,0,0,0,14,3,20,0,0,0,0,0,0,4,0,4,9,0,9,28,3,28,0,0,0,0,0,0,0,0,0,0,0,0,0,0,0,0,0,3,3,0,7,5,0,8,6,13,14,12,0,11,0,0,0,3,3,4,0,0,0,0,0,4,0,0,0,6,3,14,0,0,0,13,0,13,3,0,5,0,0,0,3,0,3,6,3,8,6,0,6,69,24,94,0,0,0,26,3,29,0,0,0,15,0,11,21,0,24,60,7,70,130,9,137,699,14,712,49,3,50,1928,39,1968,2814,56,2867,0,3,3,7,0,4,21,10,27,4,0,4,15,5,23,7,19,27,7,3,10,61,40,99,9,13,18,11,0,12,7,0,9,30,25,59,45,43,95,5,3,7,107,93,194,0,0,0,15,5,15,37,44,83,53,46,94,11,0,12,168,16,183,0,0,0,0,0,0,8,4,11,0,0
901,0,0,0,17,9,30,0,0,0,0,0,0,3,0,3,3,0,3,25,9,35,3,0,3,0,0,0,9,0,5,19,0,16,131,19,152,14,0,14,169,20,191,0,0,0,3,8,16,3,0,3,0,4,4,6,0,8,0,0,0,3,3,5,0,0,0,0,0,0,0,0,0,3,0,3,3,0,3,3,0,3,0,0,0,0,0,0,3,0,6,25,19,43,0,0,0,21,3,18,0,0,4,9,3,14,9,0,9,41,4,45,20,3,16,40,3,48,25,0,25,73,5,83,157,15,173,0,0,3,11,7,14,0,0,3,0,0,0,0,0,4,0,0,0,0,0,0,22,6,30,8,15,26,0,0,0,4,4,13,33,38,74,29,59,83,0,0,0,72,123,195,0,0,0,54,82,134,51,86,135,103,165,267,8,0,8,8,10,17,0,0,0,13,3,10,18,0,20,10,0
997,0,0,0,0,0,0,0,0,0,0,0,0,0,0,0,0,0,0,0,0,0,0,0,0,0,0,0,0,0,0,0,0,0,0,0,0,0,0,0,0,0,0,0,0,0,0,0,0,0,0,0,0,0,0,0,0,0,0,0,0,0,0,0,0,0,0,0,0,0,0,0,0,0,0,0,0,0,0,0,0,0,0,0,0,0,0,0,0,0,0,0,0,0,0,0,0,0,0,0,0,0,0,0,0,0,0,0,0,0,0,0,0,0,0,0,0,0,0,0,0,0,0,0,0,0,0,0,0,0,0,0,0,0,0,0,0,0,0,0,0,0,0,0,0,0,0,0,0,0,0,0,0,0,0,0,0,0,0,0,0,0,0,0,0,0,0,0,0,0,0,0,0,0,0,0,0,0,0,0,0,0,0,0,0,0,0,0,0,0,0,0,0,0,0,0,0,0,0,0,0
999,0,0,0,0,0,3,0,0,0,0,0,0,3,0,3,0,0,0,3,0,3,0,0,0,0,0,0,7,0,7,5,0,5,0,0,0,0,0,0,10,0,10,0,0,0,0,0,0,0,0,0,0,0,0,0,0,0,0,0,0,0,0,0,0,0,0,0,0,0,0,0,0,0,0,0,0,0,0,0,0,0,0,0,0,0,0,0,0,0,0,0,0,3,0,0,0,0,0,0,0,0,0,0,0,0,0,0,0,0,0,0,0,0,0,0,0,0,0,3,3,6,0,6,6,3,11,0,0,0,0,0,0,0,0,6,0,0,0,0,0,0,0,0,0,0,0,0,3,0,7,0,0,0,0,0,0,0,0,0,3,0,3,0,0,0,0,0,0,3,0,3,0,0,0,0,0,0,0,3,3,0,3,3,0,0,0,0,0,0,0,0,0,0,0,0,9,0,8,0,0