SA4_CODE_2016,MaOpD_400_499_H_0,MaOpD_400_499_H_1_15,MaOpD_400_499_H_16_24,MaOpD_400_499_H_25_34,MaOpD_400_499_H_35_39,MaOpD_400_499_H_40,MaOpD_400_499_H_41_48,MaOpD_400_499_H_49mo,MaOpD_400_499_H_NS,MaOpD_400_499_H_Tot,MaOpD_500_649_H_0,MaOpD_500_649_H_1_15,MaOpD_500_649_H_16_24,MaOpD_500_649_H_25_34,MaOpD_500_649_H_35_39,MaOpD_500_649_H_40,MaOpD_500_649_H_41_48,MaOpD_500_649_H_49mo,MaOpD_500_649_H_NS,MaOpD_500_649_H_Tot,MaOpD_650_799_H_0,MaOpD_650_799_H_1_15,MaOpD_650_799_H_16_24,MaOpD_650_799_H_25_34,MaOpD_650_799_H_35_39,MaOpD_650_799_H_40,MaOpD_650_799_H_41_48,MaOpD_650_799_H_49mo,MaOpD_650_799_H_NS,MaOpD_650_799_H_Tot,MaOpD_800_999_H_0,MaOpD_800_999_H_1_15,MaOpD_800_999_H_16_24,MaOpD_800_999_H_25_34,MaOpD_800_999_H_35_39,MaOpD_800_999_H_40,MaOpD_800_999_H_41_48,MaOpD_800_999_H_49mo,MaOpD_800_999_H_NS,MaOpD_800_999_H_Tot,MaOpD_1000_1249_H_0,MaOpD_1000_1249_H_1_15,MaOpD_1000_1249_H_16_24,MaOpD_1000_1249_H_25_34,MaOpD_1000_1249_H_35_39,MaOpD_1000_1249_H_40,MaOpD_1000_1249_H_41_48,MaOpD_1000_1249_H_49mo,MaOpD_1000_1249_H_NS,MaOpD_1000_1249_H_Tot,MaOpD_1250_1499_H_0,MaOpD_1250_1499_H_1_15,MaOpD_1250_1499_H_16_24,MaOpD_1250_1499_H_25_34,MaOpD_1250_1499_H_35_39,MaOpD_1250_1499_H_40,MaOpD_1250_1499_H_41_48,MaOpD_1250_1499_H_49mo,MaOpD_1250_1499_H_NS,MaOpD_1250_1499_H_Tot,MaOpD_1500_1749_H_0,MaOpD_1500_1749_H_1_15,MaOpD_1500_1749_H_16_24,MaOpD_1500_1749_H_25_34,MaOpD_1500_1749_H_35_39,MaOpD_1500_1749_H_40,MaOpD_1500_1749_H_41_48,MaOpD_1500_1749_H_49mo,MaOpD_1500_1749_H_NS,MaOpD_1500_1749_H_Tot,MaOpD_1750_1999_H_0,MaOpD_1750_1999_H_1_15,MaOpD_1750_1999_H_16_24,MaOpD_1750_1999_H_25_34,MaOpD_1750_1999_H_35_39,MaOpD_1750_1999_H_40,MaOpD_1750_1999_H_41_48,MaOpD_1750_1999_H_49mo,MaOpD_1750_1999_H_NS,MaOpD_1750_1999_H_Tot,MaOpD_2000_2999_H_0,MaOpD_2000_2999_H_1_15,MaOpD_2000_2999_H_16_24,MaOpD_2000_2999_H_25_34,MaOpD_2000_2999_H_35_39,MaOpD_2000_2999_H_40,MaOpD_2000_2999_H_41_48,MaOpD_2000_2999_H_49mo,MaOpD_2000_2999_H_NS,MaOpD_2000_2999_H_Tot,MaOpD_3000mo_H_0,MaOpD_3000mo_H_1_15,MaOpD_3000mo_H_16_24,MaOpD_3000mo_H_25_34,MaOpD_3000mo_H_35_39,MaOpD_3000mo_H_40,MaOpD_3000mo_H_41_48,MaOpD_3000mo_H_49mo,MaOpD_3000mo_H_NS,MaOpD_3000mo_H_Tot,MaOpD_PINS_H_0,MaOpD_PINS_H_1_15,MaOpD_PINS_H_16_24,MaOpD_PINS_H_25_34,MaOpD_PINS_H_35_39,MaOpD_PINS_H_40,MaOpD_PINS_H_41_48,MaOpD_PINS_H_49mo,MaOpD_PINS_H_NS,MaOpD_PINS_H_Tot,MaOpD_Tot_H_0,MaOpD_Tot_H_1_15,MaOpD_Tot_H_16_24,MaOpD_Tot_H_25_34,MaOpD_Tot_H_35_39,MaOpD_Tot_H_40,MaOpD_Tot_H_41_48,MaOpD_Tot_H_49mo,MaOpD_Tot_H_NS,MaOpD_Tot_H_Tot,Lab_NNI_H_0,Lab_NNI_H_1_15,Lab_NNI_H_16_24,Lab_NNI_H_25_34,Lab_NNI_H_35_39,Lab_NNI_H_40,Lab_NNI_H_41_48,Lab_NNI_H_49mo,Lab_NNI_H_NS,Lab_NNI_H_Tot,Lab_1_149_H_0,Lab_1_149_H_1_15,Lab_1_149_H_16_24,Lab_1_149_H_25_34,Lab_1_149_H_35_39,Lab_1_149_H_40,Lab_1_149_H_41_48,Lab_1_149_H_49mo,Lab_1_149_H_NS,Lab_1_149_H_Tot,Lab_150_299_H_0,Lab_150_299_H_1_15,Lab_150_299_H_16_24,Lab_150_299_H_25_34,Lab_150_299_H_35_39,Lab_150_299_H_40,Lab_150_299_H_41_48,Lab_150_299_H_49mo,Lab_150_299_H_NS,Lab_150_299_H_Tot,Lab_300_399_H_0,Lab_300_399_H_1_15,Lab_300_399_H_16_24,Lab_300_399_H_25_34,Lab_300_399_H_35_39,Lab_300_399_H_40,Lab_300_399_H_41_48,Lab_300_399_H_49mo,Lab_300_399_H_NS,Lab_300_399_H_Tot,Lab_400_499_H_0,Lab_400_499_H_1_15,Lab_400_499_H_16_24,Lab_400_499_H_25_34,Lab_400_499_H_35_39,Lab_400_499_H_40,Lab_400_499_H_41_48,Lab_400_499_H_49mo,Lab_400_499_H_NS,Lab_400_499_H_Tot,Lab_500_649_H_0,Lab_500_649_H_1_15,Lab_500_649_H_16_24,Lab_500_649_H_25_34,Lab_500_649_H_35_39,Lab_500_649_H_40,Lab_500_649_H_41_48,Lab_500_649_H_49mo,Lab_500_649_H_NS,Lab_500_649_H_Tot,Lab_650_799_H_0,Lab_650_799_H_1_15,Lab_650_799_H_16_24,Lab_650_799_H_25_34,Lab_650_799_H_35_39,Lab_650_799_H_40,Lab_650_799_H_41_48,Lab_650_799_H_49mo,Lab_650_799_H_NS,Lab_650_799_H_Tot,Lab_800_999_H_0,Lab_800_999_H_1_15,Lab_800_999_H_16_24,Lab_800_999_H_25_34,Lab_800_999_H_35_39,Lab_800_999_H_40,Lab_800_999_H_41_48,Lab_800_999_H_49mo,Lab_800_999_H_NS,Lab_800_999_H_Tot
101,9,29,48,23,22,10,4,17,3,168,18,48,76,71,97,48,18,38,10,421,21,28,50,88,203,105,53,49,13,615,16,11,26,73,266,202,157,156,16,935,34,17,11,41,222,209,149,239,6,940,18,11,9,17,100,89,82,208,6,537,10,8,0,6,36,46,49,163,7,322,0,0,0,6,9,19,19,99,4,161,3,3,4,3,3,10,23,95,0,139,8,0,0,0,0,6,0,14,0,31,3,6,5,3,13,13,6,18,11,74,156,281,304,371,1023,771,563,1101,99,4673,10,40,7,12,5,7,3,9,10,109,45,541,38,13,0,5,3,12,23,678,26,391,115,49,17,17,5,16,13,653,24,274,197,105,21,28,14,15,15,697,28,210,266,164,61,43,21,24,20,847,34,177,191,335,207,128,43,66,23,1204,34,79,135,264,405,241,76,112,33,1380,36,57,75,133,396,306,178,140,22,1348
102,9,42,81,43,22,14,3,13,8,245,18,48,103,117,126,44,21,29,11,517,23,40,87,136,379,154,48,57,12,932,28,20,50,113,442,271,145,127,22,1228,22,11,40,63,326,256,167,239,10,1133,21,4,21,15,113,124,109,173,6,592,5,9,5,7,49,67,68,142,3,355,8,0,0,3,20,37,26,101,3,197,3,0,3,0,20,23,17,89,4,163,3,0,3,0,3,9,0,18,0,40,3,12,8,14,21,19,9,17,15,114,168,458,512,562,1547,1032,621,1021,114,6025,5,58,8,8,4,7,0,10,8,103,66,965,60,14,7,0,0,0,18,1137,51,539,190,54,28,13,0,9,21,904,29,365,285,95,35,17,10,19,24,878,28,258,326,196,57,36,9,14,25,950,39,198,322,390,254,139,30,46,17,1440,46,116,167,332,585,329,98,74,27,1784,24,52,90,170,485,411,175,100,14,1523
103,12,45,63,27,17,14,7,18,6,216,18,35,78,82,62,55,17,47,11,402,24,26,41,82,188,140,69,73,11,655,23,21,25,67,299,240,150,158,16,1006,38,18,30,32,222,227,192,300,14,1073,29,11,8,21,106,140,156,316,13,801,29,13,8,23,82,85,131,323,8,698,17,6,12,12,56,79,108,248,11,559,41,3,11,18,103,147,297,397,15,1035,9,4,7,0,18,21,38,97,3,191,4,8,9,3,18,32,9,36,20,140,264,314,356,399,1194,1212,1185,2040,136,7098,8,62,12,9,0,7,0,15,10,115,37,603,42,23,8,10,3,11,21,750,34,415,132,51,26,14,8,17,17,721,45,291,198,92,34,27,16,13,10,742,28,211,257,174,59,60,32,29,21,874,37,172,233,321,233,148,41,73,26,1273,47,82,102,220,501,327,121,99,29,1526,50,39,57,102,377,370,161,135,20,1314
104,10,50,29,30,10,7,4,13,3,154,14,38,44,68,49,17,3,16,4,254,13,17,50,77,156,70,31,42,4,457,14,14,25,75,168,121,95,73,11,595,10,12,27,32,111,108,86,126,3,528,10,5,10,11,32,33,35,122,6,251,11,5,4,4,12,17,15,76,0,144,0,0,0,0,6,12,9,50,0,85,4,0,3,3,5,6,0,32,3,53,0,0,4,0,3,4,0,3,0,15,3,6,0,4,12,6,0,11,4,49,91,246,244,315,563,421,292,582,59,2807,4,21,6,9,3,3,0,9,6,64,28,430,35,17,0,5,0,4,8,523,18,275,106,26,4,9,3,7,16,466,21,248,162,72,21,20,6,16,18,585,18,192,188,116,35,23,4,12,19,615,30,132,160,259,135,73,30,38,25,878,28,72,95,217,338,155,54,48,16,1005,24,24,46,110,226,184,90,64,14,786
105,8,30,32,17,24,13,11,9,0,137,10,17,48,28,36,26,13,31,4,213,7,12,30,34,120,89,30,51,4,376,11,12,15,35,164,142,67,98,5,562,21,4,6,16,98,105,89,180,19,552,17,3,3,11,41,55,67,172,8,377,19,5,10,9,30,43,55,194,14,370,12,4,8,5,24,28,39,152,4,277,13,3,3,4,12,14,65,168,5,295,5,3,0,0,3,0,19,36,0,70,4,0,0,4,11,14,6,25,15,69,147,175,207,175,576,553,464,1145,84,3518,8,20,4,7,0,9,0,12,4,67,16,232,24,9,3,3,0,4,11,304,18,200,56,26,11,14,5,14,9,340,17,153,142,58,14,15,5,30,15,446,10,114,134,110,36,39,11,30,15,509,23,104,110,174,140,96,29,66,15,748,18,51,62,124,303,242,60,83,32,973,16,33,29,47,198,217,77,111,15,751
106,15,66,63,40,8,13,3,12,7,235,12,58,90,92,57,58,17,30,16,429,21,40,74,123,223,150,50,64,16,762,27,34,73,128,352,324,171,142,16,1269,41,28,40,93,356,346,255,348,26,1539,37,19,29,49,232,196,275,422,21,1282,56,15,21,35,208,194,309,446,15,1304,54,10,28,47,175,177,277,375,11,1153,158,24,62,101,379,329,710,823,43,2627,23,7,7,14,54,44,88,123,3,355,4,9,10,6,34,40,27,36,23,186,479,530,598,773,2113,1897,2188,2857,200,11618,9,61,15,9,4,3,0,13,7,113,57,899,62,16,4,4,4,5,16,1068,47,544,181,48,12,15,7,22,14,891,32,420,270,123,34,30,12,16,17,952,22,285,364,197,48,34,9,28,26,1007,42,211,263,394,226,134,41,54,23,1380,54,110,148,311,507,347,106,95,28,1701,36,58,83,142,462,414,156,123,28,1502
107,5,52,74,26,16,16,9,9,5,207,10,53,94,71,79,41,14,26,3,391,13,48,35,93,195,109,37,26,11,562,26,25,41,79,262,241,94,85,18,866,26,17,22,42,230,234,157,195,17,935,29,6,17,30,152,147,141,215,14,750,31,4,5,12,119,97,132,231,18,658,27,0,14,11,128,81,139,190,3,599,38,0,8,6,180,98,201,270,16,821,0,0,3,5,21,9,17,30,0,87,5,3,5,6,11,18,6,23,18,98,225,515,423,419,1417,1102,960,1324,117,6496,4,47,18,5,3,8,0,3,3,85,68,835,80,30,8,0,0,8,14,1040,36,531,173,62,15,25,5,8,18,873,35,349,260,118,26,18,3,6,11,840,37,240,356,198,55,44,13,21,17,983,40,147,249,331,200,98,19,33,12,1132,40,80,135,248,358,204,75,32,22,1185,32,46,81,128,346,276,75,114,18,1105
108,12,46,74,16,11,13,8,7,11,197,17,48,93,75,74,35,16,26,11,386,17,28,61,69,214,102,40,36,11,580,42,21,49,85,228,163,124,97,6,817,18,21,40,48,164,123,119,187,15,734,8,9,16,12,43,66,59,144,11,361,13,8,3,4,19,27,12,95,4,185,6,8,3,8,5,16,23,65,0,128,7,0,4,10,16,23,12,74,0,151,0,0,3,0,5,7,0,10,0,30,4,3,8,6,12,7,5,17,15,76,168,328,395,351,809,593,426,779,89,3942,9,42,8,8,6,5,3,9,4,100,57,538,35,18,8,13,3,9,18,694,32,390,117,57,13,16,0,25,14,648,29,361,208,100,28,14,4,28,27,797,39,256,298,162,44,27,12,26,27,898,56,184,236,345,179,106,36,62,21,1231,68,90,117,249,419,195,76,76,28,1319,56,56,78,128,274,241,117,84,24,1055
109,4,27,38,15,7,10,0,14,8,127,9,38,53,61,38,31,7,21,7,274,30,15,29,54,152,102,39,41,5,464,35,17,28,42,198,175,115,115,18,726,19,10,10,20,148,154,116,200,17,699,19,3,4,16,61,73,75,169,3,429,17,4,0,0,13,25,43,118,14,231,9,3,3,4,18,12,28,66,3,137,8,0,0,3,4,4,10,41,3,79,0,0,3,4,0,3,5,10,0,26,3,4,0,3,10,15,6,19,10,67,166,217,210,246,659,621,440,822,88,3481,9,30,8,10,4,3,0,8,0,73,37,340,29,8,3,6,5,3,19,456,12,293,88,30,8,16,0,10,15,477,26,228,128,54,29,16,8,12,11,516,30,163,146,101,24,30,13,21,13,544,24,99,143,255,143,60,35,51,15,826,32,62,66,190,276,181,69,85,16,963,25,19,32,95,267,259,108,84,19,907
110,11,39,47,35,19,17,5,20,5,191,12,34,59,63,79,45,20,49,7,361,18,33,49,101,202,144,57,90,15,704,32,21,33,73,242,243,153,171,20,990,22,18,23,52,179,220,193,290,18,1015,22,7,14,22,80,89,73,221,11,534,18,3,8,11,44,56,50,218,4,415,13,3,4,7,23,36,42,162,5,305,22,4,6,9,45,53,77,205,8,433,9,0,3,7,5,15,11,37,0,85,3,10,8,9,13,19,4,28,17,112,199,316,305,399,971,948,700,1523,125,5492,7,36,6,7,3,5,3,28,3,97,37,439,58,11,10,12,3,14,11,596,25,423,115,53,17,22,12,25,12,694,27,327,194,96,36,33,13,25,32,784,32,206,248,163,60,52,25,41,24,845,31,164,201,342,274,159,49,77,32,1334,51,80,102,291,516,448,130,128,36,1785,46,54,57,194,455,558,165,195,34,1749
111,15,86,94,62,26,27,9,13,6,337,21,62,86,121,108,77,19,29,10,532,24,53,72,153,385,217,86,81,12,1096,51,28,55,102,468,460,230,169,19,1584,59,18,33,57,357,447,274,331,22,1596,42,10,13,27,205,259,182,289,6,1034,40,9,8,17,136,194,126,287,13,839,16,7,5,23,71,140,100,166,5,535,46,7,20,31,192,174,176,316,14,977,4,0,0,4,29,13,39,46,3,141,6,6,10,14,20,22,12,20,11,123,354,609,543,653,2050,2056,1263,1777,141,9437,16,49,12,3,4,5,0,9,3,98,101,1159,92,25,8,3,0,8,12,1398,68,679,217,60,22,6,3,6,21,1082,42,500,343,143,33,25,13,9,17,1123,34,323,431,241,94,40,9,22,25,1223,64,272,381,530,290,156,52,42,36,1826,63,112,225,506,687,465,106,102,37,2300,64,59,106,259,751,625,227,139,26,2254
112,11,65,80,44,25,21,3,7,4,261,11,47,102,105,71,44,16,50,5,456,18,25,70,124,239,114,67,49,15,718,24,22,37,126,264,199,138,117,11,941,13,8,31,59,165,174,131,210,9,810,13,7,5,19,57,72,73,155,10,409,9,3,0,6,21,15,27,108,3,186,3,3,3,9,9,9,7,53,3,89,7,4,5,4,9,5,3,33,3,67,0,4,3,4,0,3,3,4,0,27,3,8,7,10,13,10,8,10,6,72,119,379,426,546,879,674,481,826,75,4408,3,43,10,11,3,11,0,5,8,89,44,723,58,9,5,3,0,6,22,875,38,455,152,59,22,11,3,11,16,765,33,359,256,104,32,21,7,28,12,843,43,303,360,212,76,47,19,28,25,1108,46,238,334,446,235,127,26,65,37,1556,45,102,160,413,588,298,92,82,39,1817,33,64,67,221,484,379,142,93,16,1510
113,7,44,37,22,11,23,3,17,3,166,11,35,68,65,69,44,19,26,3,335,20,27,43,49,199,132,55,67,11,610,28,17,19,41,275,299,150,130,20,979,31,14,21,38,213,210,153,267,16,956,31,10,8,14,76,91,106,245,15,594,14,6,5,13,44,37,55,193,11,372,9,3,0,4,16,22,22,96,0,163,10,8,7,3,36,22,26,82,4,202,0,0,4,0,4,7,4,14,0,40,4,9,3,11,15,18,9,27,17,115,184,260,272,288,957,929,608,1181,112,4785,13,36,4,4,5,6,3,6,5,77,30,394,38,13,5,5,3,3,8,506,17,310,92,43,18,17,0,13,23,534,20,232,162,67,33,25,3,18,21,582,31,159,233,135,63,52,10,26,14,718,37,132,200,327,245,133,46,70,31,1215,44,65,114,273,619,418,131,111,42,1815,42,60,63,144,643,584,178,162,31,1914
114,3,30,38,13,13,5,3,3,0,119,6,29,48,65,34,31,12,10,3,246,12,28,26,60,131,69,29,28,4,383,12,14,20,44,162,119,60,61,10,507,21,10,8,37,126,107,64,114,7,485,7,3,0,14,50,39,46,110,4,279,4,5,3,3,20,20,32,92,3,180,4,0,0,3,8,11,23,51,4,111,10,0,3,5,21,15,20,58,0,128,0,3,0,0,3,3,3,8,0,24,0,3,3,5,5,12,3,10,13,53,81,218,211,272,593,447,296,554,52,2719,5,19,4,3,3,0,0,11,7,55,35,472,45,15,3,0,0,4,10,594,15,270,100,22,11,6,3,3,4,440,35,238,146,46,15,12,3,10,10,508,35,174,196,94,43,26,8,12,15,610,20,131,165,214,128,71,25,29,20,790,22,58,73,154,257,136,61,41,12,822,17,23,44,60,211,158,96,65,6,685
115,8,18,42,12,6,11,0,13,8,125,7,27,55,57,31,37,8,23,9,252,13,25,33,53,162,89,21,35,6,430,11,16,29,38,216,160,57,97,13,627,7,15,7,14,160,151,106,127,11,601,6,0,9,10,66,70,62,134,8,363,8,3,7,3,23,28,47,88,6,213,3,0,3,0,5,14,10,53,0,88,3,0,4,3,4,9,3,63,4,90,3,0,3,0,0,3,3,32,0,48,0,3,5,9,13,7,4,11,11,62,74,263,248,227,700,590,322,686,74,3189,0,34,10,3,0,3,0,4,3,57,32,613,47,7,13,4,0,3,7,734,22,344,124,26,11,3,3,4,14,552,13,197,205,56,18,11,3,7,4,521,14,122,226,99,42,18,7,11,21,553,15,96,183,250,134,66,22,26,12,798,17,37,80,170,301,148,49,35,17,858,20,30,43,70,302,217,83,50,9,822
116,10,64,138,92,57,52,8,30,22,465,32,94,160,187,243,142,53,73,36,1004,55,90,168,300,966,512,131,139,46,2405,66,85,124,313,1420,920,349,311,66,3649,74,34,74,198,993,855,454,584,47,3318,42,18,26,77,336,415,300,599,22,1829,30,8,11,32,169,234,189,536,22,1233,25,10,6,13,64,89,95,364,3,665,12,9,0,11,44,49,66,311,5,519,0,3,6,5,13,3,7,67,6,116,3,6,12,21,45,49,25,40,43,239,366,671,917,1309,4422,3356,1671,3090,352,16163,10,37,12,11,10,4,0,0,7,94,56,608,69,26,10,6,3,0,10,792,25,423,165,69,32,10,3,5,19,755,19,244,260,104,35,35,8,6,16,722,19,176,327,168,77,35,13,16,35,869,22,144,246,326,316,124,31,41,32,1290,49,105,137,288,753,328,89,77,41,1862,43,60,76,166,691,475,142,113,28,1793
117,15,105,308,173,77,90,30,68,26,892,25,85,302,332,280,207,71,113,40,1468,37,75,184,395,826,490,127,172,53,2356,77,53,138,282,938,776,292,294,66,2925,65,49,63,136,645,755,371,465,39,2581,57,27,30,59,308,406,265,402,36,1578,32,14,15,30,153,230,203,422,16,1124,30,8,19,24,109,163,117,263,12,743,43,5,23,12,151,175,121,299,6,846,7,6,7,3,11,21,18,57,3,136,8,13,15,19,36,53,19,29,47,235,434,869,1510,1625,3603,3455,1652,2636,410,16188,10,55,19,15,10,12,0,13,24,164,59,584,89,29,15,10,0,7,28,821,40,800,439,58,24,19,4,10,48,1438,59,639,1237,153,53,30,10,17,58,2260,37,450,1992,372,124,78,20,29,73,3177,67,332,1263,836,601,261,65,71,110,3595,87,171,545,701,1426,705,200,140,102,4074,79,112,293,331,1357,893,336,226,87,3701
118,0,22,41,16,8,3,3,0,7,108,4,23,47,23,21,12,8,13,6,154,3,15,20,35,75,36,16,12,4,215,11,13,27,35,84,61,25,25,6,278,17,6,7,20,72,106,49,54,7,338,20,4,6,10,43,56,72,55,4,264,5,0,3,0,27,49,43,58,3,198,0,5,0,6,14,17,17,35,0,85,0,0,0,0,3,7,9,19,0,53,0,4,0,0,0,3,0,4,0,12,3,0,0,4,3,6,3,0,3,31,73,197,218,170,348,372,244,279,50,1942,9,25,5,5,3,0,0,0,0,47,20,263,20,5,0,4,0,0,5,316,7,230,105,12,0,6,0,5,9,378,8,174,270,35,4,7,0,4,9,519,7,137,379,68,22,16,4,12,22,669,11,113,265,167,89,47,10,18,22,734,14,49,123,155,202,117,26,33,7,723,7,23,81,87,228,194,57,68,18,765
119,11,118,235,145,87,75,37,47,27,787,20,93,164,244,269,192,55,102,32,1168,27,67,98,212,762,410,147,153,50,1927,43,53,75,115,827,598,230,226,51,2214,42,34,37,62,515,452,283,337,36,1791,26,20,19,35,208,230,171,233,15,966,23,15,10,20,97,112,110,231,12,619,17,7,3,6,54,69,33,145,4,334,9,3,4,10,38,50,37,136,0,289,0,3,0,0,6,4,3,31,0,54,0,10,6,15,25,19,6,16,30,134,246,777,970,987,2951,2286,1143,1688,301,11343,9,54,17,9,8,15,0,8,4,134,73,641,78,18,8,4,0,3,9,831,37,592,225,41,17,7,5,11,21,959,25,369,451,123,36,37,4,11,30,1089,34,236,533,232,87,45,18,24,26,1237,56,232,375,456,434,213,33,45,46,1896,37,118,189,333,977,449,95,99,60,2366,38,59,124,180,826,562,180,146,50,2168
120,3,42,97,53,23,29,10,19,14,270,4,24,96,87,81,90,22,32,15,444,16,24,72,103,243,138,40,52,14,689,29,23,40,78,283,243,72,93,18,875,18,15,30,33,212,250,114,151,19,848,14,3,10,12,101,123,99,128,17,503,11,3,7,7,43,77,53,107,5,320,0,0,4,7,12,32,27,64,3,143,4,0,3,7,9,25,25,69,3,144,0,0,0,0,3,5,3,27,0,44,0,0,3,7,11,22,7,6,21,74,128,288,487,435,1028,1055,473,771,137,4802,4,28,8,4,7,3,0,6,5,68,32,335,33,5,3,0,0,0,9,416,20,279,117,23,8,3,3,3,23,475,11,201,334,60,9,18,5,8,17,655,10,140,331,116,28,24,12,9,19,690,17,91,260,193,163,76,23,15,29,857,27,59,127,159,344,174,50,42,32,1008,17,39,81,103,324,257,81,80,20,990
121,8,43,90,45,17,15,3,16,6,241,4,42,72,88,63,47,13,25,8,352,5,28,51,83,229,112,34,43,15,602,22,32,32,61,287,220,73,60,4,795,19,15,10,30,207,193,75,89,5,647,20,7,7,13,92,104,75,94,8,428,13,3,12,4,42,73,50,96,10,302,7,3,4,4,23,45,26,49,0,162,9,3,6,3,20,18,28,88,3,175,0,0,3,0,0,6,3,22,0,29,3,3,3,3,8,17,4,3,10,58,132,439,396,364,996,856,396,591,93,4253,5,29,8,3,3,5,0,3,9,72,53,705,45,22,4,3,0,0,19,847,21,480,183,37,3,7,0,7,14,754,18,305,441,83,27,24,3,8,28,931,27,213,578,155,44,41,4,13,24,1106,15,147,352,321,202,110,20,26,22,1231,32,68,176,249,483,255,65,65,28,1423,25,44,118,117,485,393,141,83,23,1420
122,0,31,58,26,24,12,4,5,7,179,6,31,74,62,79,44,10,21,7,342,12,27,55,82,248,90,44,40,11,604,15,13,31,62,318,147,68,77,6,732,21,8,18,28,196,157,89,90,5,616,11,5,3,14,84,114,57,82,3,382,7,0,0,4,38,34,58,78,3,229,4,0,3,0,13,11,17,27,0,84,0,0,3,0,8,13,5,29,0,68,0,0,0,0,4,3,0,12,0,18,0,5,4,7,13,8,4,7,5,54,90,344,332,316,1030,652,358,481,56,3657,4,35,4,7,0,0,0,5,0,56,40,607,43,8,14,5,0,0,6,733,15,303,113,19,11,11,4,5,3,477,12,159,211,54,18,16,5,3,3,476,8,110,273,84,28,16,7,7,15,550,22,92,223,180,158,52,20,13,11,771,19,56,123,139,299,165,45,46,21,918,20,43,35,88,266,252,69,61,15,835
123,4,57,67,38,25,34,9,16,12,254,9,43,68,92,147,80,27,23,11,497,26,36,75,124,513,257,82,73,27,1217,34,41,38,124,674,423,185,181,26,1717,33,29,30,65,445,377,222,314,25,1537,24,13,19,27,197,208,152,279,12,936,18,5,12,11,111,98,113,273,10,650,9,4,0,4,119,75,74,169,8,470,31,4,6,13,184,70,96,188,4,596,4,0,0,0,49,21,24,28,0,126,10,10,7,11,24,24,10,17,29,144,212,409,433,563,2522,1699,997,1585,177,8600,6,43,4,3,3,4,0,4,7,77,38,678,67,16,4,0,0,0,10,824,20,399,145,37,10,9,4,3,16,644,25,228,212,73,28,19,0,11,18,617,18,137,261,131,57,37,8,15,13,678,24,120,208,293,235,118,39,45,24,1101,32,62,88,231,575,300,85,56,21,1450,33,44,56,108,553,366,140,106,30,1442
124,9,55,88,60,37,30,7,15,3,298,18,61,99,128,139,89,16,42,14,592,23,51,80,152,466,246,88,89,34,1220,41,49,61,126,732,520,190,215,25,1958,43,27,29,53,458,427,264,397,23,1723,27,19,10,31,133,209,160,357,12,960,14,4,9,17,79,108,99,297,10,643,11,7,4,3,25,58,68,196,10,387,8,4,4,3,29,36,74,165,0,323,3,5,4,0,4,9,11,20,0,55,7,9,6,10,26,24,13,20,29,140,223,488,511,635,2165,1769,994,1837,184,8810,7,33,12,6,7,6,0,9,3,87,52,808,72,21,8,3,0,3,9,987,17,497,211,42,13,11,0,7,20,820,21,329,264,100,25,11,8,8,17,788,23,229,332,192,70,38,7,14,18,921,31,167,275,384,280,127,31,38,31,1368,29,94,146,271,620,304,93,82,31,1665,29,58,60,150,471,400,137,128,29,1464
125,18,106,260,141,93,68,14,34,26,761,33,131,215,276,420,231,56,76,51,1498,61,101,172,337,1493,667,177,156,55,3222,88,94,111,289,1785,1087,430,330,51,4257,70,61,53,146,1049,886,489,583,47,3379,26,31,19,52,417,381,288,481,17,1714,19,9,10,22,179,213,169,411,28,1057,16,4,3,9,51,114,86,269,14,565,22,7,3,7,44,73,74,275,10,517,0,0,0,4,7,11,3,57,4,90,4,18,16,9,59,53,11,34,43,257,388,929,1206,1399,5665,3841,1819,2742,390,18380,7,59,21,16,15,6,0,6,15,148,56,532,57,15,17,4,0,4,8,696,34,629,236,43,18,15,3,0,28,1017,37,397,522,121,42,31,14,15,29,1207,39,292,545,260,113,67,15,16,48,1382,58,233,459,511,644,240,58,46,60,2303,63,168,214,459,1547,675,164,107,78,3476,66,85,126,257,1268,793,320,204,69,3180
126,3,20,36,24,3,11,0,9,4,122,3,23,36,35,42,19,8,5,11,191,6,11,17,41,98,47,22,14,7,256,6,5,12,25,145,99,37,32,7,364,11,9,6,16,114,107,37,53,5,363,11,11,3,10,58,86,45,46,6,272,4,3,3,3,29,41,26,37,3,162,3,0,0,0,5,14,4,29,0,52,0,0,3,0,7,3,6,41,3,61,0,0,0,0,0,3,0,12,0,12,0,3,3,0,8,3,4,0,9,34,63,192,196,174,532,446,186,276,70,2131,6,22,6,3,0,0,0,0,8,45,20,302,33,10,7,0,0,0,10,388,15,248,102,16,5,3,0,0,16,413,11,156,171,35,5,10,3,3,10,410,13,112,267,73,19,23,6,3,11,534,8,75,192,155,93,61,20,10,17,636,14,42,88,117,219,145,34,29,20,705,8,26,45,66,208,147,48,48,12,605
127,18,73,173,83,67,46,17,22,20,506,16,84,148,225,295,144,44,49,24,1028,33,94,115,229,973,492,128,116,42,2226,57,86,88,188,1231,805,324,313,54,3142,42,45,45,97,632,613,394,581,47,2492,27,24,14,38,233,279,234,546,32,1422,27,15,10,20,90,147,138,424,9,872,3,5,4,5,49,65,68,255,7,469,14,0,3,4,24,44,51,193,3,343,0,4,8,3,16,9,4,33,4,78,0,13,8,12,47,31,14,23,36,179,270,788,868,978,3705,2705,1423,2578,307,13624,16,55,18,13,10,13,5,10,10,141,47,533,65,12,8,7,0,3,14,685,35,606,208,58,24,16,0,4,23,984,31,363,381,117,39,31,12,13,36,1016,25,242,385,220,96,54,21,10,43,1094,34,172,295,469,408,193,27,47,44,1694,38,99,175,322,903,426,105,88,65,2221,43,62,88,151,811,546,176,146,38,2063
128,5,19,27,17,9,14,3,3,3,96,3,20,38,51,43,22,4,14,0,203,8,12,29,46,152,84,31,15,7,392,4,16,14,32,158,133,62,51,10,478,14,16,15,10,154,104,75,93,13,481,8,3,7,8,56,59,49,85,8,281,8,4,4,5,27,26,26,67,0,166,6,3,0,3,19,16,21,31,0,109,4,0,0,3,11,11,10,34,0,79,0,0,0,0,0,7,0,8,0,20,0,0,0,8,13,5,0,3,10,40,60,255,193,202,649,501,290,423,50,2636,7,22,6,7,4,0,0,3,0,46,46,591,33,15,3,0,0,0,7,698,23,320,96,36,5,3,0,7,6,494,8,160,180,41,14,11,3,0,3,419,9,98,207,87,30,24,5,8,9,475,15,83,155,150,126,55,12,25,11,640,22,53,63,139,238,120,42,35,5,710,18,31,48,57,185,181,64,49,11,646
197,0,0,0,0,0,0,0,0,0,0,0,0,0,0,0,0,0,0,0,0,0,0,0,0,0,0,0,0,0,0,0,0,0,0,0,0,0,0,0,0,0,0,0,0,0,0,0,0,0,0,0,0,0,0,0,0,0,0,0,0,0,0,0,0,0,0,0,0,0,0,0,0,0,0,0,0,0,0,0,0,0,0,0,0,0,0,0,0,0,0,0,0,0,0,0,0,0,0,0,0,0,0,0,0,0,0,0,0,0,0,0,0,0,0,0,0,0,0,0,3,0,0,0,0,0,0,0,0,0,0,0,0,0,0,0,0,0,0,0,0,0,0,0,0,0,0,0,0,0,0,0,0,0,0,0,0,0,0,0,0,0,0,0,0,0,0,0,0,0,0,0,0,0,0,0,0,0,0,0,3,0,0,0,0,0,0,0,3,0,6,0,0,0,0,0,0,0,4,0,3
199,35,192,250,174,104,162,77,129,21,1142,59,169,236,273,154,232,98,267,39,1526,54,97,190,235,250,313,136,314,42,1629,74,80,142,215,282,446,185,425,48,1895,76,70,81,141,256,493,255,638,41,2042,31,34,38,65,94,251,178,478,30,1201,41,21,30,37,58,125,104,434,15,866,11,13,17,24,28,79,56,237,15,481,24,13,7,26,41,75,64,292,7,548,15,4,3,0,6,20,6,84,3,144,20,16,11,19,22,39,14,67,51,262,525,1220,1368,1406,1398,2377,1233,3496,354,13373,43,92,45,28,19,17,9,21,17,272,71,692,67,22,8,17,5,10,24,928,93,1245,358,128,46,32,10,27,42,1981,131,940,744,279,87,74,17,44,52,2361,106,752,876,479,146,176,55,76,55,2727,151,692,817,869,436,422,106,178,72,3735,138,412,573,880,662,708,182,231,61,3849,121,253,420,618,784,1074,334,399,67,4067
201,3,22,54,24,8,7,3,9,0,133,21,28,57,59,54,29,11,27,0,275,19,20,33,58,165,90,41,40,11,475,18,12,12,58,181,166,104,102,8,658,23,14,9,21,143,135,118,150,13,635,15,9,0,7,43,58,66,126,6,327,7,0,3,5,19,29,33,97,7,202,3,0,4,3,4,23,19,53,4,118,4,3,0,4,12,21,9,51,0,109,3,0,0,3,0,3,3,11,0,29,0,6,0,3,10,8,7,15,6,53,135,195,222,265,655,571,425,691,73,3230,0,26,10,11,3,5,0,6,3,66,40,489,28,8,0,5,3,5,13,595,27,380,102,30,15,4,9,14,14,592,28,244,162,67,27,9,7,20,10,571,36,182,219,125,38,11,13,8,11,634,37,153,163,276,145,68,30,40,17,931,29,68,89,207,357,153,52,50,14,1038,21,23,47,77,296,188,90,57,15,820
202,14,40,40,27,4,13,6,3,5,148,14,44,53,57,59,45,8,14,7,290,18,16,26,74,211,107,47,40,6,531,19,16,22,41,174,206,117,85,12,688,15,5,13,21,75,137,129,165,6,576,18,5,3,7,43,63,81,121,0,336,11,4,3,8,17,29,39,104,0,214,7,0,0,0,10,16,15,74,0,118,8,0,0,3,10,18,20,78,5,139,0,0,3,3,0,4,7,23,3,35,3,3,4,0,17,16,3,8,8,69,124,237,211,269,633,656,469,728,69,3394,10,30,3,8,7,4,0,6,6,66,36,595,35,11,3,0,7,0,7,697,28,341,83,24,11,4,0,8,12,508,30,228,181,69,22,17,3,9,12,569,30,181,224,121,46,27,12,18,14,669,47,155,203,301,192,104,39,27,14,1080,41,79,109,240,521,343,111,62,25,1532,33,30,39,121,361,333,151,76,16,1163
203,7,66,64,61,23,24,8,12,3,269,13,61,95,91,87,61,17,26,4,451,36,30,65,120,325,228,81,45,17,940,26,17,44,84,350,369,159,134,15,1198,19,14,22,42,208,272,195,238,16,1023,13,4,7,5,82,116,124,208,13,568,5,4,6,12,21,47,41,161,6,297,5,0,3,7,20,18,32,77,3,163,10,3,0,4,14,35,27,55,0,156,3,0,0,0,4,6,5,19,0,49,4,11,13,10,19,34,10,13,14,123,186,435,423,475,1186,1226,694,1022,104,5751,12,60,11,3,0,4,0,3,12,106,73,1069,56,12,10,4,0,8,17,1257,50,656,164,55,13,9,6,12,17,968,34,380,292,111,27,21,5,16,21,910,36,303,362,213,41,38,14,11,25,1048,37,214,276,411,207,108,32,33,26,1345,53,95,135,297,540,302,70,56,24,1574,39,60,59,148,425,382,125,104,10,1358
204,10,25,36,34,15,19,8,24,7,175,16,34,67,71,76,53,24,42,10,396,26,23,45,94,238,154,75,82,6,736,29,25,46,93,336,279,115,133,27,1083,28,8,21,43,264,238,146,215,15,987,15,6,11,21,100,130,101,193,6,585,15,6,8,4,33,63,61,139,5,335,12,0,0,3,12,18,20,78,3,147,5,0,0,0,3,27,7,58,3,110,0,0,0,4,3,8,6,18,0,38,0,10,7,0,13,17,8,18,12,87,198,221,310,397,1110,1003,581,1023,96,4936,7,36,13,5,4,4,0,15,11,93,47,581,45,22,3,10,3,6,16,736,31,388,131,47,19,18,6,13,20,673,27,285,171,76,31,27,8,20,18,660,33,203,238,155,49,36,22,30,24,789,61,178,197,318,206,120,37,59,22,1188,53,74,113,242,442,242,74,65,31,1329,47,43,64,144,359,312,156,91,18,1230
205,13,45,55,35,9,13,5,19,3,201,16,47,72,94,72,55,23,31,12,418,31,28,52,101,206,156,61,68,18,714,36,32,39,86,276,280,180,141,24,1088,36,11,24,34,200,235,207,288,15,1054,29,9,14,14,99,128,131,253,13,694,30,10,7,14,71,66,116,185,11,517,18,4,9,17,69,38,92,137,5,397,62,5,13,6,109,62,140,171,9,568,17,3,0,0,36,21,31,76,3,197,11,10,6,12,24,27,11,25,12,140,329,370,371,429,1179,1091,1008,1418,128,6327,19,67,24,10,8,9,4,18,7,157,64,912,61,18,6,8,3,12,24,1110,55,637,135,50,10,10,0,16,26,950,48,456,294,104,44,37,10,29,28,1050,62,329,375,242,63,40,22,39,29,1200,73,300,333,462,250,129,35,64,34,1684,72,116,162,402,511,273,92,107,29,1752,64,69,87,167,402,340,187,145,19,1486
206,11,125,232,141,58,48,16,25,26,679,20,100,251,243,223,147,38,49,57,1131,58,57,146,272,632,355,110,97,72,1801,69,36,93,192,695,595,223,195,56,2158,73,33,44,90,442,528,271,326,41,1852,53,19,19,37,205,284,186,268,15,1084,55,4,15,29,107,284,127,280,15,921,23,10,17,24,113,209,125,193,9,720,65,11,17,18,192,375,225,293,14,1213,10,7,6,9,22,46,43,81,3,217,5,10,18,12,45,53,23,29,51,253,499,965,1279,1167,2780,2960,1389,1880,429,13346,23,114,51,17,11,16,5,18,27,278,86,1326,156,31,11,17,4,8,66,1698,82,1548,706,101,27,22,10,18,79,2592,86,1124,1631,253,53,39,15,27,91,3311,75,708,2049,574,154,86,30,46,84,3798,77,497,1324,1192,712,289,88,92,101,4379,107,274,529,810,1490,629,192,160,119,4305,60,151,260,402,1289,805,278,230,84,3549
207,0,24,61,27,14,8,3,5,6,157,3,31,40,48,44,22,6,8,8,217,13,17,21,52,125,98,20,24,5,369,11,8,12,27,135,97,48,40,14,395,8,4,13,17,82,136,58,59,4,395,16,3,3,10,34,66,51,55,5,236,7,0,0,9,13,60,34,58,3,188,5,4,6,0,7,22,20,24,0,93,4,3,4,0,4,21,12,33,0,88,0,0,0,0,3,0,3,9,0,18,0,10,0,0,7,12,3,3,16,49,77,298,260,234,484,563,262,330,68,2575,7,31,6,6,3,7,0,3,3,69,43,784,48,10,4,0,3,4,14,918,11,589,189,43,11,5,0,0,15,870,14,354,352,77,19,10,0,9,29,862,18,220,388,128,35,17,5,16,12,838,21,146,257,227,141,43,17,30,20,908,18,74,127,226,289,114,44,33,21,940,13,42,56,91,267,172,61,56,14,772
208,9,45,106,62,32,23,7,9,9,293,17,43,102,127,190,73,23,39,21,630,18,54,59,107,628,312,84,54,22,1341,20,33,38,100,626,467,168,122,21,1594,22,33,21,48,331,364,197,158,16,1188,11,6,3,25,112,155,110,104,11,545,11,8,8,9,59,92,72,107,14,367,5,0,8,0,18,47,39,61,6,178,3,0,3,4,16,19,13,48,0,108,0,0,0,3,8,0,3,6,0,27,4,8,13,4,29,19,10,11,20,109,144,505,526,543,2085,1583,723,728,141,6975,8,50,20,8,5,5,4,6,3,113,56,960,74,12,10,3,3,3,13,1135,29,650,231,39,15,9,4,11,27,1003,13,387,413,70,40,15,3,12,16,979,34,252,402,181,65,33,9,25,23,1025,30,208,321,381,322,123,29,44,21,1476,32,106,150,333,865,324,103,55,27,1993,28,67,66,171,666,423,161,88,24,1706
209,7,65,147,93,60,28,13,21,10,440,19,44,135,174,219,133,32,62,23,841,35,46,68,179,596,378,99,101,27,1530,30,38,47,102,601,542,204,174,36,1759,40,29,22,56,420,415,255,267,28,1524,21,13,6,12,157,162,165,168,11,721,14,7,11,10,64,99,85,136,10,433,3,5,4,0,33,56,42,86,0,230,3,0,7,3,18,32,38,73,8,189,4,0,0,0,7,7,14,13,0,41,5,5,9,14,37,27,11,18,25,155,217,512,628,723,2246,1912,958,1126,189,8520,5,58,16,11,17,5,4,6,0,132,51,1203,80,20,5,3,0,4,35,1402,33,727,268,67,32,14,0,8,22,1183,32,361,394,116,43,27,7,16,29,1023,36,270,432,223,81,53,11,29,28,1169,45,217,362,415,337,159,35,43,44,1665,45,112,144,373,758,448,91,85,42,2096,41,58,64,186,683,467,156,112,43,1817
210,21,100,229,152,64,62,17,51,23,713,38,96,236,313,308,192,43,94,33,1347,56,84,174,365,995,564,148,138,48,2571,58,58,116,301,1220,987,401,326,48,3523,86,53,63,152,885,818,485,550,48,3134,42,28,19,49,378,379,299,453,18,1670,25,6,6,24,169,180,176,367,19,969,13,3,7,10,57,73,80,184,5,427,11,0,6,12,33,37,68,161,7,334,0,5,4,3,14,17,16,40,4,99,6,16,13,20,76,63,16,32,50,286,385,786,1158,1534,4243,3425,1748,2442,353,16065,16,52,20,12,6,11,0,9,7,123,43,811,57,17,8,6,3,12,15,978,37,569,198,52,15,11,9,14,26,922,20,360,377,105,27,29,7,9,26,971,32,225,485,191,80,46,17,20,35,1123,53,189,366,452,460,166,42,42,41,1820,45,123,183,414,1062,465,127,98,44,2573,43,71,94,255,926,711,242,149,45,2537
211,5,77,129,83,51,30,8,12,5,407,26,65,152,210,279,108,30,31,14,906,53,73,110,222,908,401,131,75,23,1988,53,41,51,167,1030,680,316,169,36,2544,49,35,31,82,586,504,349,339,27,2003,30,9,9,28,207,183,176,270,12,928,10,3,0,11,68,88,108,183,5,475,7,4,0,9,31,27,25,94,0,205,7,3,0,7,36,35,37,69,5,205,0,0,3,0,3,10,7,15,0,46,9,10,8,15,51,22,17,15,19,164,286,678,691,885,3298,2127,1223,1303,163,10651,11,76,6,13,4,8,0,8,9,139,100,1723,88,27,15,11,0,5,31,1995,49,1015,329,68,23,34,5,6,23,1552,39,509,471,114,54,38,14,21,21,1289,31,387,555,266,110,67,13,30,14,1473,61,318,424,559,469,170,52,53,49,2166,67,133,217,456,1123,475,176,84,48,2776,48,92,87,239,936,604,243,157,39,2456
212,23,131,300,188,109,90,26,47,23,938,42,135,321,441,603,317,78,96,54,2081,77,133,192,473,2197,1014,329,246,79,4744,116,121,154,454,2356,1591,838,575,87,6300,118,64,73,249,1316,1254,848,916,53,4886,43,34,30,103,488,519,444,757,30,2450,29,14,16,35,206,240,211,472,6,1238,15,8,5,30,94,84,118,269,3,630,15,9,11,7,61,86,101,221,8,517,0,3,12,3,13,18,10,43,0,108,9,19,16,28,111,83,35,65,62,429,555,1253,1606,2186,7654,5379,3056,3752,451,25900,16,95,33,21,25,19,11,21,18,253,100,1777,126,58,29,9,3,9,27,2136,64,1286,424,117,59,16,8,7,41,2016,65,697,773,252,91,49,18,33,56,2032,58,470,920,454,208,99,23,37,62,2332,80,415,641,899,875,404,87,89,83,3571,117,270,351,817,2253,1028,293,189,102,5420,89,122,219,417,1743,1144,476,302,67,4583
213,32,156,305,161,75,99,21,65,34,947,60,146,346,394,483,254,63,128,50,1928,101,134,298,607,1753,929,289,210,85,4397,125,134,189,433,2201,1694,719,618,117,6238,138,95,66,250,1338,1511,911,1028,96,5439,60,39,42,74,522,663,487,899,36,2824,47,22,13,37,223,322,286,665,24,1637,33,8,8,21,83,155,141,399,14,866,27,9,8,16,76,101,131,354,5,727,4,4,4,3,23,33,12,61,0,150,11,20,26,37,91,77,39,64,73,426,695,1343,1709,2205,6966,5900,3145,4556,608,27130,8,98,41,8,17,15,3,8,18,220,68,1459,108,23,8,3,3,0,40,1710,32,1076,375,98,19,21,3,9,37,1666,37,616,645,192,45,43,4,20,40,1647,42,392,656,313,109,71,25,30,44,1692,59,333,496,687,590,232,52,71,54,2563,76,187,274,574,1506,683,187,109,71,3666,67,118,134,290,1311,827,295,214,76,3330
214,0,48,49,23,12,13,0,0,0,146,11,37,50,87,70,35,11,12,7,317,19,26,39,79,207,122,36,43,5,577,20,15,19,49,283,251,113,85,11,843,14,14,15,31,133,174,105,130,14,633,6,3,0,11,52,62,88,108,5,335,5,4,9,3,14,40,46,92,0,220,10,0,3,3,12,18,36,60,3,143,3,0,3,0,8,22,32,52,3,124,0,0,0,4,5,3,0,22,0,32,0,0,3,3,15,17,5,15,8,73,113,320,267,325,815,773,486,634,75,3804,0,59,4,8,0,13,3,10,8,100,45,937,55,11,4,5,0,7,18,1079,28,498,153,44,11,3,0,13,9,762,21,304,234,81,29,13,5,7,17,711,24,224,297,187,53,47,9,8,19,858,36,212,259,380,243,99,30,33,15,1308,33,88,139,319,510,251,82,59,29,1520,31,52,58,145,431,278,130,89,27,1242
215,5,35,43,26,14,11,7,11,3,156,9,40,55,53,60,41,15,25,7,299,17,15,36,47,201,143,53,78,14,598,22,19,23,42,223,227,106,112,16,793,26,8,15,25,145,168,142,180,16,721,16,3,7,10,53,69,55,131,11,357,11,0,4,5,25,31,33,119,4,238,6,0,0,3,3,13,14,65,0,104,3,3,0,3,13,14,12,48,0,109,0,0,0,3,3,7,5,12,0,29,0,6,7,7,17,16,4,9,10,72,147,240,237,229,765,751,450,812,84,3717,15,42,11,13,5,4,0,9,3,101,33,538,36,10,9,8,0,13,11,657,31,361,111,46,16,9,4,16,17,624,25,262,167,91,34,22,10,26,24,661,27,229,214,138,66,42,24,36,24,802,45,152,191,322,249,166,48,61,25,1249,44,68,102,251,497,372,106,83,28,1553,29,29,40,117,333,371,160,133,18,1231
216,14,37,36,21,15,9,3,9,0,143,13,32,43,45,40,36,14,13,3,236,17,15,41,52,166,113,47,42,13,507,28,12,18,48,192,205,115,122,14,757,38,5,13,31,145,176,138,198,7,751,16,8,0,9,71,80,64,139,5,392,20,5,6,8,31,37,47,91,8,260,14,3,0,8,9,14,34,40,0,122,0,0,0,0,5,5,11,33,0,61,0,0,0,5,0,7,0,11,0,28,7,7,3,9,24,23,14,25,19,117,182,203,211,242,709,721,500,744,76,3581,3,22,14,4,9,9,7,10,11,87,21,454,31,17,6,3,0,9,13,554,25,238,80,33,3,5,3,10,9,408,34,208,145,53,33,18,5,15,17,529,22,152,181,135,47,36,13,21,14,615,54,110,125,270,182,122,32,41,31,969,60,61,96,229,407,246,82,62,18,1262,55,42,51,118,319,260,138,109,23,1119
217,12,23,28,24,11,14,6,10,3,123,15,25,35,51,41,37,6,31,4,239,16,18,28,53,108,79,46,45,13,402,32,14,23,46,164,161,114,103,12,668,25,13,19,30,125,185,154,216,13,783,10,4,3,13,49,75,78,196,8,434,21,4,4,8,27,63,62,123,6,326,13,4,3,7,13,18,69,88,8,221,12,0,4,3,26,23,95,73,3,243,0,7,0,0,3,5,5,16,0,38,7,3,0,4,12,18,11,12,14,79,179,183,180,248,577,682,664,934,84,3728,3,36,5,3,0,3,3,7,5,75,32,539,44,13,4,13,0,3,12,657,29,372,80,30,16,3,3,11,14,552,28,285,128,77,30,21,6,17,14,596,24,196,193,121,37,35,5,17,16,628,37,144,188,286,159,74,34,41,17,985,38,78,99,217,373,192,89,76,17,1188,45,47,58,140,356,272,138,141,25,1215
297,0,0,0,0,0,0,0,0,0,0,0,0,0,0,0,0,0,0,0,0,0,0,0,0,0,0,0,0,0,0,0,0,0,0,0,0,0,0,0,3,0,0,0,0,0,0,0,0,0,3,0,0,0,0,0,0,0,0,0,0,0,0,0,0,0,0,0,0,0,0,0,0,0,0,0,0,0,0,0,0,0,0,0,0,0,0,0,3,0,7,3,0,0,0,0,0,0,10,0,12,0,0,0,0,0,0,0,0,0,0,3,0,0,3,0,0,4,13,0,25,0,0,0,0,0,0,0,0,0,0,0,0,0,0,0,0,0,0,0,0,0,0,0,0,0,0,0,0,0,0,0,0,0,0,0,0,0,0,0,0,0,0,0,0,0,0,0,0,0,3,0,0,0,0,0,0,0,0,0,0,0,0,0,0,0,0,0,4,0,3,0,0,0,0,0,0,0,0,0,0
299,24,100,136,147,54,83,27,83,19,667,28,87,172,198,131,189,55,148,33,1037,42,67,108,194,213,225,54,185,28,1122,49,43,76,156,248,358,169,320,34,1455,45,40,39,82,161,347,163,395,31,1307,30,14,27,51,71,179,93,326,11,792,19,8,14,31,43,96,82,232,6,537,22,3,12,19,20,57,45,140,7,326,20,5,4,11,29,59,38,170,4,341,9,6,5,3,5,13,11,77,0,131,6,16,18,16,23,34,15,33,43,206,351,715,874,1041,1067,1721,768,2189,240,8963,15,80,29,24,17,16,5,16,14,217,59,630,72,23,9,15,4,11,25,848,93,1017,330,107,23,31,14,20,39,1675,84,810,579,183,79,81,16,36,44,1910,93,623,662,381,123,119,30,46,46,2124,105,505,573,659,308,297,79,129,52,2717,103,274,348,599,534,535,126,182,53,2755,98,179,208,507,550,754,252,309,58,2923
301,4,32,68,48,20,10,4,11,0,198,3,43,67,90,95,41,16,27,15,398,19,22,57,155,429,191,59,54,19,996,41,20,38,127,521,369,190,163,22,1488,26,15,23,67,278,266,228,353,16,1269,21,10,14,16,87,143,145,292,11,740,11,3,0,13,32,87,79,240,11,482,7,0,0,5,26,57,37,141,5,289,11,3,7,8,29,48,36,128,0,266,0,0,3,3,7,4,3,17,0,43,7,0,8,7,13,13,13,19,22,104,179,388,399,580,1556,1250,824,1476,131,6779,11,28,8,11,7,8,0,5,4,70,34,625,48,14,3,6,3,3,13,754,25,398,139,43,14,3,0,8,17,640,19,244,207,68,21,13,14,15,11,609,26,164,261,115,34,29,3,4,7,651,25,142,221,330,189,85,24,44,19,1074,34,85,109,324,676,279,78,65,25,1672,43,43,84,179,731,403,189,118,34,1821
302,11,54,109,78,51,28,9,15,12,363,22,53,137,193,170,82,19,61,22,750,35,33,73,263,780,323,111,75,27,1715,61,36,40,215,890,553,291,193,38,2309,62,23,21,123,537,526,344,334,24,2001,36,3,10,33,147,229,202,270,10,941,23,3,9,17,87,87,111,239,7,584,9,0,4,11,20,47,61,151,0,310,14,0,0,9,19,27,32,160,3,264,0,3,3,0,3,5,6,38,0,68,3,4,3,10,28,19,8,18,15,120,298,431,526,1004,2781,1946,1203,1585,163,9941,7,30,3,3,11,0,0,3,3,58,35,609,56,17,8,5,5,0,11,747,17,376,137,42,16,5,0,7,7,611,27,286,231,80,18,21,10,11,12,697,31,159,333,175,40,28,3,12,7,799,37,137,274,409,267,102,31,33,24,1308,58,76,141,372,867,301,100,78,34,2030,44,44,68,232,880,479,178,129,21,2066
303,11,50,142,92,49,57,13,27,12,459,20,61,173,210,177,127,46,71,19,907,54,54,147,293,798,416,140,141,42,2086,73,43,111,296,1041,817,424,313,40,3152,72,29,63,197,765,695,512,518,37,2877,59,15,19,62,346,344,288,488,24,1640,22,5,8,21,128,143,151,398,13,883,18,4,3,7,44,80,65,231,3,452,5,8,5,9,32,37,40,229,6,367,4,3,3,0,12,9,11,34,0,71,0,8,12,21,41,45,10,34,27,208,361,566,891,1298,3465,2788,1720,2520,243,13852,12,56,13,13,3,5,0,5,8,114,43,781,66,17,16,4,0,3,12,939,34,581,204,62,9,11,4,14,18,932,20,360,399,95,28,26,7,13,21,965,21,233,459,213,66,39,13,19,21,1076,51,202,347,446,282,147,39,66,30,1600,49,94,172,404,793,348,104,64,44,2083,42,58,88,222,726,434,180,145,31,1917
304,3,18,22,9,4,0,0,4,3,73,4,10,25,26,24,10,4,13,0,124,0,9,13,37,76,34,7,12,3,201,15,5,10,21,88,59,42,39,7,295,14,3,3,16,63,87,79,68,3,333,7,0,0,3,26,48,52,78,5,226,3,0,3,3,13,19,22,38,4,103,7,0,0,0,4,8,8,20,0,46,0,0,0,4,3,11,5,15,0,49,0,0,0,0,0,3,0,3,0,8,0,0,0,0,3,0,0,3,0,15,61,180,128,129,320,284,233,314,36,1677,3,28,3,0,0,4,0,7,0,39,25,497,27,4,0,0,0,0,11,567,17,307,92,28,5,3,0,0,8,459,7,162,152,29,3,9,3,3,7,380,4,98,164,75,19,9,0,10,7,388,7,86,115,176,77,27,7,17,9,519,17,44,47,130,207,63,18,27,10,548,11,18,29,66,168,100,29,43,10,480
305,8,52,79,36,16,18,0,13,14,244,12,43,70,108,88,48,18,44,17,442,19,28,44,117,275,138,41,57,22,747,25,20,33,73,311,191,89,97,21,869,27,12,25,56,203,200,128,161,16,831,22,6,9,10,88,103,80,163,10,478,25,4,3,12,50,87,54,163,3,403,7,0,3,3,29,55,40,118,6,258,17,3,0,15,70,105,71,232,10,516,10,0,0,0,6,15,9,56,0,101,3,0,4,4,17,11,4,18,23,84,201,401,404,478,1169,995,555,1146,146,5489,6,52,30,8,12,0,7,12,6,133,51,715,52,19,4,5,0,6,27,880,54,729,278,65,14,14,4,4,28,1193,30,544,619,118,25,19,5,15,38,1415,35,354,1004,265,56,38,17,18,31,1815,41,259,639,616,281,106,53,46,62,2101,35,115,277,508,782,286,81,90,49,2209,40,72,115,249,752,399,161,129,28,1942
306,8,37,70,41,28,13,7,26,4,239,14,47,80,137,84,46,30,68,7,512,29,28,50,141,299,191,90,98,18,949,20,26,27,86,392,288,203,212,23,1269,25,12,9,41,165,217,198,284,17,967,15,10,11,26,52,81,113,198,10,518,7,4,4,5,28,45,41,146,0,281,9,3,4,0,6,17,13,84,3,141,9,6,3,3,14,11,16,42,4,98,0,0,0,4,0,4,5,10,0,27,0,9,11,6,9,20,7,37,14,112,164,336,347,524,1100,954,729,1227,117,5499,14,43,6,4,8,0,0,11,5,100,33,610,42,18,3,3,3,8,23,749,23,334,165,66,23,16,5,19,28,675,36,322,283,136,42,32,3,27,20,912,36,201,343,310,71,52,24,34,39,1117,52,173,328,759,311,129,42,74,44,1924,58,101,127,548,843,344,138,119,54,2327,44,46,67,183,677,460,218,191,29,1924
307,3,31,32,21,13,10,3,25,3,134,15,32,42,56,25,36,15,55,11,294,25,17,25,60,166,81,55,111,11,547,32,19,27,51,252,160,130,203,15,886,29,9,11,37,183,131,155,352,17,936,25,8,9,16,55,81,81,336,16,620,27,13,9,5,32,59,43,309,10,502,33,11,9,10,25,30,36,280,11,440,40,4,4,4,34,37,52,310,8,495,13,0,0,0,4,9,5,81,4,123,6,7,8,8,12,18,0,33,25,116,263,255,223,296,805,675,578,2137,129,5363,10,31,8,8,8,13,5,19,8,102,26,389,48,13,9,9,4,18,21,539,21,298,88,46,17,20,3,27,8,524,17,237,145,85,22,30,5,33,12,589,25,157,168,126,43,32,11,32,19,612,33,135,167,263,183,129,47,105,34,1090,41,55,68,248,472,309,114,180,22,1522,33,43,40,129,574,384,184,296,31,1710
308,10,34,58,26,14,11,6,16,0,177,16,27,62,80,51,35,20,48,8,344,20,23,44,91,190,125,46,71,16,636,28,29,31,68,313,196,126,188,14,988,54,16,22,40,258,247,256,386,22,1309,49,24,24,32,153,165,301,515,28,1292,62,15,19,14,105,115,327,598,19,1277,84,17,25,26,118,137,346,659,26,1428,177,24,24,23,238,294,551,1268,36,2633,49,5,4,10,47,54,102,461,4,731,17,10,14,7,28,30,23,70,32,232,593,389,393,469,1525,1427,2119,4333,224,11456,8,53,6,9,3,6,3,23,5,128,46,696,65,24,3,9,5,8,17,867,49,464,148,49,13,23,7,28,11,795,27,299,244,115,34,28,14,30,24,803,48,197,316,217,59,35,10,40,12,941,47,145,214,378,202,117,39,77,25,1252,42,102,107,298,617,285,96,162,28,1743,49,74,45,145,572,344,162,214,28,1621
309,18,115,216,146,65,37,22,33,22,671,25,99,224,349,231,134,49,98,26,1231,54,66,122,371,852,389,135,154,24,2164,56,42,81,259,882,662,378,355,30,2748,43,35,42,86,405,492,413,599,32,2144,27,12,13,23,133,180,187,504,10,1093,31,3,6,27,59,82,99,371,3,682,15,7,4,13,30,29,41,254,7,392,4,0,7,3,20,33,41,194,3,307,4,0,3,5,8,5,6,41,4,90,0,8,11,15,27,35,18,36,45,187,303,816,986,1415,2749,2114,1407,2694,233,12715,17,111,30,19,5,7,0,20,8,220,73,1498,94,23,10,6,0,7,27,1739,53,989,366,108,34,19,6,19,37,1630,51,707,660,215,56,36,13,38,42,1806,58,515,884,535,126,56,24,35,44,2281,87,384,725,1145,600,256,77,111,62,3435,87,225,323,971,1380,561,195,165,53,3959,54,109,182,434,1182,758,349,296,39,3406
310,8,53,139,53,26,17,12,14,5,327,23,41,126,158,153,68,13,42,19,646,36,43,86,217,613,307,123,117,32,1576,46,37,53,167,817,579,367,308,42,2415,53,26,21,90,501,453,431,555,34,2168,41,7,11,25,181,186,181,419,22,1072,20,0,4,11,61,111,121,291,14,632,10,4,8,7,30,56,51,151,7,316,5,0,0,3,21,24,35,114,4,214,0,0,0,0,12,4,8,14,0,42,6,8,3,9,23,23,18,37,22,152,277,440,582,812,2469,1846,1360,2090,230,10106,8,41,17,7,11,12,3,3,14,110,50,734,70,24,7,7,0,9,11,913,30,498,161,57,26,14,4,14,20,820,36,305,255,110,40,15,11,10,18,797,30,210,331,211,68,40,12,23,21,955,51,195,251,531,375,159,37,60,37,1696,65,122,172,611,972,519,154,95,42,2754,64,77,106,372,955,698,285,201,40,2793
311,3,50,91,52,24,18,10,19,11,283,14,39,94,156,139,77,16,58,16,608,27,47,77,169,513,251,93,88,16,1281,34,29,43,107,599,431,193,226,30,1692,22,14,28,55,298,265,227,341,27,1274,16,7,3,19,74,107,131,262,6,623,8,3,13,11,26,75,50,180,4,371,0,3,3,4,13,16,16,99,3,167,0,0,0,3,9,17,15,88,0,136,3,4,0,0,3,6,0,17,3,41,10,6,6,6,18,14,8,26,29,120,164,428,482,660,1740,1308,766,1416,161,7119,9,53,12,6,4,7,6,9,4,112,43,669,56,21,8,7,0,0,26,820,25,447,166,60,21,12,5,8,17,758,21,271,275,120,31,18,6,17,20,779,26,223,274,201,59,38,11,21,24,869,43,156,252,439,268,135,33,73,34,1433,53,102,145,376,704,368,125,73,27,1973,36,51,76,162,569,467,182,129,26,1710
312,7,25,43,29,13,19,6,26,8,175,9,24,44,77,60,41,22,45,3,333,22,25,34,87,179,115,42,88,7,601,39,13,30,70,305,235,160,220,14,1092,64,15,34,70,229,204,212,470,20,1311,61,14,18,42,117,145,178,607,19,1212,80,14,16,32,106,121,212,926,24,1532,88,8,19,43,107,104,213,957,21,1567,298,32,46,68,244,264,496,1999,62,3502,81,8,16,24,74,58,199,494,7,965,9,3,15,13,31,35,25,115,43,280,795,321,374,583,1475,1356,1783,5991,247,12933,10,43,11,12,5,7,0,18,5,101,26,499,43,8,8,8,0,16,8,620,21,301,94,58,17,14,12,15,10,535,23,205,207,67,39,23,7,30,17,614,27,129,204,175,55,38,8,37,17,688,23,119,163,319,188,121,57,94,20,1103,37,66,71,255,392,227,117,151,28,1338,23,56,48,109,344,350,191,248,20,1391
313,3,31,52,34,14,9,8,10,4,168,8,39,78,86,63,34,12,26,9,351,13,24,44,86,223,111,45,67,10,631,23,13,21,56,267,191,110,134,12,823,17,12,16,37,139,176,137,253,13,798,14,0,9,7,52,57,71,208,5,418,11,0,4,6,20,33,30,147,4,248,4,0,0,3,9,18,14,63,0,113,4,0,3,4,7,14,5,61,0,98,0,0,0,0,3,9,3,15,0,32,0,4,3,7,12,16,5,13,6,69,110,265,295,364,819,689,443,1026,72,4083,14,32,9,13,3,9,3,3,3,90,27,660,45,27,18,6,0,9,10,807,26,364,147,88,25,13,4,6,15,685,20,232,232,139,66,38,8,15,9,766,23,189,261,216,61,53,18,12,25,847,30,170,231,403,235,107,34,50,21,1276,32,90,100,290,443,236,90,72,18,1378,39,36,43,136,385,282,123,130,30,1200
314,3,14,38,30,13,7,6,7,0,122,12,22,42,75,66,30,10,15,3,276,16,14,28,100,276,114,23,32,5,610,8,7,12,73,238,145,57,76,19,633,9,3,4,18,154,108,83,104,3,492,0,3,3,5,33,43,53,94,0,245,0,0,0,4,13,21,30,87,0,162,3,0,3,3,5,7,9,34,0,70,4,4,0,3,6,16,3,24,0,61,0,0,0,0,0,6,0,7,0,19,0,0,3,3,8,4,0,5,9,41,58,219,183,344,834,512,283,507,51,2994,4,22,11,6,0,5,3,3,3,58,31,542,47,14,3,0,3,0,6,652,13,293,96,22,8,3,0,3,4,438,11,157,116,55,10,5,9,5,4,377,15,98,132,92,21,16,8,7,7,390,20,90,127,172,113,35,20,16,14,605,22,46,54,167,248,90,33,28,9,699,21,20,28,71,256,149,57,58,8,674
315,4,12,11,15,11,9,5,14,3,80,6,17,9,18,25,27,4,32,5,144,8,5,13,22,56,38,27,60,7,243,19,5,4,20,79,84,85,76,7,380,14,10,7,20,47,92,95,206,19,518,27,7,7,7,35,48,93,190,16,433,37,4,6,3,25,48,137,265,5,532,43,7,3,4,16,31,187,305,11,607,62,14,11,0,34,34,382,535,22,1087,15,3,0,4,3,9,68,120,0,222,8,3,3,4,6,14,17,28,16,90,243,120,88,131,350,451,1111,1871,117,4474,3,19,10,3,0,9,3,23,5,65,11,117,14,7,0,0,0,24,7,186,12,118,46,39,16,19,11,20,14,298,15,87,54,38,28,24,3,36,3,284,15,80,80,93,26,37,11,61,11,397,22,71,61,133,106,95,42,138,14,692,29,31,34,93,163,153,66,221,19,806,23,22,24,52,144,155,65,231,9,725
316,9,69,117,68,20,26,6,20,4,342,12,50,120,175,92,55,28,31,11,567,18,24,59,176,290,130,71,85,9,857,34,25,35,111,326,224,136,176,17,1090,17,23,14,43,197,181,180,314,11,986,18,3,10,15,41,79,93,266,13,542,11,4,0,6,24,34,47,162,3,295,0,0,3,0,9,13,24,90,7,146,5,0,3,7,4,17,15,76,0,132,0,0,0,4,0,9,0,37,3,52,0,8,3,8,16,9,11,23,15,96,151,473,476,659,1051,792,611,1288,98,5605,9,54,8,10,8,9,0,12,11,128,48,1023,63,25,7,11,0,3,18,1207,47,684,224,75,34,21,6,18,26,1145,32,478,399,161,52,38,15,16,25,1215,48,339,464,312,78,72,17,27,20,1377,42,294,415,619,283,131,65,86,30,1963,44,131,183,575,607,321,100,116,33,2108,24,66,75,254,554,341,201,155,25,1702
317,3,20,36,23,15,13,5,10,3,125,9,35,33,72,46,21,11,17,3,252,18,14,31,89,215,111,57,59,5,596,20,16,16,58,220,200,119,120,14,785,26,8,4,29,121,125,148,264,6,743,13,4,3,9,51,65,65,227,5,448,16,3,6,3,21,32,32,209,4,327,13,0,0,8,17,27,35,135,4,235,26,0,3,0,9,14,21,139,0,209,4,3,0,3,3,0,0,42,3,61,3,0,0,6,9,9,3,15,7,55,174,180,169,321,733,631,510,1255,67,4038,5,23,3,7,4,3,0,0,0,49,27,460,33,11,15,6,0,0,14,565,22,296,101,41,16,3,4,11,16,507,16,207,151,71,17,17,8,8,14,500,17,135,211,138,44,23,6,13,8,596,21,118,164,337,222,94,35,47,20,1042,31,68,81,281,439,226,92,80,21,1317,22,29,45,115,381,268,134,126,17,1141
318,7,48,72,53,18,14,16,29,4,256,16,44,50,103,77,62,37,67,14,472,28,30,44,129,284,165,75,116,16,896,39,28,24,77,445,265,178,215,25,1292,38,12,20,49,274,323,258,346,19,1343,33,12,9,25,115,180,196,297,16,869,26,10,6,16,53,78,110,243,9,541,11,5,7,7,29,61,69,170,5,371,14,3,7,5,51,45,57,170,8,365,3,0,0,0,3,8,6,32,4,56,5,4,5,8,20,14,17,25,25,118,232,387,325,526,1393,1236,1026,1738,155,7021,5,41,22,10,14,5,9,18,7,123,54,735,38,13,4,8,3,10,12,877,40,441,144,52,22,13,4,16,21,763,23,300,224,100,32,24,8,22,21,748,29,236,310,231,51,34,20,28,10,945,39,198,212,434,211,122,34,65,25,1347,35,85,97,321,562,220,94,108,16,1553,40,38,61,131,513,319,170,171,22,1479
319,7,56,104,62,26,36,4,43,3,335,15,58,98,142,88,75,23,67,10,575,15,31,48,130,304,193,83,108,20,945,34,23,35,90,342,276,187,209,26,1222,31,9,17,44,252,184,197,339,11,1094,18,3,3,14,84,73,78,284,7,578,7,8,9,5,37,35,66,210,5,386,4,0,0,7,11,28,32,136,3,235,16,0,0,8,14,33,27,164,6,271,3,0,0,3,3,7,4,22,0,51,5,3,4,10,18,20,12,26,26,120,210,433,430,569,1217,988,739,1679,133,6393,7,61,16,13,10,12,0,19,13,150,44,710,48,37,12,9,6,17,22,912,36,536,166,93,42,32,6,29,27,958,46,441,293,170,88,49,20,50,29,1162,35,340,382,297,128,83,38,60,32,1380,51,273,358,548,323,215,66,101,36,1969,52,125,169,528,713,390,157,146,47,2336,65,59,54,232,589,468,267,211,36,1971
397,0,0,0,0,0,0,0,0,0,0,0,0,0,0,0,0,0,0,0,0,0,0,0,0,0,0,0,0,0,0,0,0,0,0,0,0,0,0,0,0,0,0,0,0,0,3,0,0,0,3,0,0,0,0,0,0,0,0,0,0,0,0,0,0,0,0,0,0,0,0,0,0,0,0,0,0,0,0,0,0,0,0,0,0,0,0,0,3,0,3,0,0,0,0,0,0,0,3,0,3,0,0,0,0,0,0,0,0,0,0,0,0,0,0,3,3,3,7,0,14,0,0,0,0,0,0,0,0,0,0,0,0,0,0,0,0,0,0,0,0,0,0,0,0,0,0,0,0,0,0,0,0,0,0,0,0,0,0,0,0,0,0,0,0,0,0,0,0,0,8,0,0,0,0,0,0,0,0,0,0,0,0,0,0,0,0,0,0,0,5,0,0,0,0,0,0,0,0,0,0
399,16,85,110,87,34,54,25,67,14,488,23,58,122,132,81,97,41,143,18,718,34,52,86,157,161,142,85,263,25,1000,48,34,55,134,187,237,143,333,26,1186,42,24,35,116,156,278,193,536,42,1430,40,16,21,42,60,152,135,466,25,964,44,15,15,28,42,91,79,419,10,739,34,6,13,13,22,46,65,341,5,559,59,17,10,17,17,38,60,471,4,688,32,6,3,5,7,14,16,134,3,217,8,10,15,17,22,26,13,51,37,201,429,568,640,843,813,1232,878,3333,234,8983,23,57,19,27,16,8,4,25,11,190,66,543,55,26,6,8,3,6,19,742,75,897,234,109,24,35,12,25,31,1444,84,745,471,220,70,56,25,52,31,1752,76,572,591,348,112,126,29,70,39,1959,82,499,628,687,300,232,67,159,54,2721,92,276,329,673,537,434,193,246,50,2827,86,179,255,496,611,646,276,419,45,3025
401,11,48,57,33,20,8,3,12,6,203,15,27,64,94,72,24,9,26,6,349,16,20,37,109,212,83,45,31,13,573,14,12,22,64,270,182,93,66,18,737,21,13,7,26,139,131,94,122,7,557,15,3,5,8,52,71,51,117,3,323,17,3,6,12,37,71,39,105,0,292,6,3,0,3,12,28,11,48,4,122,7,3,0,0,15,19,14,58,5,121,0,0,0,0,3,9,6,16,0,35,0,3,3,9,14,12,0,8,4,54,145,375,299,406,855,656,369,633,82,3823,11,64,12,10,4,0,0,5,3,121,66,1247,74,7,7,8,3,3,22,1439,44,950,254,71,20,15,6,10,24,1385,35,609,448,156,37,12,3,12,33,1345,58,387,633,321,76,28,19,25,28,1569,46,283,458,666,262,104,48,38,40,1947,49,136,171,507,633,243,66,53,36,1901,40,63,85,190,567,288,179,109,26,1554
402,5,51,124,94,22,36,11,29,7,381,21,54,120,208,183,102,24,40,9,765,45,46,91,302,773,278,118,82,27,1753,66,37,70,259,1037,541,327,211,31,2580,58,32,34,92,704,492,397,414,26,2251,30,9,9,34,177,178,215,334,10,1001,18,3,0,20,62,93,107,207,4,518,13,3,7,7,23,41,39,151,3,286,8,0,4,9,29,36,39,114,4,238,0,3,0,4,4,6,16,23,0,55,7,10,6,12,42,7,9,19,18,130,305,481,633,1119,3085,1834,1306,1650,161,10584,14,49,9,21,15,3,0,17,7,133,69,1117,63,27,17,6,0,3,19,1319,45,816,258,93,21,17,3,10,20,1282,38,466,405,170,43,24,4,13,24,1201,36,343,513,291,103,44,17,28,23,1400,54,272,404,680,396,144,54,55,45,2100,58,127,217,511,1166,423,190,116,43,2854,54,81,83,255,1079,548,292,138,35,2557
403,9,42,75,46,26,11,3,6,0,227,12,43,66,113,72,39,11,19,0,375,17,24,27,97,286,91,38,40,3,631,19,16,23,55,344,200,109,77,10,863,23,9,16,22,246,146,136,108,9,718,3,5,3,11,70,49,56,84,0,279,8,3,3,4,28,27,25,72,4,158,3,0,3,3,3,9,8,36,0,64,3,0,3,5,3,10,5,39,3,63,0,0,0,0,4,3,3,10,3,24,0,8,3,9,19,7,5,6,0,49,126,386,332,399,1118,593,410,494,49,3907,10,45,7,5,6,4,0,3,5,91,59,1158,92,41,31,6,4,7,23,1420,27,692,217,66,28,8,0,3,16,1061,29,409,294,112,36,13,9,12,18,928,42,309,396,250,71,33,22,14,22,1158,46,219,286,449,220,70,26,33,18,1370,50,93,131,275,452,166,65,44,15,1291,21,40,49,136,390,265,132,73,12,1120
404,12,77,136,88,52,24,14,38,5,451,22,80,139,259,238,102,36,67,8,953,52,45,84,297,959,365,144,96,29,2073,69,37,69,246,1249,672,416,209,31,2993,80,25,47,94,678,493,511,439,17,2381,40,19,17,38,192,190,226,347,16,1082,16,11,3,16,111,90,117,277,5,649,14,7,7,8,48,49,61,196,8,393,7,0,3,6,47,68,57,176,11,368,4,0,0,0,7,9,7,24,0,60,0,8,6,8,28,25,21,18,19,147,358,580,705,1136,3659,2113,1616,1918,179,12263,4,43,9,10,7,3,0,4,4,90,40,685,47,21,11,0,4,3,14,829,29,574,176,57,15,5,3,4,13,886,28,437,258,103,34,24,7,7,24,917,36,299,384,215,70,33,11,14,25,1093,45,208,305,552,352,105,45,32,35,1677,64,125,158,507,993,320,115,72,42,2391,42,70,67,222,983,518,248,127,25,2305
405,0,18,34,28,4,9,0,6,6,106,5,27,41,39,22,22,9,16,0,191,8,28,18,45,93,50,28,37,3,314,22,11,25,38,124,147,91,77,9,546,28,12,10,29,111,150,117,143,8,606,12,0,4,9,49,69,173,128,5,459,5,7,3,4,26,34,105,100,3,276,3,0,4,3,10,6,14,53,3,97,0,0,3,8,0,11,6,38,0,63,0,0,0,0,3,0,0,13,0,21,0,0,0,4,10,12,11,5,16,56,105,207,187,214,459,536,564,623,58,2946,0,33,7,3,8,5,4,12,4,70,27,392,34,16,3,4,0,8,15,501,24,289,88,47,14,8,4,12,14,506,20,243,143,78,20,19,10,19,12,554,26,198,216,125,47,33,12,20,7,691,32,154,157,250,109,75,24,34,20,845,36,74,71,189,294,158,53,48,13,940,32,30,20,80,344,281,103,68,10,973
406,6,13,22,15,8,3,5,7,0,81,4,25,35,36,18,15,10,22,4,177,4,19,13,28,73,30,11,21,3,211,11,9,17,25,97,87,47,55,11,352,22,19,5,8,101,77,100,167,9,501,19,5,4,10,56,62,70,176,9,411,39,8,16,10,70,71,105,340,6,662,56,7,15,9,63,27,84,384,14,655,65,15,15,5,80,38,129,554,6,913,11,3,5,4,4,4,18,86,3,137,5,0,9,3,6,3,11,17,11,70,259,190,190,178,584,433,587,1842,73,4341,0,6,0,4,3,8,0,6,3,35,19,248,19,13,5,7,0,8,8,323,12,203,58,37,11,8,3,17,18,377,9,171,117,57,12,13,3,5,10,406,15,111,138,105,17,17,7,18,15,443,19,79,112,154,76,47,14,43,21,558,20,39,44,125,128,85,35,64,10,552,25,13,28,56,138,129,58,72,13,529
407,10,46,58,37,19,17,3,19,0,211,11,43,73,86,79,31,19,39,5,385,20,33,51,92,236,149,69,62,14,724,36,29,35,70,289,256,151,160,14,1034,33,7,17,28,184,207,176,311,25,1002,28,6,6,11,54,77,72,255,12,528,14,4,0,3,26,35,67,178,4,332,7,0,0,4,20,22,30,76,0,157,10,0,3,3,16,5,13,41,3,93,0,3,0,3,3,3,0,18,4,32,3,9,5,4,16,13,9,18,6,82,202,303,324,374,944,840,621,1194,92,4891,8,46,12,7,12,13,3,14,8,132,46,660,48,27,11,6,5,9,12,827,42,518,164,69,37,16,9,33,24,908,40,377,246,113,60,34,12,29,17,935,32,305,291,213,88,55,28,25,17,1053,70,219,259,439,311,199,67,70,35,1663,79,114,123,351,830,514,178,142,34,2349,80,66,73,154,614,622,237,205,30,2085
497,0,0,0,0,0,0,0,0,0,0,0,0,0,0,0,0,0,0,0,0,0,0,0,0,0,0,0,0,0,0,0,0,0,0,0,0,0,0,0,0,0,0,0,0,0,0,0,0,0,0,0,0,0,0,0,0,0,0,0,0,0,0,0,0,0,0,0,0,0,0,0,0,0,0,0,0,0,0,0,0,0,0,0,0,0,0,0,0,0,0,0,0,0,0,0,0,0,0,0,0,0,0,0,0,0,0,0,0,0,0,0,0,0,0,0,0,0,3,0,7,0,0,0,0,0,0,0,0,0,0,0,0,0,0,0,0,0,0,0,0,0,0,0,0,0,0,0,0,0,0,0,0,0,0,0,0,0,0,0,0,0,0,0,0,0,0,0,0,0,0,0,0,0,0,0,0,0,0,0,3,0,0,0,0,0,0,0,0,0,0,0,0,0,0,0,0,0,0,0,0
499,5,30,43,24,17,9,3,24,4,164,10,19,40,36,23,31,17,42,8,222,8,11,23,54,54,38,19,53,8,254,18,10,18,35,60,72,55,84,3,358,14,7,14,20,47,79,46,129,4,358,14,0,5,14,14,29,33,109,3,221,13,3,0,12,7,17,15,97,3,171,13,0,0,3,8,10,8,57,3,106,15,0,4,7,7,11,11,88,3,154,8,4,0,0,0,3,0,24,3,39,0,0,0,5,7,5,0,17,8,41,136,171,221,260,260,319,213,760,59,2402,16,24,11,5,6,0,3,3,3,75,22,274,22,8,10,5,0,3,3,341,35,422,98,49,12,3,3,14,9,639,31,315,187,103,26,29,9,13,5,713,23,227,217,168,40,26,10,17,21,753,35,205,180,263,131,83,35,36,21,988,30,85,111,241,222,182,52,64,14,991,40,69,77,170,181,193,90,108,15,939
501,15,39,31,20,4,10,4,6,9,135,15,34,68,53,32,18,11,26,3,248,22,27,54,60,120,83,35,31,9,437,31,23,28,69,183,158,96,99,14,710,44,15,15,46,167,182,169,216,6,846,46,12,19,15,71,100,153,230,10,659,40,11,18,7,72,85,172,291,12,708,28,3,3,6,66,59,173,228,10,579,59,10,10,7,170,86,380,254,15,1002,3,3,0,4,9,6,39,24,4,93,6,3,0,4,8,13,12,24,17,85,332,281,320,325,906,803,1254,1438,116,5769,10,49,9,8,0,3,0,10,7,103,47,607,40,26,3,4,9,8,19,759,42,461,97,32,16,14,4,14,8,690,47,348,212,77,18,22,11,24,28,781,32,239,275,168,55,46,9,17,13,853,44,202,238,354,152,96,32,45,19,1179,52,106,110,361,400,213,69,66,23,1393,49,64,60,183,399,266,138,118,18,1293
502,0,19,25,11,0,8,4,7,3,69,4,12,29,28,17,4,4,12,0,109,5,10,16,45,42,17,3,17,5,162,6,6,8,27,48,25,37,16,0,168,4,5,9,19,40,43,27,34,4,188,10,4,0,5,32,30,23,46,0,147,14,3,3,4,49,26,39,40,4,169,9,0,0,7,64,24,27,33,4,172,18,4,0,3,150,15,57,40,3,284,3,0,3,4,14,0,3,12,0,45,0,0,4,0,5,4,3,8,3,27,84,131,137,165,464,189,231,265,41,1702,0,16,3,0,0,0,0,0,0,28,13,287,20,0,4,0,0,7,0,330,17,201,49,19,0,0,0,3,6,293,5,140,112,35,6,3,4,4,6,321,14,98,116,58,5,13,10,9,0,315,21,66,91,112,40,24,6,11,6,374,19,27,32,86,105,40,19,20,4,353,6,14,25,37,70,50,13,24,4,240
503,4,38,43,20,7,3,3,9,6,144,5,33,46,59,24,23,0,16,11,221,12,18,37,55,89,65,17,19,13,323,16,8,37,50,152,107,37,34,6,444,21,16,20,34,124,166,56,94,16,538,21,4,5,12,57,75,46,100,11,337,23,4,8,5,23,96,53,116,3,332,29,7,4,3,12,51,31,158,3,304,76,13,4,11,18,50,88,338,19,628,47,3,4,3,12,25,38,175,3,318,6,4,5,3,3,5,3,11,10,54,279,329,289,294,537,675,378,1079,110,3975,13,39,17,6,6,6,3,0,7,101,36,674,52,13,0,0,0,3,20,795,33,638,194,34,11,9,0,3,12,934,29,474,483,100,22,7,3,6,21,1143,32,280,695,166,32,26,9,10,22,1272,35,193,424,413,173,64,25,36,28,1406,34,99,199,319,326,186,47,41,24,1273,28,63,94,186,339,285,93,92,24,1206
504,5,48,89,49,19,23,10,14,8,265,10,42,72,101,91,55,16,39,12,440,22,28,54,112,340,205,45,67,8,875,28,31,40,92,557,344,182,141,26,1438,43,24,26,72,393,386,264,315,20,1541,23,12,16,36,175,200,208,319,12,993,24,10,11,14,95,107,138,307,11,713,13,4,6,9,28,56,51,178,3,351,23,3,4,6,35,42,33,234,7,392,0,0,4,3,3,11,6,47,0,68,3,4,8,3,24,13,7,15,19,89,213,433,437,544,1776,1445,969,1698,146,7659,8,51,9,14,3,7,4,5,7,100,32,717,51,18,9,10,7,3,7,858,37,506,164,48,14,6,4,0,15,789,23,318,317,90,24,14,3,3,13,805,29,216,351,165,54,29,8,8,14,871,32,165,235,332,194,77,18,30,16,1101,29,86,97,268,442,217,62,46,25,1277,20,53,65,148,458,350,133,86,15,1325
505,9,55,108,68,33,25,6,13,14,330,16,53,99,137,114,52,17,44,15,550,23,46,81,144,320,176,61,51,8,900,34,34,31,120,473,360,163,121,12,1346,34,20,35,94,395,330,237,179,21,1344,28,14,19,32,161,162,178,153,8,759,22,3,11,13,96,98,124,160,8,530,13,4,12,16,23,46,52,108,5,276,15,5,7,13,27,29,22,142,4,279,14,9,4,5,10,10,9,46,4,104,3,8,8,8,24,21,5,26,14,113,239,705,577,706,1694,1331,886,1072,133,7352,19,83,21,17,11,7,0,5,3,160,65,1460,79,33,7,9,0,3,21,1684,37,986,261,51,16,5,7,6,28,1398,49,625,490,123,30,16,6,4,4,1356,32,364,594,239,59,47,17,22,21,1398,63,265,416,519,311,115,39,50,20,1797,53,147,203,482,673,316,77,63,33,2050,55,93,125,234,630,447,172,139,32,1919
506,15,102,199,129,54,38,19,47,10,612,42,120,225,294,199,112,35,86,19,1141,56,82,159,408,829,416,119,133,43,2247,89,82,107,335,1346,956,501,287,37,3736,107,53,63,211,1105,993,721,650,65,3970,71,23,30,83,454,488,482,616,21,2267,38,21,19,41,210,249,330,576,20,1508,50,17,12,17,84,118,132,428,10,862,68,10,18,31,78,104,149,555,19,1033,16,10,6,8,21,28,47,96,6,236,10,12,7,24,43,44,36,47,41,263,605,968,1105,1676,4470,3614,2586,3583,318,18924,15,78,27,18,11,10,4,11,14,188,71,1279,83,36,18,14,4,5,15,1531,44,959,309,79,25,12,3,12,33,1475,59,618,550,158,32,19,13,15,23,1481,42,404,711,304,77,55,15,25,30,1664,54,318,551,690,362,154,56,56,45,2272,58,173,256,570,883,393,133,100,53,2614,56,100,145,333,868,558,268,187,48,2555
507,15,59,97,51,14,14,12,10,5,271,18,69,101,159,93,46,10,27,16,535,19,37,66,188,290,166,60,41,21,885,39,43,54,150,546,429,166,114,17,1548,52,29,46,90,530,472,334,313,32,1895,41,19,26,41,221,235,234,307,5,1135,30,14,19,29,139,159,182,309,16,911,42,8,9,15,78,85,128,279,13,649,52,15,10,16,183,105,157,390,7,931,18,3,3,0,14,16,12,71,4,148,3,11,5,0,26,27,11,19,20,127,360,640,568,782,2154,1756,1312,1907,176,9647,11,60,18,12,8,4,3,12,11,141,63,1174,79,17,8,7,0,0,14,1351,39,834,228,63,9,13,5,10,26,1228,45,539,446,109,31,16,4,8,14,1213,30,308,542,231,51,40,9,14,22,1242,54,268,442,502,251,107,26,36,26,1707,47,127,180,438,573,288,101,63,25,1844,47,80,90,220,589,456,164,139,28,1821
509,3,33,36,18,7,12,0,6,3,130,13,29,56,34,21,32,16,32,5,242,11,28,50,59,77,54,35,47,3,365,38,19,29,50,114,139,80,116,3,583,34,18,16,32,112,143,134,260,9,763,14,11,13,9,55,77,80,233,7,507,48,3,5,10,32,45,87,299,5,539,53,16,10,6,23,40,80,269,12,511,69,18,19,17,59,39,115,507,12,848,8,11,6,10,8,11,9,79,3,141,4,5,3,3,3,9,9,28,7,79,309,287,290,270,520,621,651,1901,73,4917,3,37,10,11,3,4,3,15,8,100,26,305,33,11,0,9,3,14,12,414,30,313,87,42,10,18,5,18,12,525,27,267,158,63,20,28,6,33,7,615,23,173,166,113,34,34,18,22,12,590,27,165,173,232,105,108,37,63,18,926,55,89,86,156,273,203,85,98,16,1077,51,54,58,116,220,329,177,170,31,1195
510,8,10,14,7,3,6,3,5,3,59,5,9,7,12,7,12,5,16,7,86,13,4,9,31,24,22,14,44,13,174,23,7,7,35,33,50,27,111,12,302,59,18,20,32,71,74,71,363,14,722,82,15,7,21,46,60,85,501,24,839,147,30,17,19,56,74,118,849,17,1323,197,27,32,23,45,52,116,1283,37,1811,574,101,75,53,117,95,458,3927,91,5499,260,46,40,28,33,46,219,1849,28,2553,17,6,0,4,3,5,17,141,38,232,1390,318,239,280,453,506,1138,9159,292,13771,9,18,7,0,4,3,3,14,0,56,9,110,10,3,3,3,4,9,7,162,14,93,41,33,9,10,5,14,9,229,11,57,55,33,11,7,4,18,12,202,0,47,61,48,20,13,4,21,7,226,17,27,57,105,51,46,15,61,15,399,17,16,42,102,107,74,42,92,9,497,38,27,30,67,103,97,69,243,20,690
511,11,21,17,24,11,0,3,9,0,100,15,26,41,46,25,28,17,31,8,224,24,10,22,52,57,47,30,63,11,313,35,17,15,35,98,130,64,124,7,525,34,17,9,31,86,132,134,306,14,761,48,19,10,5,40,106,129,416,17,787,85,22,19,11,49,68,152,774,26,1201,112,20,30,16,38,54,156,994,27,1439,206,46,39,17,81,89,245,1807,38,2569,48,16,6,3,13,21,55,408,9,572,8,4,3,3,5,10,12,72,28,160,631,289,243,265,510,697,990,5031,194,8864,4,13,3,13,7,5,3,12,7,63,19,274,25,9,3,3,0,9,11,353,30,236,71,41,6,13,3,11,19,432,25,195,129,57,22,16,6,15,13,466,22,103,148,112,35,32,7,20,13,489,32,99,113,229,69,56,32,57,19,700,24,50,57,162,155,115,50,75,14,709,22,22,29,71,143,131,75,155,17,662
597,0,0,0,0,0,0,0,0,0,0,0,0,0,0,0,0,0,0,0,0,0,0,0,0,0,0,0,0,0,0,0,0,0,0,0,0,0,0,0,0,0,0,0,0,0,0,0,3,0,4,0,0,0,0,0,0,0,3,0,3,0,0,0,0,0,0,0,3,0,3,0,0,0,0,0,0,0,9,0,9,5,0,0,0,0,0,0,59,0,62,10,0,0,0,0,3,0,79,0,100,0,0,0,0,0,0,0,3,0,5,16,3,0,3,0,4,4,154,3,188,0,0,0,0,0,0,0,0,0,0,0,6,0,0,0,0,0,0,0,6,0,0,0,0,0,0,0,0,0,0,0,0,0,0,0,0,0,0,0,3,0,0,0,0,0,0,0,0,0,3,0,0,0,0,0,0,0,0,0,3,0,0,0,0,0,0,0,6,0,6,0,0,0,0,0,0,0,3,0,7
599,15,46,44,56,14,18,4,55,6,268,18,47,58,88,34,43,32,93,9,426,14,33,53,59,53,61,27,101,7,420,35,27,39,63,86,111,53,144,17,571,32,24,27,60,83,114,93,237,14,686,35,13,16,31,45,85,65,261,10,566,47,12,7,23,26,53,45,316,7,546,57,12,4,17,20,32,48,315,16,521,114,17,17,28,31,40,54,674,24,989,71,14,11,8,5,22,26,224,3,377,7,5,8,7,8,19,10,34,7,105,474,379,372,501,411,635,474,2511,142,5905,5,47,23,15,8,9,3,6,4,113,37,363,23,13,3,4,3,9,10,455,44,510,104,50,14,25,0,7,14,764,37,409,218,85,15,30,8,12,8,826,49,247,242,121,45,35,15,23,12,784,45,222,239,287,107,97,35,41,11,1093,61,171,173,275,171,179,38,71,28,1173,61,94,137,263,212,288,93,177,27,1342
601,6,40,69,40,14,20,5,28,6,232,17,35,74,93,74,50,15,43,6,404,18,38,49,105,283,147,60,50,19,770,30,20,28,69,320,258,151,126,23,1027,36,13,13,28,173,194,167,141,14,776,14,6,3,9,54,77,74,109,6,353,18,9,3,4,32,38,160,86,3,357,4,0,4,0,9,17,48,29,3,116,9,0,0,4,8,10,10,17,0,57,3,0,0,0,0,3,3,8,0,19,3,0,0,3,17,6,7,5,13,61,159,348,327,406,1010,836,712,646,105,4552,5,42,5,3,0,3,0,3,5,71,48,644,33,11,3,3,0,7,13,768,50,547,140,41,8,12,5,9,10,810,21,366,220,68,28,17,5,7,19,752,38,256,321,186,55,26,10,13,14,929,42,218,280,360,189,88,31,42,26,1272,39,82,136,286,466,209,74,56,25,1377,44,53,46,140,402,332,101,88,20,1224
602,10,36,46,30,10,14,7,14,4,165,12,24,63,70,63,38,19,22,7,312,18,26,37,101,246,131,53,53,18,680,30,15,17,67,283,213,120,87,15,855,36,6,16,26,169,137,113,153,15,674,16,8,12,15,65,46,101,110,6,367,14,3,10,8,43,31,55,126,7,298,6,3,4,3,20,25,74,43,0,179,0,0,0,0,14,11,23,25,3,72,0,0,4,3,3,4,0,3,0,19,10,3,4,3,8,6,5,8,9,57,171,250,282,348,934,679,580,657,82,3979,9,15,5,9,3,4,3,10,3,57,32,389,31,10,4,3,3,3,14,489,21,341,113,48,10,5,5,8,13,562,20,249,157,63,25,13,8,12,17,554,29,173,211,136,47,30,5,16,20,672,47,141,200,306,216,89,21,44,24,1087,54,56,101,245,413,169,48,54,21,1160,27,21,37,108,293,200,78,66,10,850
603,0,10,18,8,0,3,4,0,0,39,0,18,7,12,12,6,8,8,0,66,4,3,8,13,38,19,6,9,3,95,3,7,5,10,36,35,14,19,3,126,3,9,3,3,21,18,25,27,0,102,0,0,0,0,5,3,12,14,0,40,0,0,0,0,10,8,10,14,0,33,3,0,0,0,0,0,0,3,0,10,0,0,0,0,4,0,0,8,3,14,0,0,0,0,0,0,0,0,0,3,0,0,0,3,3,3,0,0,0,11,16,63,50,47,126,107,71,99,9,600,0,4,4,0,0,0,0,3,0,11,5,63,3,4,3,0,0,0,0,85,10,75,32,13,4,3,0,3,3,141,3,63,42,17,4,6,0,3,3,144,4,52,49,30,9,12,7,9,3,172,11,40,44,65,31,46,8,15,6,269,13,23,23,71,102,68,16,35,11,356,7,8,8,27,70,91,20,30,3,278
604,3,32,44,19,17,12,3,6,0,148,3,25,48,61,41,38,9,17,3,253,18,13,20,46,155,107,37,40,8,458,26,10,18,43,188,152,93,86,8,618,29,14,12,19,99,117,134,189,8,613,15,4,5,15,39,62,83,150,8,372,21,3,3,3,39,37,65,161,7,342,11,4,0,3,19,7,55,82,8,193,12,0,0,3,3,17,65,74,7,179,3,0,0,0,3,0,6,10,3,30,5,3,3,5,10,10,11,7,4,56,169,200,216,243,611,565,568,833,68,3480,4,20,3,6,0,0,0,0,3,43,30,351,33,4,10,6,0,9,12,454,29,290,75,29,12,9,3,18,11,477,31,233,136,56,20,8,3,4,5,498,34,164,175,118,40,27,7,17,7,583,42,146,165,228,166,75,30,46,24,924,40,59,75,224,336,170,67,63,13,1045,30,31,30,98,254,259,99,89,11,903
697,0,0,0,0,0,0,0,0,0,0,0,0,0,0,0,0,0,0,0,0,0,0,0,0,0,0,0,0,0,0,0,0,0,0,0,0,0,0,0,0,0,0,0,0,0,0,0,0,0,0,0,0,0,0,0,0,0,0,0,0,0,0,0,0,0,0,0,0,0,0,0,0,0,0,0,0,0,0,0,0,0,0,0,0,0,0,0,0,0,0,0,0,0,0,0,0,0,0,0,0,0,0,0,0,0,0,0,0,0,0,0,0,0,0,0,0,0,0,0,5,0,0,0,0,0,0,0,0,0,0,0,0,0,0,0,0,0,0,0,0,0,0,0,0,0,0,0,0,0,0,0,0,0,0,0,0,0,0,0,0,0,0,0,0,0,0,0,0,0,0,0,0,0,0,0,0,0,0,0,0,0,0,0,0,3,0,0,0,0,6,0,0,0,0,0,0,0,0,0,0
699,3,6,17,8,5,7,0,12,4,57,3,11,10,16,12,12,6,20,0,99,8,6,11,14,12,40,15,25,3,124,6,6,3,7,20,37,14,35,4,142,6,3,9,10,16,25,30,65,3,168,3,4,7,3,5,19,11,46,0,113,3,0,0,0,4,9,6,37,3,59,4,0,0,0,0,0,4,10,0,24,4,0,0,0,3,4,0,13,0,29,0,0,0,0,0,0,0,8,0,16,0,0,0,3,0,4,0,3,3,13,53,71,70,78,83,161,93,294,25,932,0,4,3,0,0,0,0,0,0,9,6,58,4,0,0,0,0,0,3,67,17,115,27,15,4,4,0,3,3,186,9,96,58,16,4,4,0,3,3,197,13,89,60,27,12,10,7,5,6,229,11,54,48,77,23,24,11,14,8,274,9,29,33,41,52,45,19,28,8,256,9,14,24,27,39,62,30,32,4,241
701,3,19,34,19,13,7,3,3,4,99,7,12,39,47,38,23,9,21,3,206,5,6,21,49,109,56,19,28,6,308,18,15,16,45,220,132,67,83,13,607,19,11,12,35,181,176,142,157,20,756,22,3,5,30,108,117,97,150,11,550,13,4,9,4,86,69,47,118,4,356,12,3,0,7,33,25,31,147,3,259,27,5,8,3,14,23,20,365,4,474,13,3,3,9,10,4,13,224,6,279,0,3,0,5,5,10,5,23,12,71,143,131,198,254,838,654,452,1332,106,4113,3,24,9,7,3,0,3,5,7,63,14,191,23,9,0,3,0,5,11,258,8,142,50,17,10,9,0,3,8,249,5,109,113,40,17,0,3,9,9,313,5,64,199,78,27,14,5,18,13,426,24,55,130,171,97,46,13,24,15,584,22,37,38,173,241,129,56,69,17,782,22,28,45,78,237,214,86,106,12,828
702,4,9,18,12,6,3,5,4,3,63,3,6,15,29,32,22,3,14,11,124,8,3,10,16,48,26,9,21,3,145,7,12,3,8,52,39,18,56,5,213,7,6,4,6,32,40,24,78,10,219,7,8,3,11,16,24,27,110,0,212,25,3,3,4,16,27,27,136,5,243,27,3,8,3,14,12,20,135,4,218,68,6,8,5,16,14,42,336,5,505,13,3,0,0,0,5,5,67,4,97,3,4,3,3,9,0,0,32,8,69,171,101,93,119,255,223,189,1018,60,2230,4,10,8,6,0,5,0,8,0,45,14,89,7,18,7,9,0,7,8,164,6,82,66,46,21,21,3,15,11,263,3,45,40,32,25,13,8,10,4,193,9,28,33,39,39,29,0,19,5,203,14,34,48,108,111,75,15,77,16,501,15,20,20,70,144,107,46,132,12,569,9,25,22,35,136,130,44,167,12,578
797,0,0,0,0,0,0,0,0,0,0,0,0,0,0,0,0,0,0,0,0,0,0,0,0,0,0,0,0,0,0,0,0,0,0,0,0,0,0,0,0,0,0,0,0,0,0,0,0,0,0,0,0,0,0,0,0,0,0,0,0,0,0,0,0,0,0,0,0,0,0,0,0,0,0,0,0,0,0,0,3,0,0,0,0,0,0,0,4,0,4,0,0,0,0,0,0,0,0,0,0,0,0,0,0,0,0,0,0,0,0,0,0,0,0,0,0,0,3,0,4,0,0,0,0,0,0,0,0,0,0,0,0,0,0,0,0,0,0,0,0,0,0,0,0,0,0,0,0,0,0,0,0,0,0,0,0,0,0,0,0,0,0,0,0,0,0,0,0,0,0,0,0,0,0,0,0,0,0,0,0,0,0,0,0,0,3,0,0,0,0,0,0,0,0,0,0,0,0,0,3
799,0,3,3,0,0,0,0,3,0,10,0,0,3,7,0,0,3,4,0,18,3,0,0,4,3,7,3,6,0,24,3,3,3,3,4,3,3,8,0,38,8,0,3,3,13,6,9,27,0,60,3,3,0,0,3,4,5,17,0,41,6,0,0,0,3,3,0,19,0,28,0,0,0,0,0,4,5,20,0,34,3,0,0,3,0,0,3,41,0,52,3,0,0,0,0,4,0,19,0,25,0,0,0,0,0,0,0,5,3,9,37,19,17,16,32,35,27,171,6,362,0,0,3,3,0,0,0,0,0,10,0,13,3,0,0,0,0,0,0,16,0,21,5,0,0,0,0,0,0,24,6,20,8,6,0,0,0,0,0,39,3,18,8,5,0,0,0,0,0,36,4,13,10,10,8,12,0,4,3,59,3,0,8,16,0,10,9,9,0,55,6,0,3,12,9,26,3,17,0,82
801,12,36,60,35,19,18,5,18,14,202,14,37,49,61,60,48,14,27,16,323,22,36,31,86,160,122,40,35,14,547,23,27,24,78,229,216,127,116,15,858,25,29,18,67,186,191,168,183,12,879,28,27,16,29,99,175,124,176,7,690,25,9,5,16,32,77,77,167,9,415,13,8,3,7,11,19,24,83,0,169,8,5,0,5,12,20,13,46,0,112,0,0,0,3,3,0,3,13,0,22,0,4,4,3,6,11,5,15,7,53,183,466,315,417,845,908,605,871,114,4730,16,50,17,4,0,5,3,0,3,100,72,898,62,12,11,3,0,3,18,1086,28,547,165,48,12,6,4,3,33,842,23,292,255,95,19,15,3,5,17,729,30,190,445,169,49,35,14,16,20,965,22,169,330,397,198,100,32,35,22,1298,34,85,126,265,451,249,58,61,24,1354,33,63,91,160,469,362,133,123,23,1456
897,0,0,0,0,0,0,0,0,0,0,0,0,0,0,0,0,0,0,0,0,0,0,0,0,0,0,0,0,0,0,0,0,0,0,0,0,0,0,0,0,0,0,0,0,0,0,0,0,0,0,0,0,0,0,0,0,0,0,0,0,0,0,0,0,0,0,0,0,0,0,0,0,0,0,0,0,0,0,0,0,0,0,0,0,0,0,0,0,0,0,0,0,0,0,0,0,0,0,0,0,0,0,0,0,0,0,0,0,0,0,0,0,0,0,0,0,0,0,0,0,0,0,0,0,0,0,0,0,0,0,0,0,0,0,0,0,0,0,0,0,0,0,0,0,0,0,0,0,0,0,0,0,0,0,0,0,0,0,0,0,0,0,0,0,0,0,0,0,0,0,0,0,0,0,0,0,0,0,0,0,0,0,0,0,0,0,0,0,0,0,0,0,0,0,0,0,0,0,0,0
899,0,3,5,3,3,6,0,6,0,27,0,0,8,8,3,3,4,9,0,35,4,4,8,3,10,7,3,16,0,58,4,7,4,4,8,15,7,19,0,76,3,3,5,3,6,20,9,27,0,77,0,0,0,0,0,3,4,26,0,38,0,0,0,0,3,9,0,9,0,23,0,0,0,0,0,0,4,5,0,11,0,0,3,0,0,0,0,7,0,12,0,0,0,0,0,0,0,0,0,0,0,0,0,3,0,0,0,0,3,8,12,32,45,42,47,70,41,112,3,401,3,3,0,3,0,0,0,0,0,12,7,21,5,3,0,0,0,0,0,32,0,33,11,9,0,3,0,0,3,65,4,33,10,5,0,0,0,0,0,56,3,27,23,14,0,6,3,7,0,79,8,22,35,24,14,9,6,3,0,114,3,14,26,31,15,26,9,9,4,137,0,6,10,19,29,49,7,12,0,146
901,0,0,0,0,0,0,0,0,0,4,0,4,0,0,3,0,0,0,0,10,0,0,0,0,12,4,0,0,0,21,0,0,0,0,7,3,0,7,0,18,0,0,0,0,13,0,0,0,0,18,0,0,0,0,3,4,0,6,0,18,4,3,0,0,5,4,3,3,0,22,4,0,3,0,3,0,3,3,0,14,6,0,0,0,6,0,0,6,0,21,0,0,0,0,0,0,0,0,0,0,0,0,0,0,0,0,0,0,4,9,10,15,3,11,51,24,15,38,11,165,0,0,0,0,0,0,0,0,0,0,0,13,0,0,0,0,0,0,0,12,0,9,3,3,0,0,0,0,3,24,3,11,5,3,3,0,0,0,0,27,0,3,4,3,0,0,0,0,0,19,3,7,0,17,15,7,0,3,0,41,0,3,0,9,18,9,0,4,0,47,0,0,7,3,12,6,4,5,0,39
997,0,0,0,0,0,0,0,0,0,0,0,0,0,0,0,0,0,0,0,0,0,0,0,0,0,0,0,0,0,0,0,0,0,0,0,0,0,0,0,0,0,0,0,0,0,0,0,0,0,0,0,0,0,0,0,0,0,0,0,0,0,0,0,0,0,0,0,0,0,0,0,0,0,0,0,0,0,0,0,0,0,0,0,0,0,0,0,0,0,0,0,0,0,0,0,0,0,0,0,0,0,0,0,0,0,0,0,0,0,0,0,0,0,0,0,0,0,0,0,0,0,0,0,0,0,0,0,0,0,0,0,0,0,0,0,0,0,0,0,0,0,0,0,0,0,0,0,0,0,0,0,0,0,0,0,0,0,0,0,0,0,0,0,0,0,0,0,0,0,0,0,0,0,0,0,0,0,0,0,0,0,0,0,0,0,0,0,0,0,0,0,0,0,0,0,0,0,0,0,0
999,0,0,0,0,0,0,0,0,0,0,0,0,0,0,0,0,0,0,0,0,0,0,0,0,0,0,0,0,0,0,0,0,0,0,0,0,0,0,0,0,0,0,0,0,0,0,0,0,0,0,0,0,0,0,0,0,0,0,0,0,0,0,0,0,0,0,0,0,0,0,0,0,0,0,0,0,0,0,0,0,0,0,0,0,0,0,0,0,0,0,0,0,0,0,0,0,0,0,0,4,0,0,0,0,0,0,0,0,0,0,0,0,0,0,0,0,0,0,0,3,0,0,0,0,0,0,0,0,0,0,0,0,0,0,0,0,0,0,0,0,0,0,0,0,0,0,0,0,0,0,0,0,0,0,0,0,0,0,0,0,0,0,0,0,0,0,0,0,0,0,0,0,0,0,0,0,0,0,0,0,0,0,0,0,0,0,0,0,0,0,0,0,0,0,0,0,0,0,0,0