SA3_CODE_2016,Tot_1750_1999_A_55_64,Tot_1750_1999_A_65_74,Tot_1750_1999_A_75ov,Tot_1750_1999_Tot,Tot_2000_2999_A_15_19,Tot_2000_2999_A_20_24,Tot_2000_2999_A_25_34,Tot_2000_2999_A_35_44,Tot_2000_2999_A_45_54,Tot_2000_2999_A_55_64,Tot_2000_2999_A_65_74,Tot_2000_2999_A_75ov,Tot_2000_2999_Tot,Tot_3000mo_A_15_19,Tot_3000mo_A_20_24,Tot_3000mo_A_25_34,Tot_3000mo_A_35_44,Tot_3000mo_A_45_54,Tot_3000mo_A_55_64,Tot_3000mo_A_65_74,Tot_3000mo_A_75ov,Tot_3000mo_Tot,Tot_PINS_A_15_19,Tot_PINS_A_20_24,Tot_PINS_A_25_34,Tot_PINS_A_35_44,Tot_PINS_A_45_54,Tot_PINS_A_55_64,Tot_PINS_A_65_74,Tot_PINS_A_75ov,Tot_PINS_Tot,Tot_Tot_A_15_19,Tot_Tot_A_20_24,Tot_Tot_A_25_34,Tot_Tot_A_35_44,Tot_Tot_A_45_54,Tot_Tot_A_55_64,Tot_Tot_A_65_74,Tot_Tot_A_75ov,Tot_Tot_Tot
10102,176,26,3,881,0,11,209,361,409,214,38,9,1255,3,0,38,139,206,103,37,10,537,32,17,36,35,49,36,26,3,224,1049,1360,3120,3003,3237,2328,706,138,14949
10103,93,17,4,384,0,0,59,119,134,88,11,7,419,0,3,21,50,72,49,8,4,212,24,17,24,33,26,34,16,7,184,636,1145,1812,1642,2074,1640,579,129,9660
10104,239,40,4,887,0,4,81,203,293,238,44,9,872,0,3,25,81,120,120,40,7,401,39,36,52,69,81,111,30,9,433,1526,1467,3222,4337,6027,5764,1424,210,23971
10105,176,19,3,718,3,15,106,178,260,173,51,5,788,5,0,19,66,88,68,32,22,298,18,21,27,44,59,45,18,11,244,875,1079,2393,2525,3074,2471,788,179,13372
10106,106,42,0,442,0,4,66,140,149,108,37,19,527,3,5,19,56,108,69,41,24,319,18,17,43,31,41,35,32,11,223,749,925,1712,2105,2501,2138,908,251,11285
10201,646,78,5,2902,0,15,384,945,1048,697,125,16,3235,0,10,97,366,508,373,108,25,1496,86,85,149,170,226,162,56,14,952,4099,5362,10540,11943,13672,10467,2418,282,58776
10202,397,41,4,2002,4,8,307,694,724,434,69,4,2240,5,13,89,285,317,217,56,9,984,67,63,117,122,162,132,45,8,721,3601,4475,8586,9484,10445,7616,1586,166,45957
10301,234,40,5,1134,0,7,167,345,412,273,43,3,1250,0,0,42,89,127,124,41,8,438,34,34,47,56,71,49,16,9,314,1260,1992,3777,3837,4221,3357,998,174,19613
10302,182,61,7,886,0,11,203,300,334,226,44,11,1123,0,3,39,111,164,131,57,20,527,29,29,72,69,78,67,58,30,437,1184,1715,3582,3948,4691,4125,1434,449,21121
10303,195,21,7,982,0,38,426,519,498,269,31,7,1800,3,12,147,199,234,143,38,7,790,24,22,44,59,68,58,20,14,311,950,1295,3195,3471,4147,3188,916,212,17373
10304,287,41,9,1552,0,21,425,681,613,337,57,5,2138,0,8,77,267,270,166,58,20,861,37,30,59,86,84,69,32,17,412,1472,2003,5109,5392,5460,4150,1236,262,25090
10401,177,21,4,700,0,5,87,207,224,165,20,6,718,0,3,39,74,91,81,29,7,319,21,15,33,59,58,58,14,12,269,1010,1125,2320,3176,3984,3599,838,181,16229
10402,344,37,3,1381,0,7,167,424,486,324,57,6,1469,0,3,49,154,187,153,57,4,616,44,45,73,67,118,99,26,12,493,2110,2506,5621,6530,7748,6508,1413,186,32611
10501,113,25,4,541,0,20,229,215,200,112,32,10,823,0,4,48,106,117,72,30,11,378,7,22,34,39,57,52,39,19,268,306,702,2030,1768,2180,1816,640,189,9636
10502,126,15,0,523,0,8,141,153,196,161,21,0,678,0,0,23,43,54,54,10,4,196,11,19,20,35,43,48,15,6,206,402,658,1601,1421,1722,1618,365,64,7862
10503,313,60,16,1506,0,14,237,428,498,357,48,12,1593,8,3,73,149,187,164,60,19,666,41,46,91,104,116,115,66,36,606,1610,2376,5674,5434,6164,5138,1591,413,28401
10601,316,36,3,1956,0,58,959,1308,1074,654,65,8,4128,0,7,249,458,449,247,69,10,1488,51,50,99,100,139,79,26,12,551,2157,2916,6863,7171,7079,4973,1151,219,32521
10602,247,35,3,1319,0,14,265,496,485,307,47,6,1616,0,5,72,201,235,170,50,9,737,31,49,74,81,85,64,19,0,396,1989,2685,5642,5640,5681,3878,819,111,26438
10603,313,37,5,1704,0,13,378,633,665,359,40,5,2096,0,4,70,206,258,167,45,4,749,42,45,68,75,85,69,19,4,401,1729,2408,5374,5596,6060,4320,966,151,26611
10604,142,26,0,904,0,27,509,623,621,280,30,9,2098,4,3,122,219,238,143,25,7,755,16,20,53,62,55,69,9,14,300,761,1180,3135,3160,3281,2302,571,151,14535
10701,437,37,0,2001,0,18,390,799,982,529,40,3,2758,3,6,66,228,318,216,30,3,878,19,42,82,96,98,76,22,8,445,1438,2484,5069,5915,6913,4807,784,85,27505
10702,3,0,0,7,0,0,6,4,4,4,0,0,19,0,0,0,0,0,0,0,0,3,0,0,0,0,0,0,0,0,0,0,9,26,11,14,11,0,0,63
10703,215,16,3,1000,0,8,132,354,346,224,35,9,1099,5,0,40,138,130,90,26,4,427,33,44,55,72,58,40,20,8,322,2047,2556,4179,4701,4921,3553,738,105,22804
10704,568,75,7,2809,0,14,528,1235,1168,775,109,9,3836,0,8,143,507,579,390,91,5,1736,65,89,114,138,152,115,24,12,717,3205,5879,10672,11230,11316,7686,1480,180,51659
10801,90,18,4,324,0,4,35,107,111,87,23,4,372,0,0,12,31,42,46,13,8,157,25,15,9,41,44,39,10,3,173,623,590,1264,1686,2201,2009,542,85,8994
10802,147,20,3,644,0,7,65,179,183,131,26,4,586,0,4,28,67,77,68,24,3,276,18,20,42,46,60,58,31,8,277,916,1054,2228,2827,3544,3283,858,159,14864
10803,0,0,0,6,0,0,0,5,0,3,3,0,10,0,0,0,0,0,4,0,0,7,0,0,0,3,3,0,0,0,10,6,14,41,52,45,41,15,7,216
10804,250,27,3,1272,0,4,196,434,460,304,45,9,1449,3,3,58,187,225,155,50,0,680,45,35,66,100,111,86,26,19,484,1794,1904,4459,5637,6841,5430,1259,187,27511
10805,189,16,4,632,0,3,69,142,171,164,42,3,585,0,3,17,63,88,83,24,3,293,33,23,28,55,80,65,17,22,322,1036,1190,2492,3006,4147,3711,1007,185,16770
10901,271,40,7,1303,0,9,192,408,511,325,39,10,1491,0,4,41,137,208,175,50,3,632,37,50,74,89,114,88,35,6,491,1900,2600,5497,5526,6229,4899,1213,193,28059
10902,44,6,0,245,0,4,34,82,81,56,15,4,273,0,7,11,22,35,37,21,3,127,12,3,17,20,26,28,14,6,122,215,388,794,950,1234,1152,318,70,5128
10903,127,24,4,544,4,0,71,171,193,162,30,5,646,0,0,18,65,84,81,33,8,290,26,22,43,48,77,88,46,19,365,906,1215,2547,2847,3581,3506,1106,249,15957
11001,162,38,6,719,0,3,77,238,345,263,61,3,990,0,0,18,84,120,116,38,11,390,20,31,42,49,54,50,38,15,301,997,1506,2713,2816,3472,2868,971,227,15561
11002,118,35,9,468,0,7,57,128,150,96,30,8,470,3,5,17,33,58,80,31,7,235,12,24,20,34,60,71,42,29,295,756,960,1978,2441,3020,2790,1075,318,13344
11003,111,37,3,525,0,10,128,181,171,102,28,8,634,3,0,55,112,129,120,24,10,451,25,27,42,35,58,56,40,11,295,552,841,2139,2178,2413,2066,679,160,11022
11004,336,43,5,1623,0,22,401,611,623,389,46,13,2106,6,4,103,207,255,195,52,11,835,69,35,105,95,121,126,54,28,632,2067,2730,6770,6688,7389,6063,1707,363,33764
11101,313,37,10,1686,0,6,249,610,576,366,68,5,1878,3,7,80,278,296,197,53,13,923,72,67,103,103,147,80,23,7,589,3471,4744,8164,8052,8438,5852,1194,151,40066
11102,198,29,4,831,0,17,205,309,314,261,40,7,1149,0,4,78,163,191,155,31,3,612,24,40,49,50,54,49,17,3,292,1037,1598,3331,3596,3934,3260,757,86,17597
11103,1099,120,6,6018,0,49,1461,2786,2741,1672,178,18,8918,4,20,308,1192,1318,920,160,26,3945,90,137,268,269,264,173,61,12,1269,4612,9756,21734,21608,22083,15177,2615,332,97925
11201,277,46,8,1105,0,7,116,368,366,297,78,11,1245,4,7,52,178,228,178,75,18,728,44,38,78,102,110,88,45,11,515,1719,1953,4704,6097,6864,5898,1514,254,28993
11202,302,39,4,1141,0,8,127,329,399,330,60,10,1261,0,3,44,125,193,184,42,14,603,37,34,63,71,86,93,35,17,427,1755,2047,4320,5543,6906,6176,1569,301,28625
11203,275,48,6,1168,0,8,154,304,365,257,44,12,1136,4,4,48,143,189,133,35,12,568,38,49,79,79,120,92,22,8,498,1815,2131,4565,5656,6650,5761,1354,225,28163
11301,164,31,3,877,0,11,151,256,310,201,32,8,977,3,3,33,109,142,137,29,15,471,36,44,77,78,109,85,28,11,467,1283,1811,4202,4094,4750,3759,1062,244,21208
11302,62,8,3,297,0,8,56,104,131,82,11,0,399,0,6,8,31,37,37,9,0,131,10,3,16,18,24,33,9,7,122,300,392,970,1141,1368,1253,385,93,5902
11303,397,68,16,2075,0,10,357,706,677,499,78,13,2343,4,5,80,235,320,268,97,17,1028,61,75,112,122,125,135,51,28,713,2819,4444,8301,7938,8403,6754,1841,389,40886
11401,351,37,7,1615,0,13,209,549,548,383,57,10,1771,7,3,92,169,228,177,54,11,733,52,49,84,93,141,98,39,10,573,2223,2901,6039,6561,7736,6464,1490,204,33614
11402,206,53,9,860,3,3,100,254,348,250,70,16,1046,0,4,22,104,161,149,90,19,545,30,33,37,71,82,56,28,16,346,1328,1498,2889,3228,4134,3341,1277,257,17950
11501,518,107,11,3468,3,29,1057,2026,1560,859,172,4,5705,0,7,282,1188,1192,629,160,19,3483,46,93,169,164,163,97,40,0,785,3411,5560,11830,12955,11708,7607,2145,210,55429
11502,106,27,5,469,0,3,66,146,173,116,40,3,558,0,0,13,76,125,90,30,3,340,11,29,28,33,49,30,10,4,187,824,989,1642,1879,2345,1703,623,128,10127
11503,41,6,0,173,0,0,11,44,46,44,10,8,168,0,0,10,12,33,16,10,0,81,7,7,18,26,27,11,11,0,112,281,366,648,791,965,708,290,63,4114
11504,83,16,3,470,0,6,117,163,153,79,8,3,531,0,3,45,100,70,44,13,4,281,25,27,41,24,42,29,6,0,189,1282,1407,2144,2225,2026,1340,342,49,10804
11601,496,73,4,2548,0,17,519,916,863,544,92,6,2952,7,9,123,386,467,307,78,8,1376,55,84,151,168,143,114,25,10,744,2618,4458,10251,10438,10024,7127,1504,132,46554
11602,163,22,0,849,0,10,153,307,288,161,28,0,954,0,3,37,112,114,51,13,3,337,21,21,39,56,42,21,12,0,212,1223,1533,3179,3458,3074,1827,472,37,14801
11603,459,61,0,2612,4,24,551,1098,1000,571,79,0,3330,7,13,124,417,449,275,64,3,1355,64,94,159,153,159,124,21,4,781,2215,4036,10252,10765,10086,6444,1168,72,45040
11701,634,87,6,4045,0,37,1243,2297,1935,1039,149,10,6710,5,11,416,1554,1612,864,94,11,4574,24,99,203,189,207,134,32,8,904,1515,4921,14401,14752,13847,8162,1562,156,59315
11702,201,54,3,1182,0,6,266,442,456,259,52,4,1483,0,3,63,201,233,130,55,13,693,6,26,73,70,78,42,13,7,325,789,2246,6305,5240,4988,3431,950,109,24057
11703,3619,687,82,38283,16,437,24047,29182,16707,7968,1364,137,79864,16,170,9858,28799,22856,9815,2000,251,73756,171,618,1929,1510,1156,651,210,52,6305,7721,46283,165776,129764,86324,46820,10980,1312,494980
11801,403,152,31,2826,4,44,917,1462,1079,637,245,49,4437,7,21,372,974,1130,731,363,111,3708,33,81,197,152,156,99,58,17,790,2015,6015,14080,10347,8690,6038,2626,556,50369
11802,467,83,12,3063,0,20,800,1298,1154,737,174,21,4200,0,4,146,650,815,570,210,25,2418,27,54,149,133,122,93,33,11,621,1240,3943,10798,9250,8190,6015,1822,237,41500
11901,600,87,13,3122,3,22,608,1210,1157,738,128,15,3876,3,9,123,491,622,375,127,19,1774,55,127,224,194,238,128,44,0,1009,2671,5396,13092,13292,13515,9390,2096,215,59670
11902,182,42,0,1070,0,8,234,399,349,237,60,8,1291,4,4,76,197,231,138,42,11,707,30,52,123,101,122,62,18,5,511,1093,2587,6525,6310,6420,4390,1012,137,28474
11903,273,36,8,1372,0,7,266,459,484,320,82,13,1629,0,4,76,223,261,180,65,16,825,42,51,79,78,81,66,22,8,427,1754,2722,5851,5484,6010,4291,1156,162,27424
11904,330,61,3,1786,0,8,487,766,742,444,84,6,2538,0,7,112,392,506,262,91,19,1384,26,42,127,104,101,64,28,7,489,1223,2890,7838,7318,7148,5068,1414,172,33062
12001,304,61,5,1994,0,12,676,1326,922,506,94,11,3548,0,13,230,887,853,387,102,21,2488,23,59,104,100,89,64,26,8,485,1270,3055,8691,8034,6790,4326,1155,143,33463
12002,190,54,10,1238,0,10,289,595,587,336,91,12,1920,0,9,96,344,399,253,105,7,1211,16,35,77,65,57,34,18,0,302,691,2039,5154,4811,4353,2973,989,139,21143
12003,610,117,17,3086,0,15,752,1326,1398,900,168,20,4571,7,10,184,622,721,472,146,24,2187,34,83,154,143,163,114,34,3,735,2086,4830,12369,11155,11535,8329,2026,293,52624
12101,701,181,26,5319,3,35,2261,3550,2401,1407,299,28,9989,3,15,627,2589,2832,1450,368,57,7947,52,99,269,237,228,136,48,24,1089,2525,7438,21393,18947,15634,10307,2976,412,79642
12102,290,62,3,1503,0,12,307,578,602,407,74,7,1983,0,4,81,259,325,217,66,16,976,30,45,59,68,76,54,17,0,358,1968,2781,5126,5521,5860,4360,1199,164,26979
12103,414,135,23,1890,0,15,357,714,870,608,191,37,2792,0,3,97,449,808,532,215,48,2151,16,54,68,80,104,75,28,17,451,1728,2670,5282,5620,7244,5238,2091,415,30282
12104,614,155,16,5889,0,41,3272,4892,2856,1385,316,41,12808,3,16,1118,4204,4060,1866,460,91,11825,34,87,246,219,178,113,61,13,944,1759,6391,22262,20190,14628,8302,2762,437,76727
12201,106,42,6,659,0,0,155,304,307,179,47,13,1004,0,3,53,249,295,198,77,19,892,8,25,38,47,62,23,15,11,227,789,1459,3117,2818,2767,1936,717,142,13738
12202,210,46,8,1032,0,8,199,395,464,286,97,22,1462,4,3,67,272,364,259,113,28,1111,27,31,70,65,79,69,23,3,368,1467,1948,3727,4220,4732,3557,1293,203,21155
12203,534,104,9,2893,0,20,674,1450,1271,723,170,18,4320,0,12,201,863,1048,550,134,29,2843,44,71,150,143,179,133,45,10,788,3183,4667,10902,11719,11962,8036,2473,390,53333
12301,146,24,0,1018,0,5,200,364,293,165,31,4,1057,3,4,46,145,148,93,14,3,456,44,45,73,59,61,53,9,3,347,1897,2293,4263,4434,4115,2731,573,54,20360
12302,474,65,0,2439,0,16,445,875,848,562,91,5,2841,3,16,100,322,357,245,54,11,1101,63,94,184,156,163,94,35,4,793,3150,4864,10144,10409,10449,7545,1537,127,48221
12303,106,21,0,634,0,20,204,314,262,200,19,0,1008,0,7,90,157,115,87,19,3,479,18,18,19,46,48,29,14,4,197,713,854,1972,2281,2172,1627,394,70,10075
12401,224,43,0,836,0,6,87,233,306,247,48,8,928,0,0,29,91,126,89,30,3,361,35,24,34,54,54,59,20,5,293,1414,1629,2734,3432,4241,3631,1132,143,18364
12402,0,0,0,0,0,0,0,0,0,0,0,0,0,0,0,0,0,0,0,0,0,0,0,0,0,0,0,0,0,0,0,3,4,6,0,0,0,0,0,17
12403,487,89,9,2669,0,23,466,921,897,638,112,6,3067,4,17,124,364,429,290,80,12,1319,84,87,172,159,162,114,21,9,809,3889,5118,10210,10211,9893,7437,1645,166,48565
12404,186,21,3,1007,0,11,182,344,423,251,44,6,1267,0,5,26,114,158,90,21,3,420,20,34,66,53,65,46,17,3,305,1208,1749,3367,3470,3834,2727,640,77,17064
12405,200,28,3,964,0,10,133,291,291,202,37,4,961,0,3,37,100,141,84,23,3,385,17,40,71,56,69,51,14,0,307,959,1618,3949,4113,4119,2893,550,65,18256
12501,540,81,6,3633,0,33,979,1900,1566,885,128,6,5493,4,30,244,783,863,529,121,14,2578,36,74,206,153,178,88,25,5,761,1320,4546,14491,13261,11721,7460,1440,118,54362
12502,234,58,0,1198,0,9,267,577,550,337,63,11,1810,0,3,82,274,340,222,32,9,953,13,39,64,51,54,46,9,5,291,761,1586,4189,4498,4604,3323,735,106,19802
12503,468,75,7,2479,0,22,452,964,949,595,93,9,3075,0,10,111,347,412,275,82,10,1239,37,94,176,167,178,115,30,0,802,1749,4229,11462,11554,11427,8135,1698,146,50394
12504,1111,185,3,6679,3,29,1778,3137,2796,1721,255,20,9730,3,15,371,1391,1544,974,213,22,4531,64,151,343,291,274,151,40,13,1318,3087,8463,23794,22257,19634,13387,2927,251,93799
12601,134,34,3,652,0,10,155,271,286,227,49,3,1003,0,0,43,135,168,139,41,7,524,4,18,25,25,24,32,7,3,134,558,1025,2127,2150,2249,1811,553,99,10563
12602,899,170,16,6822,3,41,2738,5267,3608,1720,274,22,13665,0,12,815,3494,3504,1600,231,44,9703,61,130,253,250,253,158,42,11,1158,2883,7491,21830,23273,19169,11474,2591,329,89040
12701,130,13,0,868,0,3,161,299,263,147,21,0,895,0,3,24,83,122,63,11,0,310,10,27,53,66,59,45,14,0,271,1032,1625,3517,3564,3513,2176,485,64,15978
12702,489,100,7,2576,0,17,441,810,818,528,103,5,2721,3,4,90,265,394,291,82,8,1137,53,116,167,177,196,147,33,4,891,2533,5083,11548,11329,11878,8330,1757,158,52616
12703,478,75,6,3098,0,28,831,1237,964,600,101,9,3773,7,9,175,490,570,344,96,26,1719,56,113,204,200,173,126,33,3,906,2824,5725,13133,12760,11739,7964,1558,171,55883
12801,385,77,10,1863,0,9,361,793,727,471,123,10,2501,4,8,138,420,478,303,125,21,1498,54,80,131,114,125,103,32,6,651,3238,4696,8140,8045,7971,5995,1739,246,40078
12802,300,59,9,1487,0,8,246,561,564,381,82,8,1847,7,3,66,214,275,178,59,4,795,33,61,64,81,83,58,18,7,412,2197,2569,4733,5350,5737,4445,1156,110,26306
19797,0,0,0,4,0,0,3,4,3,0,0,0,11,0,0,3,5,4,3,0,0,16,0,0,0,0,0,0,0,0,0,3,10,17,17,24,12,3,0,86
19999,809,155,3,5734,6,126,1511,2096,1788,912,192,19,6656,9,32,447,885,904,477,154,26,2935,122,267,560,603,663,510,140,48,2919,6211,13764,29922,30661,32366,23838,5925,690,143365
20101,423,40,4,2089,0,10,351,609,748,516,67,8,2308,3,15,85,324,372,257,54,8,1111,66,72,98,155,166,110,30,11,715,2910,4824,9254,9513,10020,7486,1534,189,45726
20102,51,17,0,211,0,0,29,59,73,58,8,0,228,0,4,7,23,31,37,18,3,126,4,16,16,21,25,28,11,9,134,363,546,1056,1388,1735,1527,574,125,7308
20103,45,13,3,194,0,0,21,57,65,43,13,0,200,0,0,8,17,26,28,8,3,86,9,7,15,24,33,25,15,8,135,392,487,953,1239,1657,1514,480,107,6828
20201,333,53,3,1801,0,17,308,590,681,392,60,7,2053,9,11,77,265,290,220,52,9,929,60,86,112,85,130,128,34,13,645,2757,4279,8400,8275,8909,6879,1359,175,41022
20202,108,22,8,493,0,3,71,164,176,124,30,5,581,3,3,16,71,101,73,26,6,296,26,27,43,44,65,57,28,10,301,789,1342,2509,2881,3712,3121,913,209,15469
20203,33,6,0,157,0,3,54,87,67,35,5,0,257,0,0,7,21,24,14,3,4,70,4,6,10,8,15,26,14,4,90,161,227,568,716,914,907,325,91,3908
20301,26,0,3,117,0,0,22,31,46,31,10,0,136,0,0,10,16,36,31,16,5,106,6,5,6,6,17,12,11,6,72,196,304,624,782,866,675,342,69,3849
20302,753,102,9,4328,3,16,892,1673,1592,987,137,10,5314,7,28,214,765,829,530,134,33,2531,121,157,239,292,330,234,63,23,1456,5037,8591,18430,18624,18893,13794,2761,333,86473
20303,130,29,8,666,0,0,71,194,202,155,47,5,680,4,0,30,116,134,90,43,5,434,34,19,37,49,57,60,25,4,291,1389,1664,2993,3460,3648,2962,912,124,17142
20401,181,47,11,807,0,3,90,189,248,182,58,17,786,0,6,31,69,95,77,53,21,345,42,35,53,72,95,82,45,13,432,1188,1693,3232,3482,4312,4020,1372,306,19606
20402,194,34,11,739,0,3,70,154,280,219,28,5,761,3,6,37,78,102,103,29,11,371,37,22,39,51,62,87,25,13,338,1143,1376,2870,3559,4565,4111,1117,261,19002
20403,283,50,3,1341,0,7,167,398,417,257,44,5,1290,0,7,43,133,183,119,38,3,523,55,51,92,103,96,99,50,16,553,1984,2821,5514,5836,6597,5483,1437,246,29917
20501,142,30,3,618,0,4,83,165,186,134,24,6,600,0,4,34,69,81,99,27,15,330,42,31,50,60,75,65,41,9,374,1114,1470,2812,2928,3522,2917,885,211,15866
20502,124,31,0,477,0,0,44,108,182,138,25,4,498,3,3,23,48,65,71,24,9,234,20,28,34,33,67,82,48,17,323,909,1096,2443,2780,3688,3509,1078,236,15735
20503,167,35,0,751,0,0,92,233,266,175,46,8,824,3,11,42,92,145,93,45,11,431,43,35,60,67,81,112,50,19,465,1307,1410,3265,3862,4954,4456,1432,325,21010
20504,403,52,3,1694,0,36,366,580,815,644,70,0,2508,8,13,107,217,452,325,49,4,1174,38,64,83,82,136,123,27,10,551,1779,2804,6130,6096,6933,5516,1134,174,30561
20505,155,24,3,783,3,9,234,281,307,218,31,5,1092,3,13,122,184,229,160,28,6,739,24,29,47,54,75,74,31,6,344,986,1358,3240,3221,3735,3381,915,182,17024
20601,192,27,3,984,0,3,172,330,335,206,42,7,1094,3,8,66,183,206,121,46,7,646,15,38,95,75,81,57,27,6,388,862,2435,6417,5265,4896,3316,870,124,24175
20602,145,21,0,640,0,5,121,232,202,130,29,6,725,0,3,41,141,139,91,27,4,442,13,17,52,50,55,36,6,0,228,527,1389,3580,3148,3010,2052,480,71,14254
20603,203,50,11,1045,0,3,214,397,397,203,41,6,1264,5,3,64,214,218,146,33,7,688,35,48,76,69,67,53,30,5,383,1158,2254,4868,4348,4167,2858,690,112,20456
20604,3565,597,77,33530,12,249,16326,24684,15693,7686,1152,92,65887,13,123,5094,18792,16625,7556,1509,164,49877,177,586,1603,1318,1061,669,162,54,5637,6481,36836,136917,112327,77667,42129,9045,1050,422451
20605,768,142,13,6326,4,46,2685,4274,3037,1423,291,32,11780,5,22,786,2874,2720,1305,320,50,8081,47,133,349,279,305,182,61,15,1382,1554,7784,28337,22643,17080,9864,2512,313,90087
20606,244,76,19,1732,0,14,630,887,672,365,139,32,2735,0,8,199,688,711,418,208,58,2291,30,58,138,83,104,71,31,11,534,1094,4360,10602,6726,5596,3661,1361,253,33652
20607,611,130,15,4940,0,39,2083,2942,1904,1000,183,17,8173,6,31,621,1983,1846,867,286,49,5699,34,120,334,266,237,172,60,7,1221,1792,8282,27164,19149,13916,8470,2334,282,81386
20701,753,175,32,4356,3,14,1251,2300,2045,1218,332,44,7196,8,13,395,1585,1778,1046,353,55,5231,61,140,214,205,260,174,78,23,1149,2826,6865,17246,15188,14838,10417,3491,507,71382
20702,187,55,10,1025,0,4,196,393,342,246,61,4,1248,4,0,55,208,274,183,46,8,774,37,68,86,71,87,63,24,10,438,1839,3192,5113,4320,5000,3543,1120,202,24329
20703,556,90,7,2861,0,7,576,1223,1268,757,130,15,3977,0,5,127,575,734,433,97,15,1980,25,74,134,142,163,118,32,5,700,1789,4003,11406,10001,10349,7150,1714,205,46617
20801,294,76,3,1464,0,9,306,536,628,428,142,24,2070,0,9,101,415,571,373,140,31,1645,18,59,78,84,131,73,34,0,486,1480,2907,5901,5770,6783,4760,1683,243,29537
20802,371,83,14,1884,0,12,392,730,781,467,108,17,2507,5,12,145,448,505,320,123,19,1575,30,87,154,134,135,109,52,11,723,1677,3646,8734,8049,8188,6102,1932,281,38610
20803,584,101,10,2959,3,24,561,1163,1271,615,135,15,3788,8,11,155,596,681,408,124,19,2002,92,115,172,226,268,178,53,11,1113,3388,6269,13084,13486,14366,9690,2517,312,63115
20804,174,55,4,1007,0,14,243,424,396,245,55,24,1399,5,3,79,329,405,235,96,20,1176,26,57,84,67,87,37,16,4,374,1210,3176,5162,3867,4054,2820,887,138,21312
20901,398,77,9,2078,0,11,390,610,594,422,94,12,2126,0,6,92,381,452,313,102,17,1359,46,71,147,122,164,114,35,7,704,2044,3709,8723,8220,8940,6793,1728,198,40356
20902,315,47,7,1611,0,3,231,557,594,425,68,4,1880,3,3,63,225,293,217,58,12,868,33,58,119,102,136,93,23,3,563,1554,3413,7787,7227,7250,5015,1045,132,33422
20903,172,26,3,604,0,3,68,176,215,138,43,3,644,0,0,26,101,137,112,36,8,425,26,26,33,48,67,45,21,4,273,1248,1413,2212,2662,3127,2483,775,94,14011
20904,442,77,3,2381,0,18,480,795,764,456,63,10,2581,4,6,147,370,377,252,51,10,1220,87,136,214,200,228,154,44,13,1079,3467,5498,13163,12247,11765,7539,1561,171,55416
21001,269,34,3,1699,0,15,400,771,653,338,54,9,2228,5,3,97,351,408,214,40,3,1122,42,60,136,127,136,85,28,6,623,1562,3097,7755,7548,7389,4627,957,102,33033
21002,50,7,3,243,0,4,18,63,90,71,21,0,271,0,3,12,37,45,30,18,4,156,11,17,16,27,31,18,22,0,144,601,645,1049,1329,1611,1121,406,57,6823
21003,104,20,0,593,0,4,78,152,165,129,17,3,555,0,3,24,85,92,68,23,6,292,9,23,59,49,62,50,16,4,268,477,1297,3609,3261,3253,2148,465,58,14577
21004,62,8,0,282,0,9,39,83,79,67,18,0,294,0,3,18,38,43,26,3,3,137,13,18,16,18,32,33,11,3,140,769,916,1411,1493,1650,1261,291,39,7829
21005,667,80,6,4033,4,50,858,1568,1525,810,113,9,4928,7,19,276,723,873,425,91,11,2429,83,160,323,312,331,214,28,6,1446,2777,6796,18520,17944,17798,10471,1693,163,76165
21101,493,71,4,2926,0,11,620,1215,1269,711,104,15,3949,0,11,144,561,757,410,77,12,1966,66,125,191,191,248,194,66,6,1087,3751,6015,12921,13485,14852,10521,2403,273,64226
21102,64,25,0,224,0,0,21,73,81,72,18,4,259,0,0,11,27,63,49,18,7,174,0,14,8,17,27,13,3,3,97,260,391,717,824,1180,858,320,72,4611
21103,384,60,3,1865,0,8,308,584,642,438,84,6,2068,4,9,72,258,344,223,76,5,984,58,97,153,144,191,123,30,8,798,2890,4589,8318,8312,9431,6771,1745,184,42235
21104,185,38,5,1027,0,0,157,466,440,292,55,3,1421,4,4,41,256,275,152,46,8,789,27,47,46,67,97,51,21,4,366,1356,2132,4560,4752,5088,3550,1075,128,22635
21105,324,52,3,1469,3,5,196,425,509,297,61,10,1498,6,11,59,182,246,155,58,13,724,97,79,126,154,213,134,50,11,859,3160,3803,6942,7817,8819,6714,1915,279,39453
21201,175,25,3,893,0,6,147,243,256,162,37,7,857,0,15,50,104,125,87,43,6,422,50,53,91,89,91,74,30,8,486,1981,2390,4815,4708,4836,3353,904,186,23166
21202,275,40,0,1651,0,8,306,554,552,321,60,6,1811,0,17,98,246,338,180,53,3,938,69,79,142,135,169,103,29,5,732,3065,4549,8414,8319,8444,5255,1118,131,39303
21203,191,26,3,937,0,10,145,244,208,155,37,0,797,7,8,49,113,104,81,15,3,380,44,60,84,85,107,65,20,5,461,2090,2571,5730,5410,5114,3216,727,84,24944
21204,956,152,12,5087,0,38,938,1986,2051,1164,202,20,6400,3,12,226,843,1071,696,162,21,3034,79,197,405,395,474,313,83,19,1965,3012,8472,24029,24935,25857,17151,3599,348,107411
21205,1078,180,19,6653,3,32,1650,3418,3013,1653,268,24,10060,5,14,400,1666,1973,1037,234,32,5358,67,181,337,336,380,238,83,16,1643,3124,8780,25222,24590,23417,15247,3548,435,104349
21301,432,68,3,2438,0,15,487,814,725,455,61,8,2567,4,10,119,306,445,235,41,6,1168,60,116,227,232,227,172,37,7,1075,2526,5024,13068,12583,12034,7856,1417,121,54640
21302,391,68,4,1968,0,23,445,827,865,594,78,3,2836,0,0,106,339,458,298,45,12,1253,26,52,135,116,156,95,26,3,606,1273,2549,7294,7634,8016,5388,1009,97,33252
21303,303,45,3,1686,3,19,343,666,602,398,64,8,2091,0,13,118,320,358,223,58,10,1093,38,64,126,115,128,89,19,5,578,1746,4197,9156,8250,7629,5154,1039,94,37261
21304,175,31,0,1190,0,12,256,383,345,175,32,0,1200,3,3,71,163,168,78,22,0,509,57,74,116,130,108,69,19,3,575,2340,3088,6792,6905,6024,3700,757,57,29662
21305,485,52,3,2900,3,24,533,1007,957,572,93,0,3199,0,16,149,409,485,271,58,8,1396,55,128,248,240,258,152,39,8,1128,3333,5986,15921,15439,13429,8041,1375,116,63642
21401,358,52,3,1840,7,13,307,569,567,377,66,4,1915,5,14,98,289,384,236,78,15,1109,70,94,131,157,204,151,43,8,849,2894,4127,8758,8824,9578,6890,1643,198,42912
21402,432,84,14,2068,0,4,262,622,689,430,128,14,2152,3,10,107,262,414,254,131,40,1216,91,113,138,190,220,190,83,12,1042,3905,4996,8404,9630,11190,8305,2674,379,49479
21501,255,38,14,922,0,10,120,232,318,198,49,18,943,4,7,42,90,111,123,47,17,443,31,34,77,83,107,110,33,12,492,1439,1953,4194,4367,5690,5207,1580,429,24861
21502,178,22,3,788,0,0,79,201,241,162,26,5,722,5,7,38,97,107,102,25,5,382,38,42,75,82,83,98,38,14,469,1442,1897,4123,4152,4771,3869,948,156,21354
21503,104,22,3,428,0,3,59,137,142,119,17,6,489,0,4,34,61,87,76,24,7,290,21,22,37,38,79,62,31,17,304,848,1201,2528,2690,3510,3200,973,227,15177
21601,127,26,0,593,0,7,91,169,180,135,15,12,601,3,3,21,58,77,78,21,8,281,25,19,41,52,87,66,21,3,313,1039,1202,2496,2857,3641,3107,811,180,15340
21602,107,16,4,441,0,3,57,99,113,60,18,0,352,0,3,18,44,61,54,18,9,209,23,20,35,38,79,71,14,13,297,754,815,1765,2001,2409,2052,605,131,10534
21603,247,31,4,1084,0,15,149,353,389,259,48,10,1230,7,8,52,119,191,160,46,14,602,45,48,73,126,106,113,40,24,568,1790,2410,5401,5554,6385,4952,1208,229,27934
21701,157,33,7,693,0,3,75,199,295,182,38,6,802,5,4,28,56,88,115,39,11,333,22,27,33,40,65,75,36,10,320,916,1031,2152,2758,3671,3225,983,231,14967
21703,132,23,11,571,0,3,80,132,183,137,33,6,572,0,3,46,91,128,94,36,18,417,34,32,49,50,94,83,37,11,392,1043,1315,2701,2994,3787,3282,1089,259,16471
21704,187,37,3,895,0,5,124,282,273,196,42,14,935,3,4,32,101,175,137,43,10,517,40,31,52,54,83,78,31,21,388,1561,1983,3957,4243,5040,3931,960,214,21892
29797,0,0,0,11,0,0,0,12,12,8,0,0,29,0,0,5,20,20,14,0,0,60,0,0,0,0,0,6,0,0,5,0,3,26,39,57,28,3,0,157
29999,635,104,20,4907,3,105,1291,1752,1376,696,126,22,5375,16,32,365,696,731,386,121,16,2357,120,306,559,582,681,477,162,34,2922,4421,12150,27242,25210,26106,18621,4671,612,119032
30101,146,27,3,713,0,5,123,235,248,147,30,0,797,0,4,43,119,148,86,23,0,428,33,30,47,56,64,42,13,0,295,1777,1987,3566,3660,4091,2969,722,76,18852
30102,220,38,3,1025,0,8,186,314,385,216,33,5,1148,7,4,43,134,219,167,51,9,626,46,35,58,80,95,61,16,3,396,2211,2051,4064,4603,5246,4075,986,125,23375
30103,363,68,3,2299,0,15,500,1077,1038,540,71,3,3254,0,0,143,486,609,290,57,7,1600,51,55,107,146,136,93,16,3,609,2007,3187,8359,9083,8836,5604,1139,96,38324
30201,75,19,3,386,0,3,67,109,139,94,13,0,427,0,0,14,59,68,60,18,3,219,8,8,19,17,24,16,8,0,108,657,767,1378,1529,1719,1233,307,43,7632
30202,316,46,0,1884,0,24,496,805,717,374,56,12,2479,5,9,111,351,377,177,42,16,1084,39,61,85,107,114,57,23,3,489,2439,4132,7935,7702,7667,5152,1018,129,36173
30203,565,67,6,3535,0,28,924,1820,1722,934,122,10,5561,3,11,233,913,1085,582,81,16,2919,42,84,153,169,172,129,24,3,776,2015,5090,13337,13585,13244,8373,1591,134,57377
30204,96,9,0,495,0,4,91,156,160,85,21,0,507,0,3,22,68,70,45,15,8,223,18,14,27,28,31,30,12,4,170,898,1035,2154,2415,2568,1781,428,50,11329
30301,93,16,3,604,0,4,145,305,295,189,26,0,969,0,7,49,141,164,97,14,4,471,26,38,39,34,38,26,5,0,211,1702,2349,3256,2966,2898,2051,501,50,15774
30302,385,61,3,2615,3,23,739,1031,950,549,99,11,3407,0,18,154,503,550,311,78,12,1634,13,46,122,109,84,68,15,3,465,1540,4036,9946,8917,8287,5402,1194,130,39458
30303,269,35,7,1704,0,13,406,828,776,429,72,10,2531,0,3,123,386,415,212,59,7,1217,28,63,96,100,90,58,8,3,446,2098,3845,7938,7275,6850,4459,985,109,33564
30304,178,29,0,1110,0,12,215,484,449,259,49,10,1482,0,0,66,186,214,143,54,8,675,10,34,58,45,58,49,15,0,265,812,1971,5104,4864,4543,2997,680,73,21032
30305,354,51,6,1987,0,14,313,749,746,450,65,11,2344,8,4,82,274,358,203,42,6,978,32,62,108,129,121,94,24,5,576,1331,3362,8589,8882,8838,5549,1061,103,37720
30306,61,10,3,281,0,0,35,74,91,58,7,0,267,0,0,18,49,60,50,16,4,202,8,9,13,20,28,16,3,3,100,381,800,1940,1712,1656,1273,365,40,8171
30401,51,7,0,281,0,4,68,119,117,77,18,0,403,0,3,28,73,88,44,22,0,258,12,16,22,30,27,23,12,0,144,808,1113,1726,1715,1728,1221,396,19,8734
30402,80,27,4,385,0,4,70,135,200,131,43,9,594,0,0,13,98,139,106,36,15,406,7,16,13,21,20,23,6,7,107,615,847,1320,1638,1994,1329,554,91,8389
30403,215,35,4,1424,0,4,242,584,593,345,86,10,1860,0,6,48,213,406,310,99,11,1101,28,36,55,39,51,31,17,9,262,1874,3770,5866,4919,4460,3097,902,119,25011
30404,172,27,0,1027,0,18,210,366,387,209,33,3,1215,0,4,31,109,137,71,24,4,381,22,34,43,38,40,35,4,3,212,1301,2699,4315,3359,3197,2081,506,54,17509
30501,2129,247,28,16720,8,132,6371,10642,8383,3774,468,33,29813,6,47,1939,7478,7247,3280,556,71,20627,98,228,575,487,488,236,67,18,2194,5211,20147,56392,50986,40150,21901,3981,401,199176
30502,114,22,0,752,0,13,181,353,318,150,33,8,1055,0,3,58,218,229,106,35,12,657,10,19,38,40,34,29,9,3,178,760,1614,3440,3350,2933,1675,441,71,14287
30503,665,91,5,4767,0,61,1656,2709,2300,1109,158,11,8004,0,18,364,1352,1469,747,170,30,4159,40,89,172,168,185,86,31,3,764,2326,6237,16421,14991,12940,7771,1776,221,62681
30504,298,78,5,2156,0,24,825,1371,1045,513,107,3,3885,3,10,304,1149,1161,533,104,18,3283,29,53,106,97,80,64,12,3,452,1852,4148,8924,8178,7140,4400,1150,121,35917
30601,121,21,0,560,0,0,96,221,252,144,38,8,746,0,3,32,97,144,76,30,0,383,16,20,25,51,47,41,18,0,221,1061,1059,2477,3136,3250,2165,597,47,13795
30602,506,79,12,2694,5,16,518,815,1002,591,78,12,3036,4,10,133,377,423,306,81,24,1352,65,79,158,174,190,132,41,11,844,2873,4447,11059,12095,11929,8187,1903,224,52712
30603,94,21,3,404,0,3,57,107,150,116,25,6,467,0,0,17,38,59,55,23,10,200,25,16,42,43,61,56,22,8,277,754,1069,2262,2279,2979,2653,737,168,12911
30604,34,0,0,165,0,0,21,40,54,40,4,0,163,0,0,10,20,34,30,6,3,97,9,5,11,18,33,27,12,3,118,261,389,1106,1108,1318,1037,303,60,5581
30605,117,31,3,461,0,0,73,114,153,115,19,0,476,3,4,33,46,63,60,22,9,236,22,13,35,50,74,62,39,14,312,981,1013,2218,2660,3401,2930,913,185,14297
30701,213,40,19,1254,5,50,596,589,530,309,63,15,2145,0,8,224,326,353,187,71,14,1180,36,16,69,85,102,99,65,28,510,1107,1707,4749,4574,4994,3724,1241,373,22463
30702,159,37,3,886,0,21,239,326,403,197,43,8,1236,3,10,48,133,153,109,50,7,507,21,28,46,43,89,67,40,14,339,1146,1582,3330,3666,4249,3306,1175,281,18733
30703,79,22,3,411,0,3,50,109,129,88,31,8,419,0,7,19,41,74,56,25,9,228,24,23,41,44,64,59,39,16,310,1072,1147,2212,2729,3402,2922,1033,240,14752
30801,173,27,3,1334,4,70,724,836,702,373,38,8,2764,0,12,309,476,388,220,54,5,1450,21,26,63,79,86,62,23,3,367,775,1351,3875,3882,3644,2254,494,86,16361
30803,449,65,5,2256,3,30,553,792,896,571,68,7,2922,5,12,99,270,386,278,79,27,1155,64,59,118,104,140,118,55,21,673,3409,4476,9265,9087,10032,7411,1532,261,45461
30804,93,18,4,540,0,34,266,346,344,189,38,3,1224,3,5,88,118,137,111,23,7,490,11,8,31,41,57,41,15,5,203,410,608,1644,1743,1846,1357,422,128,8153
30805,331,31,3,1869,0,68,851,1158,1206,589,50,4,3922,3,29,388,665,660,369,38,5,2165,41,28,64,69,120,58,26,8,412,1647,2274,5637,6132,6335,3807,679,83,26594
30901,163,47,0,1126,0,14,258,494,396,206,70,13,1443,5,13,126,267,280,170,57,6,924,57,70,116,123,96,83,38,5,592,2618,3882,7611,6859,6325,4394,1382,168,33248
30902,122,21,4,677,0,5,86,226,222,154,29,5,723,3,0,47,145,169,126,36,4,520,33,34,39,54,66,52,22,4,291,1340,1617,3332,3763,4022,3068,821,78,18040
30903,104,37,3,564,0,4,106,197,239,136,56,4,738,0,4,34,131,129,90,36,13,444,30,30,45,50,66,47,18,5,291,1349,1914,3578,3616,3979,2884,1013,126,18448
30904,41,9,0,211,0,0,28,77,79,46,18,3,243,0,0,3,19,32,18,11,4,80,6,3,10,12,20,25,6,0,87,332,296,628,889,1105,871,302,72,4494
30905,63,7,0,307,0,0,23,91,91,45,8,0,266,0,0,15,48,51,34,10,3,158,7,7,17,29,27,16,5,0,112,359,433,1081,1539,1645,1139,325,41,6559
30906,149,27,0,776,4,11,143,305,296,153,35,3,939,4,18,51,136,144,88,26,4,466,25,27,57,55,73,43,18,0,311,1223,1629,3654,4113,4180,2947,794,86,18623
30907,294,61,10,2166,0,33,490,825,779,363,79,3,2562,4,13,123,361,445,238,88,15,1280,77,94,151,187,186,88,29,12,827,3308,4835,10550,11236,9942,5773,1432,145,47224
30908,184,38,0,1139,0,16,252,486,445,224,42,0,1460,3,6,88,261,253,128,41,3,779,37,35,71,67,69,68,18,6,374,1289,2465,5225,5309,5043,3425,845,78,23684
30909,376,66,5,2417,0,17,649,942,836,513,97,9,3069,3,15,164,482,500,339,99,22,1610,28,73,111,128,135,106,37,9,634,1722,3793,9752,9552,9531,6761,1785,177,43075
30910,154,47,5,974,0,10,196,425,357,232,68,13,1304,0,9,104,290,321,207,70,27,1029,22,49,69,79,71,54,23,0,372,1442,2955,6218,5396,5036,3553,1118,151,25868
31001,269,57,3,1776,0,22,349,728,708,388,60,0,2258,5,3,90,247,315,177,54,4,889,31,50,95,121,113,59,16,3,486,1388,2980,7552,7793,7830,4738,948,64,33291
31002,154,23,0,931,0,7,197,362,348,167,27,0,1108,4,3,29,128,130,77,20,3,398,23,29,50,56,70,61,32,7,332,1093,1577,3733,3708,4196,3038,963,201,18508
31003,270,44,3,1648,0,12,276,550,549,314,39,4,1748,5,3,70,197,253,149,43,8,730,56,62,118,101,102,82,20,8,558,2465,3426,7487,7708,7741,5181,1008,104,35128
31004,147,22,0,929,0,10,174,356,339,175,28,3,1083,3,4,54,153,147,85,29,0,473,34,36,58,67,69,29,11,5,309,1774,2214,4818,4722,4242,2618,522,47,20975
31101,39,12,0,170,0,0,34,39,53,32,7,3,167,0,0,9,26,25,25,9,0,95,10,3,14,24,29,23,8,0,106,360,410,831,1057,1231,929,284,57,5154
31102,79,13,0,450,0,0,76,160,151,81,8,0,476,0,0,20,49,53,47,12,0,178,16,20,33,28,42,31,3,5,171,742,1021,2161,2345,2178,1490,340,27,10294
31103,84,20,0,583,0,10,101,222,251,120,17,0,728,0,3,27,95,103,70,23,3,325,35,49,63,75,64,49,10,0,346,1636,2034,4193,3894,3789,2548,519,38,18660
31104,43,5,0,233,0,6,34,79,92,41,6,0,263,0,0,14,46,31,15,5,0,118,17,11,18,30,34,21,8,3,142,572,630,1191,1593,1579,986,249,28,6836
31105,192,34,3,1070,0,6,275,432,406,206,21,0,1355,0,3,79,187,230,113,30,4,661,31,42,69,69,61,61,16,0,344,1686,2487,5026,4942,4747,3235,698,59,22879
31106,198,31,0,1268,0,14,231,443,477,260,46,5,1476,0,3,78,185,180,149,46,0,645,36,47,100,100,94,58,28,3,459,1808,3038,7016,6797,6277,4378,1021,86,30427
31201,333,32,0,2443,7,162,1811,1936,1504,693,60,8,6184,5,34,730,1033,888,443,48,12,3197,29,30,99,138,116,94,20,11,533,843,1663,6466,6528,6065,3584,591,101,25850
31202,466,59,3,2481,3,64,846,1085,1042,631,62,15,3740,4,13,162,421,461,314,59,16,1454,68,90,163,153,243,162,59,18,963,3077,4098,9407,9515,10451,7395,1514,248,45703
31203,57,8,0,241,0,3,50,75,82,66,18,3,298,4,0,25,53,52,45,11,3,193,13,17,29,29,25,31,14,0,163,526,1026,2191,1893,1842,1396,360,62,9288
31301,35,14,0,178,0,0,21,46,55,29,15,3,165,0,0,8,34,27,38,6,6,116,8,6,23,21,24,15,10,3,108,437,442,891,956,1222,1026,318,41,5335
31302,148,18,0,835,0,13,194,256,301,144,19,4,935,3,0,40,123,142,81,23,3,412,38,41,74,66,76,50,17,0,354,2038,2456,4805,4778,5185,3395,661,70,23390
31303,30,0,0,133,0,0,24,32,44,21,10,0,133,0,0,3,19,14,18,8,0,60,10,8,9,14,19,14,8,3,86,213,265,694,811,959,710,236,54,3949
31304,75,10,0,530,0,4,73,162,188,82,15,0,530,0,3,24,66,88,47,12,0,246,24,23,35,55,41,33,10,3,218,1075,1299,2567,3058,3169,1933,408,43,13541
31305,131,24,0,749,0,6,158,257,259,135,43,3,850,0,3,43,115,138,79,36,3,414,33,27,48,57,59,42,12,9,287,1602,1823,3640,3919,4233,2951,784,80,19027
31401,76,20,0,475,0,0,94,213,237,133,41,4,719,3,0,27,113,144,67,18,3,377,34,16,36,45,40,29,7,5,214,1555,1409,2259,3006,3112,2025,636,62,14068
31402,77,8,0,541,0,8,151,234,215,101,6,0,713,0,7,57,101,110,60,7,4,345,43,22,46,46,42,32,4,0,226,1756,1802,3467,3427,2981,1677,360,24,15488
31403,153,22,0,841,0,5,166,354,310,179,34,3,1050,3,3,46,161,163,82,28,4,478,23,27,49,57,73,39,16,0,283,1264,2089,4355,4698,4456,2964,607,43,20469
31501,106,16,5,690,0,30,242,267,257,184,26,3,1014,0,0,46,103,94,77,13,4,345,30,39,57,64,73,59,19,3,342,439,900,2492,2448,2546,1860,411,81,11173
31502,196,45,5,1391,6,109,1036,917,781,400,44,3,3296,0,7,210,326,301,150,37,7,1039,23,34,59,70,85,75,25,6,373,790,1498,4301,3639,3526,2281,574,79,16684
31503,104,17,5,387,0,3,91,119,144,99,21,6,480,0,7,29,58,78,77,26,3,275,10,14,34,24,42,65,22,9,221,473,755,1643,1548,1960,1848,556,127,8911
31601,167,29,0,922,0,4,123,281,364,190,42,4,1010,0,6,43,138,199,130,25,4,542,22,20,41,39,65,42,14,4,248,950,1370,3092,4068,4721,3132,743,59,18146
31602,200,36,3,1153,0,10,220,445,464,227,45,6,1425,0,0,78,274,274,192,52,9,886,38,54,84,71,129,78,17,11,479,2332,2655,5475,6392,6826,4550,1018,131,29378
31603,193,22,5,1059,0,6,185,466,488,240,49,3,1447,0,0,69,224,243,166,36,0,754,43,52,58,89,105,60,20,3,437,2589,3014,5497,6013,6113,4536,996,97,28849
31605,135,18,3,587,0,3,59,183,240,142,47,3,686,0,3,27,131,172,88,54,4,477,24,21,27,57,55,39,14,0,244,1340,1242,2593,3718,4270,3089,830,90,17175
31606,92,20,3,380,0,4,42,98,163,106,23,7,441,3,5,20,58,83,55,31,6,263,16,22,33,43,40,41,10,4,214,982,1089,1955,2410,3034,2453,764,122,12819
31607,173,32,3,945,0,11,209,273,325,205,33,5,1053,0,0,28,176,171,96,30,3,511,24,23,66,57,68,80,23,5,345,909,1308,3346,4307,5163,3697,830,90,19649
31608,44,8,0,172,0,3,25,53,54,33,21,4,188,0,0,7,33,32,31,18,3,124,3,3,8,20,27,19,3,4,92,278,270,614,1043,1336,1077,322,43,4974
31701,609,89,5,3161,3,56,672,975,1187,739,117,5,3757,7,17,190,459,495,358,98,14,1632,88,93,138,163,202,136,57,15,892,4563,6497,13366,12862,13813,10233,2437,296,64066
31801,170,32,10,699,0,8,130,204,196,146,40,7,738,0,0,39,85,101,97,36,8,373,29,30,34,64,83,73,45,17,381,1150,1310,2604,3163,3875,3251,969,242,16551
31802,734,97,9,4446,0,60,964,1612,1665,853,121,11,5299,3,14,196,550,663,430,86,11,1960,95,136,233,203,249,200,58,15,1187,5498,9931,18675,17053,16821,11228,2276,245,81722
31901,240,32,8,1082,0,6,175,299,367,247,54,12,1159,3,0,36,128,188,119,36,12,523,46,50,84,77,133,82,26,16,514,2234,2609,5338,5919,7037,5495,1209,202,30037
31902,109,17,3,545,0,19,131,227,260,147,35,10,825,3,0,48,83,81,77,28,6,336,34,23,38,72,84,80,53,20,415,1090,1291,2752,3218,3952,3287,1157,290,17043
31903,130,15,7,559,0,19,52,162,189,111,23,0,553,0,3,24,57,94,57,18,3,249,28,32,47,54,78,57,25,10,323,1058,1142,2455,3057,3933,3093,796,155,15694
31904,111,7,0,551,0,9,89,156,173,124,11,0,557,5,7,36,80,84,71,12,6,306,18,19,33,39,50,51,18,3,225,1215,1230,2716,3450,3927,2978,562,71,16153
31905,113,20,4,542,0,3,56,122,165,103,19,0,471,0,5,15,43,40,31,14,8,168,19,15,22,25,51,49,13,4,207,822,948,2017,2675,3217,2620,577,108,12995
39797,8,0,0,17,0,0,11,10,14,12,3,0,47,0,0,5,6,5,4,0,0,28,0,0,0,0,0,0,0,0,3,3,16,42,53,44,37,7,0,202
39999,628,81,9,4684,3,120,1311,1633,1392,747,120,14,5342,7,41,395,734,703,376,91,14,2355,96,178,394,455,446,328,108,26,2040,4033,9101,21291,21752,22346,16091,3810,410,98838
40101,1440,212,26,8473,4,26,1862,4104,3963,2332,311,15,12616,5,8,446,2057,2447,1648,379,48,7030,56,152,321,262,268,200,62,17,1328,2839,10528,30158,28154,25326,17025,3254,320,117609
40102,177,52,3,828,0,0,105,226,272,170,37,5,819,4,3,33,99,152,103,50,11,465,36,30,38,42,66,54,19,4,291,1577,2037,3313,3791,4598,3584,1212,188,20295
40103,216,64,9,945,0,8,169,389,428,292,80,12,1380,0,7,65,231,341,235,96,14,1002,15,23,33,31,42,31,12,3,196,806,1442,3430,3493,3646,2852,943,139,16760
40104,117,19,0,429,0,7,47,83,122,106,20,3,381,0,0,13,44,50,25,13,4,159,15,6,21,28,29,32,8,0,122,579,864,1850,1893,2174,1634,446,66,9500
40105,217,53,3,1163,0,0,183,415,430,302,71,9,1407,3,3,60,213,309,238,70,9,904,17,31,58,42,51,55,16,3,278,1257,2498,5089,4716,4877,3561,921,136,23048
40106,90,14,0,383,0,3,37,132,136,85,24,3,426,0,0,23,44,64,63,22,8,214,5,12,17,18,33,28,0,3,121,477,877,1781,1563,1638,1331,365,47,8081
40107,182,43,0,935,0,3,233,478,446,277,67,11,1515,0,6,74,262,337,222,62,5,977,15,29,47,53,36,38,16,0,242,778,1820,4357,4176,4075,3175,901,105,19383
40201,74,9,4,407,0,3,48,110,107,95,15,0,382,0,0,28,40,62,44,13,6,181,16,13,22,37,31,25,8,0,161,712,930,1904,1910,2101,1509,339,46,9445
40202,213,28,0,1064,0,5,176,289,305,173,19,0,967,3,6,40,133,165,76,27,6,460,40,43,65,80,70,50,13,4,358,1527,2421,5619,5132,5553,3742,641,69,24701
40203,212,38,0,1069,0,11,129,318,346,215,30,3,1045,0,0,20,128,149,79,31,10,415,14,35,67,51,78,53,16,3,317,1169,2030,5156,5270,5281,3791,748,84,23530
40204,438,58,6,2483,0,17,411,983,1129,620,84,13,3255,0,6,67,256,406,246,46,7,1029,36,53,120,103,146,79,23,8,567,2013,4023,10269,10063,10437,6704,1275,131,44910
40205,225,37,0,936,0,13,130,235,268,171,24,0,846,0,6,26,102,100,94,22,0,350,33,24,48,50,63,46,14,7,288,2091,2507,4174,4025,4439,3390,830,78,21526
40301,121,24,3,452,0,3,42,119,121,115,24,3,425,0,0,17,66,72,87,41,8,285,11,12,31,31,39,31,10,4,169,1034,1498,2405,2128,2367,2079,587,89,12187
40302,211,36,0,913,0,8,120,286,325,208,42,3,990,0,5,34,97,111,95,31,3,375,12,37,60,62,58,38,10,5,286,1376,2294,4509,4356,4655,3635,923,100,21844
40303,392,62,6,1700,0,3,287,507,571,370,76,10,1826,4,0,48,267,309,229,74,11,947,22,25,50,61,76,54,22,9,318,1276,2405,5514,5726,6242,4869,1161,160,27353
40304,364,60,0,1506,0,7,184,380,442,299,51,7,1369,4,8,49,161,205,125,48,7,603,64,56,88,113,107,78,26,6,532,3017,3671,7117,7652,8340,6324,1566,160,37846
40401,353,56,6,1663,0,17,280,528,509,373,69,3,1784,3,17,90,247,319,223,84,16,997,40,61,89,90,131,77,34,7,515,2129,3970,8332,7867,8884,6522,1498,180,39378
40402,499,51,0,2472,0,24,422,872,1031,634,95,3,3081,0,17,88,254,390,258,52,7,1066,18,36,106,111,124,76,20,9,500,1410,3349,8497,8591,9530,6718,1254,135,39487
40403,462,55,5,2449,0,7,454,919,1042,644,101,8,3184,0,3,95,374,513,309,86,15,1387,33,42,129,94,142,82,18,4,542,1546,3605,9485,9750,10334,7099,1428,170,43418
40501,135,35,3,564,0,5,71,203,207,121,28,0,637,0,3,25,57,106,71,38,4,297,18,16,32,29,43,49,16,8,212,760,1113,2341,2818,3323,2653,789,146,13942
40502,76,26,3,338,0,9,40,76,103,101,24,3,364,0,0,10,35,48,50,17,6,166,6,17,23,23,34,38,6,6,174,409,642,1470,1565,2066,1933,631,154,8860
40503,114,17,0,471,0,7,83,105,158,121,18,3,487,0,0,34,47,58,63,16,0,226,18,11,30,18,44,40,17,9,186,573,816,1694,1835,2357,2127,547,97,10046
40504,79,19,0,310,0,0,32,71,98,64,29,7,296,0,3,7,40,42,34,14,4,142,6,12,21,16,20,32,8,11,134,493,588,1255,1395,1939,1801,491,135,8105
40601,240,31,3,1251,0,13,240,375,402,251,34,5,1325,3,8,65,156,158,146,35,7,581,28,36,66,74,103,83,28,9,426,1235,1824,4383,4494,5396,4145,938,165,22594
40602,223,26,3,1273,4,65,659,669,609,333,39,4,2378,0,7,146,238,244,128,20,9,792,14,31,40,43,54,59,11,0,258,524,1192,3226,2926,3270,2305,480,62,13987
40701,104,31,5,436,0,0,48,123,162,119,29,0,484,0,3,17,45,53,62,29,8,212,21,15,31,46,54,37,25,7,238,881,1038,2111,2630,3284,3186,1065,210,14400
40702,222,52,10,1045,0,8,151,280,352,264,71,26,1148,7,4,40,101,159,143,71,20,548,46,28,55,84,106,98,48,20,489,1821,2240,4852,5578,6693,5338,1628,355,28512
40703,220,36,3,862,0,8,113,198,257,206,34,5,823,6,5,34,89,114,127,48,10,419,38,39,79,79,90,114,32,17,494,1568,2336,4870,5139,6473,5461,1532,319,27691
49797,0,0,0,7,0,0,0,3,9,3,0,0,22,0,0,0,4,3,0,0,0,15,0,0,0,0,0,0,0,0,0,0,3,5,13,25,8,0,0,64
49999,191,31,0,1134,0,24,325,366,382,190,37,7,1332,8,12,90,155,156,92,36,4,551,18,47,125,119,135,112,32,6,587,1086,3144,6992,6837,8214,6315,1538,185,34311
50101,135,27,5,771,0,4,100,276,282,178,39,10,890,0,3,42,119,171,119,40,4,508,20,22,48,61,55,54,24,5,286,1274,1270,3367,4482,4505,3436,960,164,19460
50102,572,62,3,2804,0,70,768,1273,1521,902,106,7,4647,9,13,180,403,526,340,67,8,1559,71,62,88,108,174,113,44,7,661,2789,3369,7967,9027,10182,7284,1563,211,42390
50103,77,13,5,359,0,3,48,99,140,122,25,9,446,0,0,12,42,43,33,37,7,172,13,5,17,23,31,51,17,0,157,487,457,1086,1569,2065,1991,757,159,8572
50201,270,31,0,1439,0,19,333,564,642,407,63,8,2039,0,4,82,214,294,169,30,12,811,50,47,72,79,93,59,21,0,417,2186,2479,4681,5351,6159,4323,1033,161,26378
50301,436,119,11,2740,4,25,834,1220,1172,808,198,36,4297,0,17,184,656,947,655,236,46,2736,21,72,102,94,106,78,41,7,522,1769,4266,9578,7931,8081,6107,1873,331,39927
50302,1867,343,23,14154,0,225,7225,9470,7515,4191,641,51,29317,7,72,2924,8975,8644,4234,745,78,25688,94,229,549,429,498,259,99,15,2173,4306,15609,52916,45801,38493,24218,5540,564,187451
50401,219,44,0,1231,0,13,250,424,456,284,70,3,1497,0,3,60,156,179,126,35,5,569,20,60,80,66,105,60,23,6,426,1665,2687,5726,5027,5261,3893,1072,116,25443
50402,108,18,0,472,0,3,70,139,184,137,19,0,558,0,0,15,56,72,56,13,4,219,12,15,17,19,29,22,8,0,130,627,780,1544,1774,2191,1704,521,61,9214
50403,623,87,4,3499,0,52,802,1291,1395,752,123,4,4424,0,13,191,496,588,337,84,10,1720,78,97,150,156,175,108,36,5,798,3300,5369,12135,11470,12036,7858,1796,192,54150
50501,514,78,7,2457,0,9,412,837,975,715,84,11,3041,3,7,153,361,500,289,76,3,1398,64,86,137,112,140,91,29,3,664,4591,5371,8706,8663,9878,7047,1678,158,46089
50502,742,132,18,4201,3,46,1119,1919,1901,1154,222,25,6376,6,20,339,972,1086,637,184,42,3281,71,98,177,188,187,155,53,15,947,3483,6900,16833,15126,14707,10314,2841,363,70563
50503,353,55,6,2334,3,28,503,843,858,430,80,3,2748,3,13,149,331,377,225,62,8,1170,73,87,116,136,159,99,23,7,687,3349,4573,9804,9506,9544,5725,1349,139,43987
50601,156,40,0,926,0,15,205,291,293,190,32,4,1029,0,6,56,115,120,82,18,13,392,43,36,52,49,53,35,17,8,294,1571,1881,3935,3566,3351,2573,654,78,17605
50602,546,98,3,3664,0,62,1439,1906,1634,909,166,4,6125,4,21,328,1051,1123,589,107,12,3235,42,70,168,173,175,110,26,0,768,1742,5694,15722,13140,11742,7735,1739,174,57696
50603,789,119,9,4205,0,68,1124,1866,1843,1155,167,5,6234,6,17,254,738,897,629,124,21,2684,49,102,197,158,197,112,36,3,858,3007,6158,15273,13923,13625,9613,2204,191,63997
50604,261,56,6,1346,0,15,244,417,462,277,62,6,1487,3,13,64,146,158,107,34,7,533,25,43,45,60,74,64,20,3,337,1587,2383,5251,5124,5098,3750,1010,101,24306
50605,182,34,3,836,0,14,190,299,330,238,53,4,1122,4,6,48,112,143,118,23,3,455,20,23,35,42,40,34,17,0,219,1044,1274,2768,3003,3182,2414,694,103,14475
50606,52,4,0,256,0,4,57,86,90,40,11,6,294,0,0,21,32,38,27,9,5,131,6,10,22,16,14,15,9,0,89,292,424,934,930,1044,739,198,32,4583
50607,126,36,3,809,0,4,219,422,417,315,64,0,1445,0,4,75,191,270,223,58,7,830,6,14,25,27,30,16,10,3,138,645,1254,2964,2669,2715,2152,660,62,13119
50701,408,65,5,2831,0,53,991,1299,1211,564,87,4,4212,0,10,282,647,611,329,67,3,1953,37,54,135,128,149,72,17,6,600,2278,4039,10056,9577,8800,5311,1123,126,41309
50702,337,69,5,1682,0,23,413,704,756,511,106,9,2524,0,7,138,335,431,274,102,12,1293,30,37,86,70,82,58,24,7,398,1274,2772,6088,5415,5775,4230,1222,147,26931
50703,224,33,0,1154,0,36,426,585,665,397,49,0,2154,0,3,129,296,377,211,17,3,1044,7,13,33,37,48,32,12,0,180,510,882,2712,3087,3097,1999,341,30,12657
50704,440,77,8,2428,0,18,766,936,979,676,123,18,3509,4,7,189,615,722,439,123,26,2118,36,66,114,93,118,67,26,4,523,2496,4320,8838,8153,8442,6216,1552,192,40209
50705,247,27,3,1774,0,39,464,656,654,359,48,3,2220,0,3,108,237,255,118,27,0,747,33,48,80,65,76,65,23,0,387,2792,3565,6455,6187,6431,3772,754,97,30054
50901,307,49,9,1207,0,14,165,333,439,357,71,15,1382,3,3,52,150,189,190,69,11,671,44,31,44,66,104,77,36,27,427,1485,1715,3831,4550,5751,4877,1551,298,24069
50902,273,62,15,1216,0,35,388,495,540,391,106,18,1978,3,10,115,223,284,201,70,17,927,26,23,47,68,95,113,39,18,434,869,1454,3815,4002,5050,4526,1646,407,21766
50903,148,41,13,749,0,32,331,386,403,231,39,9,1433,3,3,72,158,141,100,33,9,519,0,13,26,40,37,65,32,12,233,294,642,1822,2116,2461,2105,778,193,10401
51001,223,24,3,1161,4,25,369,489,480,328,45,0,1740,0,4,119,189,181,124,39,10,658,18,29,72,70,70,45,16,0,317,537,1147,3693,3219,3047,2393,499,49,14587
51002,307,45,0,2447,7,295,2514,2029,1747,820,84,3,7508,3,77,1354,1508,1229,585,62,0,4828,9,36,99,99,92,43,8,0,391,408,1431,7252,6019,5213,2785,363,23,23495
51003,456,40,4,3107,12,351,3404,3020,2531,1268,107,3,10695,0,237,3106,3490,3040,1382,127,3,11393,20,37,141,154,157,73,11,3,595,590,1844,10589,9922,8648,4439,457,32,36533
51101,102,12,0,487,0,15,125,182,206,122,30,5,687,0,0,42,64,106,54,22,4,286,8,9,17,18,33,27,15,3,132,393,529,1252,1415,1695,1222,370,79,6952
51102,41,6,0,259,0,8,118,153,153,91,18,0,545,0,5,45,79,90,53,15,0,282,5,4,21,35,39,19,8,0,137,177,339,1019,1000,1044,789,214,35,4616
51103,342,39,3,2403,10,191,1661,1581,1338,710,90,3,5581,0,30,375,607,568,281,51,5,1920,21,34,86,91,77,63,15,0,393,970,1834,6030,5329,5096,3206,548,58,23072
51104,332,53,9,1769,3,59,791,777,876,485,63,7,3053,0,12,184,333,391,247,59,11,1239,30,38,75,78,105,93,27,7,448,1311,1767,4723,4990,5849,4289,1107,158,24199
59797,11,0,0,79,0,4,144,113,116,57,3,4,447,0,6,173,274,259,118,9,0,837,0,0,7,4,13,4,0,0,32,12,42,405,453,444,219,14,4,1595
59999,435,66,4,3185,3,159,1440,1367,1208,631,94,9,4908,6,56,554,768,670,358,60,7,2483,45,94,225,175,224,161,48,14,983,2008,5176,13018,11675,11951,8291,2019,229,54379
60101,29,0,0,101,0,0,11,22,25,20,0,0,86,0,0,7,5,8,7,4,0,29,6,4,6,6,11,8,0,0,43,184,236,600,594,640,473,104,14,2838
60102,169,20,0,781,0,4,96,199,254,170,35,4,755,0,5,35,75,102,78,18,4,312,17,20,32,35,38,31,10,0,182,1006,1347,2795,2979,3372,2650,573,76,14804
60103,203,17,0,855,0,4,95,223,272,175,25,3,801,0,7,24,66,94,84,23,6,309,18,22,42,50,61,46,19,0,260,1106,1752,3981,4368,4845,3723,718,95,20581
60104,63,4,3,303,0,5,36,106,126,76,19,0,359,0,0,8,29,58,39,16,4,153,9,5,13,15,13,17,11,3,91,667,720,1450,1608,1652,1362,340,44,7840
60105,624,70,7,3277,0,8,480,1210,1528,883,133,19,4256,3,6,97,506,698,510,144,14,1974,44,50,113,109,96,98,22,8,533,2019,4541,10851,11043,11607,8228,1711,195,50197
60106,23,0,0,91,0,0,10,22,26,25,0,0,91,0,0,3,8,9,4,3,0,31,5,3,3,3,13,6,7,0,47,276,225,516,577,701,594,182,31,3102
60201,373,48,0,1714,0,9,209,453,559,364,60,3,1653,6,3,59,185,275,233,64,6,831,49,53,78,97,113,92,26,3,514,2380,3749,7082,7589,8871,6661,1356,154,37848
60202,46,5,0,177,0,0,8,49,64,51,15,3,188,0,0,4,24,31,20,6,0,82,3,3,15,14,24,17,5,5,88,261,342,726,964,1267,1166,365,73,5169
60203,108,16,4,547,0,6,48,115,169,134,26,3,511,0,0,16,42,63,69,20,8,222,12,16,22,35,43,52,24,0,204,517,928,1955,2255,2947,2637,715,158,12110
60301,14,5,0,80,0,0,6,15,25,21,0,0,71,0,0,3,7,3,14,6,3,43,0,0,7,8,14,10,4,5,46,83,118,338,412,525,497,193,50,2207
60302,29,3,0,129,0,0,14,39,51,45,9,0,161,0,3,3,20,9,25,13,0,70,3,8,8,14,21,20,6,4,87,245,322,775,984,1161,1046,298,57,4886
60303,13,4,0,49,0,0,3,21,14,22,0,4,67,0,3,3,4,6,20,7,0,47,3,7,3,6,9,7,4,0,43,100,125,299,390,514,530,178,35,2170
60401,187,20,3,839,0,4,110,211,249,144,22,5,743,0,3,18,86,107,81,18,4,316,27,26,32,45,69,47,18,0,259,1283,1609,3128,3557,4651,3455,652,107,18442
60402,141,20,3,674,0,5,69,176,195,132,36,6,630,0,6,18,60,74,75,23,3,261,25,22,45,54,48,37,19,3,253,1147,1377,2907,3360,4047,3068,730,118,16756
60403,75,17,0,409,0,7,109,143,150,93,13,3,526,0,0,26,36,56,45,11,4,173,12,11,17,18,40,34,10,3,146,337,615,1355,1340,1724,1422,335,82,7211
69797,0,0,0,11,0,0,3,4,3,4,0,0,15,0,0,0,4,3,7,0,0,9,0,0,0,0,0,0,0,0,0,0,0,9,10,13,12,3,0,55
69999,52,7,0,251,0,9,60,78,75,47,6,0,280,0,5,26,32,53,33,8,4,158,15,23,27,33,34,40,13,3,186,314,712,1839,1777,2226,1841,369,54,9138
70101,360,53,4,2307,0,37,764,1131,1046,648,92,4,3718,0,5,190,495,619,411,85,6,1820,27,46,101,91,88,47,18,0,424,959,2527,7680,6197,5581,3547,821,82,27391
70102,329,50,3,1875,0,21,498,764,721,445,84,3,2539,0,12,146,308,306,221,45,10,1045,23,40,91,76,69,45,22,0,373,1123,1842,5642,5230,4663,3163,731,61,22456
70103,142,16,0,1170,8,87,930,844,658,347,38,3,2916,0,63,854,938,766,409,44,3,3079,19,26,44,52,56,36,4,0,237,458,1505,4314,3417,2992,1798,342,39,14865
70104,70,15,0,537,0,8,165,194,182,101,17,0,657,0,5,56,82,72,46,9,0,272,11,18,25,39,24,14,3,0,128,604,747,1847,1746,1432,835,174,19,7409
70201,307,50,0,1288,0,19,348,494,508,400,42,4,1820,0,4,61,157,257,160,41,0,687,18,31,79,65,64,48,20,0,331,723,1280,4051,3369,3505,2695,603,61,16290
70202,30,3,0,117,0,0,19,30,48,32,6,0,136,0,0,5,12,15,15,3,0,62,3,6,12,10,17,11,3,3,67,111,217,477,340,370,314,83,6,1919
70203,79,3,0,260,5,11,136,123,129,97,15,0,513,0,3,21,51,60,31,8,0,169,9,5,31,33,30,18,4,0,127,128,354,1089,954,1014,722,153,23,4430
70204,79,10,0,380,0,13,202,246,234,139,25,0,856,3,5,53,103,82,52,5,0,310,19,30,62,62,46,34,8,0,268,130,259,1040,1163,1038,685,140,12,4456
70205,107,20,0,480,3,15,160,151,153,117,26,4,625,0,3,31,48,60,43,13,4,197,12,23,51,29,38,34,10,0,192,304,637,1791,1325,1412,986,274,36,6759
79797,0,3,0,16,0,0,12,3,7,4,0,0,20,0,0,5,6,8,7,0,0,33,0,0,0,0,0,0,0,0,3,0,3,30,18,24,22,3,0,91
79999,24,7,0,296,0,17,173,127,111,66,8,0,499,0,13,133,84,54,36,4,0,319,5,12,16,24,16,22,3,0,89,110,266,1013,837,761,546,126,20,3679
80101,287,46,4,2098,0,14,539,1185,1072,602,98,5,3516,3,13,102,370,471,285,72,6,1324,26,34,61,54,51,30,12,3,269,1966,3202,6750,6432,5529,3506,891,87,28370
80103,160,19,4,1387,0,4,471,1023,1044,501,59,3,3108,0,4,127,411,539,274,42,0,1393,12,14,49,32,33,11,3,0,149,389,1152,3681,3815,3718,1896,286,27,14962
80104,104,24,0,751,0,6,182,335,290,158,33,0,1004,0,4,58,162,138,81,15,0,457,16,16,38,28,28,15,4,0,154,1345,1695,3619,3119,2486,1396,371,45,14083
80105,778,118,12,6031,5,32,2238,4739,4461,2109,270,13,13872,5,11,437,1612,2202,1338,201,10,5821,38,75,148,139,126,67,12,5,617,2427,6831,17519,16462,14531,7948,1495,147,67354
80106,553,115,12,4037,0,17,1597,2974,2632,1176,196,18,8616,0,7,323,1179,1642,951,191,22,4315,30,59,114,121,123,60,27,10,543,1825,4182,12443,11781,10732,6414,1569,174,49122
80107,198,27,3,1269,0,14,415,844,953,499,64,3,2784,0,0,105,228,291,203,35,4,873,25,29,35,39,37,31,13,0,212,1765,1840,4029,3937,3940,2588,552,53,18710
80108,41,13,3,222,0,0,59,177,128,82,17,0,466,0,3,15,58,79,37,21,0,213,4,3,8,9,12,11,3,0,54,389,411,869,957,782,545,219,25,4202
80109,287,44,6,1805,0,16,576,1031,1109,583,90,13,3416,0,5,107,380,448,298,67,13,1308,17,34,61,50,46,37,8,4,249,1034,2151,5782,5280,4883,3093,709,100,23027
80110,0,0,0,12,0,0,3,12,3,3,0,0,24,0,0,4,5,3,3,0,0,15,0,0,0,0,0,0,0,0,3,27,45,83,76,43,28,13,0,322
80111,5,0,0,48,0,0,17,32,42,14,3,0,100,0,0,0,8,10,6,4,0,33,0,0,0,0,3,0,0,0,5,22,51,106,86,137,65,18,0,495
89797,0,0,0,0,0,0,0,0,0,0,0,0,0,0,0,0,0,0,0,0,0,0,0,0,0,0,0,0,0,0,0,0,0,0,0,0,0,0,0,0
89999,62,12,0,351,0,3,104,148,104,58,8,0,436,7,0,39,78,70,31,14,0,238,7,21,30,19,32,7,3,0,115,410,847,1681,1424,1278,896,251,32,6819
90101,19,8,0,115,0,7,32,40,43,35,17,0,171,0,0,11,16,18,8,3,0,62,0,0,0,3,0,3,0,0,11,9,58,207,201,243,183,87,5,996
90102,8,0,0,12,0,0,4,9,4,3,0,0,25,0,0,0,3,3,0,0,0,7,0,7,0,0,3,0,0,0,8,7,19,43,48,50,54,12,0,237
90103,8,0,0,39,0,3,8,14,7,8,0,0,40,0,0,4,7,10,11,0,0,28,0,0,3,3,0,3,0,0,7,11,55,113,108,87,87,9,0,473
90104,7,3,0,28,0,0,3,10,10,9,3,0,31,0,0,3,3,10,5,6,0,28,0,0,0,8,3,3,3,0,22,46,32,103,202,239,225,105,33,986
99797,0,0,0,0,0,0,0,0,0,0,0,0,0,0,0,0,0,0,0,0,0,0,0,0,0,0,0,0,0,0,0,0,0,0,0,0,0,0,0,0
99999,0,0,0,9,0,3,3,0,5,3,0,0,17,0,0,7,14,8,6,0,0,27,0,0,0,0,0,0,0,0,0,0,7,26,23,33,17,4,0,118