GCCSA_CODE_2016,SS_NS_1000_1249_Mng,SS_NS_1000_1249_Pro,SS_NS_1000_1249_TecTW,SS_NS_1000_1249_CoPSW,SS_NS_1000_1249_ClAW,SS_NS_1000_1249_SWks,SS_NS_1000_1249_MaOpDv,SS_NS_1000_1249_Lab,SS_NS_1000_1249_IDNS,SS_NS_1000_1249_Tot,SS_NS_1250_1499_Mng,SS_NS_1250_1499_Pro,SS_NS_1250_1499_TecTW,SS_NS_1250_1499_CoPSW,SS_NS_1250_1499_ClAW,SS_NS_1250_1499_SWks,SS_NS_1250_1499_MaOpDv,SS_NS_1250_1499_Lab,SS_NS_1250_1499_IDNS,SS_NS_1250_1499_Tot,SS_NS_1500_1749_Mng,SS_NS_1500_1749_Pro,SS_NS_1500_1749_TecTW,SS_NS_1500_1749_CoPSW,SS_NS_1500_1749_ClAW,SS_NS_1500_1749_SWks,SS_NS_1500_1749_MaOpDv,SS_NS_1500_1749_Lab,SS_NS_1500_1749_IDNS,SS_NS_1500_1749_Tot,SS_NS_1750_1999_Mng,SS_NS_1750_1999_Pro,SS_NS_1750_1999_TecTW,SS_NS_1750_1999_CoPSW,SS_NS_1750_1999_ClAW,SS_NS_1750_1999_SWks,SS_NS_1750_1999_MaOpDv,SS_NS_1750_1999_Lab,SS_NS_1750_1999_IDNS,SS_NS_1750_1999_Tot,SS_NS_2000_2999_Mng,SS_NS_2000_2999_Pro,SS_NS_2000_2999_TecTW,SS_NS_2000_2999_CoPSW,SS_NS_2000_2999_ClAW,SS_NS_2000_2999_SWks,SS_NS_2000_2999_MaOpDv,SS_NS_2000_2999_Lab,SS_NS_2000_2999_IDNS,SS_NS_2000_2999_Tot,SS_NS_3000mo_Mng,SS_NS_3000mo_Pro,SS_NS_3000mo_TecTW,SS_NS_3000mo_CoPSW,SS_NS_3000mo_ClAW,SS_NS_3000mo_SWks,SS_NS_3000mo_MaOpDv,SS_NS_3000mo_Lab,SS_NS_3000mo_IDNS,SS_NS_3000mo_Tot,SS_NS_PINS_Mng,SS_NS_PINS_Pro,SS_NS_PINS_TecTW,SS_NS_PINS_CoPSW,SS_NS_PINS_ClAW,SS_NS_PINS_SWks,SS_NS_PINS_MaOpDv,SS_NS_PINS_Lab,SS_NS_PINS_IDNS,SS_NS_PINS_Tot,SS_NS_Tot_Mng,SS_NS_Tot_Pro,SS_NS_Tot_TecTW,SS_NS_Tot_CoPSW,SS_NS_Tot_ClAW,SS_NS_Tot_SWks,SS_NS_Tot_MaOpDv,SS_NS_Tot_Lab,SS_NS_Tot_IDNS,SS_NS_Tot_Tot,Tot_NNI_Mng,Tot_NNI_Pro,Tot_NNI_TecTW,Tot_NNI_CoPSW,Tot_NNI_ClAW,Tot_NNI_SWks,Tot_NNI_MaOpDv,Tot_NNI_Lab,Tot_NNI_IDNS,Tot_NNI_Tot,Tot_1_149_Mng,Tot_1_149_Pro,Tot_1_149_TecTW,Tot_1_149_CoPSW,Tot_1_149_ClAW,Tot_1_149_SWks,Tot_1_149_MaOpDv,Tot_1_149_Lab,Tot_1_149_IDNS,Tot_1_149_Tot,Tot_150_299_Mng,Tot_150_299_Pro,Tot_150_299_TecTW,Tot_150_299_CoPSW,Tot_150_299_ClAW,Tot_150_299_SWks,Tot_150_299_MaOpDv,Tot_150_299_Lab,Tot_150_299_IDNS,Tot_150_299_Tot,Tot_300_399_Mng,Tot_300_399_Pro,Tot_300_399_TecTW,Tot_300_399_CoPSW,Tot_300_399_ClAW,Tot_300_399_SWks,Tot_300_399_MaOpDv,Tot_300_399_Lab,Tot_300_399_IDNS,Tot_300_399_Tot,Tot_400_499_Mng,Tot_400_499_Pro,Tot_400_499_TecTW,Tot_400_499_CoPSW,Tot_400_499_ClAW,Tot_400_499_SWks,Tot_400_499_MaOpDv,Tot_400_499_Lab,Tot_400_499_IDNS,Tot_400_499_Tot,Tot_500_649_Mng,Tot_500_649_Pro,Tot_500_649_TecTW,Tot_500_649_CoPSW,Tot_500_649_ClAW,Tot_500_649_SWks,Tot_500_649_MaOpDv,Tot_500_649_Lab,Tot_500_649_IDNS,Tot_500_649_Tot,Tot_650_799_Mng,Tot_650_799_Pro,Tot_650_799_TecTW,Tot_650_799_CoPSW,Tot_650_799_ClAW,Tot_650_799_SWks,Tot_650_799_MaOpDv,Tot_650_799_Lab,Tot_650_799_IDNS,Tot_650_799_Tot,Tot_800_999_Mng,Tot_800_999_Pro,Tot_800_999_TecTW,Tot_800_999_CoPSW,Tot_800_999_ClAW,Tot_800_999_SWks,Tot_800_999_MaOpDv,Tot_800_999_Lab,Tot_800_999_IDNS,Tot_800_999_Tot,Tot_1000_1249_Mng,Tot_1000_1249_Pro,Tot_1000_1249_TecTW,Tot_1000_1249_CoPSW,Tot_1000_1249_ClAW,Tot_1000_1249_SWks,Tot_1000_1249_MaOpDv,Tot_1000_1249_Lab,Tot_1000_1249_IDNS,Tot_1000_1249_Tot,Tot_1250_1499_Mng,Tot_1250_1499_Pro,Tot_1250_1499_TecTW,Tot_1250_1499_CoPSW,Tot_1250_1499_ClAW,Tot_1250_1499_SWks,Tot_1250_1499_MaOpDv,Tot_1250_1499_Lab,Tot_1250_1499_IDNS,Tot_1250_1499_Tot,Tot_1500_1749_Mng,Tot_1500_1749_Pro,Tot_1500_1749_TecTW,Tot_1500_1749_CoPSW,Tot_1500_1749_ClAW,Tot_1500_1749_SWks,Tot_1500_1749_MaOpDv,Tot_1500_1749_Lab,Tot_1500_1749_IDNS,Tot_1500_1749_Tot,Tot_1750_1999_Mng,Tot_1750_1999_Pro,Tot_1750_1999_TecTW,Tot_1750_1999_CoPSW,Tot_1750_1999_ClAW,Tot_1750_1999_SWks,Tot_1750_1999_MaOpDv,Tot_1750_1999_Lab,Tot_1750_1999_IDNS,Tot_1750_1999_Tot
9OTER,0,0,0,0,0,0,0,0,0,0,0,0,0,0,0,0,0,0,0,0,0,0,0,0,0,0,0,0,0,0,0,0,0,0,0,0,0,0,0,0,0,0,0,0,0,0,0,0,0,0,0,0,0,0,0,0,0,0,0,0,0,0,0,0,0,0,0,0,0,0,0,0,0,0,0,0,0,0,0,6,0,0,0,0,0,0,0,0,0,3,0,0,0,8,0,6,0,5,0,25,0,0,0,7,0,3,0,0,0,13,0,0,0,0,0,0,0,0,0,5,0,0,3,0,0,0,0,0,0,4,0,0,0,0,0,0,0,0,0,4,0,0,0,0,0,0,0,0,0,3,0,0,0,0,0,0,0,0,0,3,0,0,0,0,0,0,0,0,0,0,0,0,0,0,0,0,0,0,0,0,0,0,0,0,0,0,0,0,0,0,0,0,0,0,0,0,0,0,0,0
99799,0,0,0,0,0,0,0,0,0,0,0,0,0,0,0,0,0,0,0,0,0,0,0,0,0,0,0,0,0,0,0,0,0,0,0,0,0,0,0,0,0,0,0,0,0,0,0,0,0,0,0,0,0,0,0,0,0,0,0,0,0,0,0,0,0,0,0,0,0,0,0,0,0,0,0,0,0,0,0,0,0,0,0,0,0,0,0,0,0,0,0,0,0,0,0,0,0,0,0,0,0,0,0,0,0,0,0,0,0,0,0,0,0,0,0,0,0,0,0,0,0,0,0,0,0,0,0,0,0,0,0,0,0,0,0,0,0,0,0,0,0,0,0,0,0,0,0,0,0,0,0,0,0,0,0,0,0,0,0,0,0,0,0,0,0,0,0,0,0,0,0,0,0,0,0,0,0,0,0,0,0,0,0,0,0,0,0,0,0,0,0,0,0,0,0,0,0,0,0,0
99499,0,0,0,0,0,0,0,0,0,0,0,0,0,0,0,0,0,0,0,0,0,0,0,0,0,0,0,0,0,0,0,0,0,0,0,0,0,0,0,0,0,0,0,0,0,0,0,0,0,0,0,0,0,0,0,0,0,0,0,0,0,0,0,0,0,0,0,0,0,0,0,0,0,0,0,0,0,0,0,0,0,0,0,0,0,0,0,0,0,0,0,0,0,0,0,0,0,0,0,0,0,0,0,0,0,0,0,0,0,0,0,0,0,0,0,0,0,0,0,0,0,0,0,0,0,0,0,0,0,0,0,0,0,0,0,0,0,0,0,0,0,0,0,0,0,0,0,0,0,0,0,0,0,0,0,0,0,0,0,0,0,0,0,0,0,0,0,0,0,0,0,0,0,0,0,0,0,0,0,0,0,0,0,0,0,0,0,0,0,0,0,0,0,0,0,0,0,0,0,0
8ACTE,0,3,0,0,0,0,0,0,0,7,0,3,0,0,0,0,0,0,0,3,0,0,0,0,0,0,0,0,0,0,0,0,0,0,0,0,0,0,0,0,0,0,0,0,0,0,0,0,0,0,0,0,0,0,0,0,0,0,0,0,0,0,8,0,3,0,0,0,3,15,3,10,12,25,12,25,0,10,5,104,0,19,4,61,10,64,3,46,14,217,61,258,130,1495,176,2363,86,914,67,5552,56,173,100,1184,287,1224,69,413,28,3536,38,111,132,665,197,608,40,171,17,1976,43,120,259,542,212,405,16,148,19,1772,231,150,338,456,196,341,23,97,11,1845,274,137,256,315,182,123,9,43,18,1341,228,136,126,181,193,90,7,30,11,995,136,201,62,92,199,20,7,12,19,744,48,133,24,34,112,8,0,5,9,374,23,46,7,14,28,4,0,0,5,125,3,12,4,9,4,0,0,0,0,30
89799,0,0,0,0,0,0,0,0,0,0,0,0,0,0,0,0,0,0,0,0,0,0,0,0,0,0,0,0,0,0,0,0,0,0,0,0,0,0,0,0,0,0,0,0,0,0,0,0,0,0,0,0,0,0,0,0,0,0,0,0,0,0,0,0,0,0,0,0,0,0,0,0,0,0,0,0,0,0,0,0,0,0,0,0,0,0,0,0,0,0,0,0,0,0,0,0,0,0,0,0,0,0,0,0,0,0,0,0,0,0,0,0,0,0,0,0,0,0,0,0,0,0,0,0,0,0,0,0,0,0,0,0,0,0,0,0,0,0,0,0,0,0,0,0,0,0,0,0,0,0,0,0,0,0,0,0,0,0,0,0,0,0,0,0,0,0,0,0,0,0,0,0,0,0,0,0,0,0,0,0,0,0,0,0,0,0,0,0,0,0,0,0,0,0,0,0,0,0,0,0
89499,0,0,0,0,0,0,0,0,0,0,0,0,0,0,0,0,0,0,0,0,0,0,0,0,0,0,0,0,0,0,0,0,0,0,0,0,0,0,0,0,0,0,0,0,0,0,0,0,0,0,0,0,0,0,0,0,0,0,0,0,0,0,0,0,0,0,0,0,0,0,0,0,0,0,0,0,3,0,0,3,0,7,3,4,0,0,0,3,0,18,0,60,12,72,13,16,3,10,3,189,0,25,3,35,9,10,3,7,0,102,0,19,11,18,0,6,0,3,0,58,3,8,32,17,3,7,0,4,0,77,3,3,59,7,3,0,3,0,0,81,0,3,41,8,0,0,0,0,0,55,3,6,19,6,3,0,3,0,0,37,0,0,14,3,0,0,0,0,0,18,0,0,3,0,0,0,0,0,0,10,0,0,0,0,0,0,0,0,0,3,0,0,0,0,0,0,0,0,0,0
7RNTE,0,0,0,0,0,0,0,3,0,4,0,0,0,0,0,0,0,0,0,3,0,0,0,0,0,0,0,0,0,0,0,0,0,0,0,0,0,0,0,0,0,0,0,0,0,0,0,0,0,0,0,0,0,0,0,0,0,0,0,0,0,0,0,3,0,0,0,0,17,22,0,6,11,10,4,5,0,14,22,64,5,0,0,4,0,3,0,5,3,25,0,9,8,52,10,178,3,76,8,337,0,0,5,17,3,56,0,27,0,110,3,3,5,5,3,15,3,11,0,52,4,3,13,9,3,5,0,8,0,45,3,5,32,16,4,5,0,14,0,78,0,0,53,24,8,3,0,8,4,109,3,6,31,13,16,9,3,13,4,98,3,18,14,9,18,3,0,4,5,70,0,7,4,7,0,0,0,3,0,29,0,11,0,0,3,0,0,4,0,14,0,0,3,0,0,0,4,0,0,4
7GDAR,0,0,4,3,5,0,0,0,0,9,0,0,4,0,0,0,0,0,0,10,0,0,0,0,0,0,0,0,0,0,0,0,0,0,0,0,0,0,0,0,0,0,0,0,0,0,0,0,0,0,0,0,0,0,0,0,0,0,0,0,0,0,0,0,0,0,0,0,6,11,3,0,19,12,7,16,3,8,9,82,0,3,4,17,3,34,0,17,6,71,6,31,37,177,36,533,11,194,17,1045,5,13,32,92,35,242,6,85,8,523,6,12,44,68,19,105,13,63,6,330,5,5,70,81,17,76,13,45,3,319,8,10,88,69,25,44,10,22,0,266,4,14,75,81,37,40,3,19,0,274,11,18,43,55,46,24,9,13,3,219,8,38,28,34,52,10,3,10,3,185,12,15,20,18,27,3,3,0,0,95,4,12,9,4,7,0,0,0,3,38,3,0,6,0,0,0,0,0,0,10
79799,0,0,0,0,0,0,0,0,0,0,0,0,0,0,0,0,0,0,0,0,0,0,0,0,0,0,0,0,0,0,0,0,0,0,0,0,0,0,0,0,0,0,0,0,0,0,0,0,0,0,0,0,0,0,0,0,0,0,0,0,0,0,0,0,0,0,0,0,0,0,0,0,0,0,0,0,0,0,0,0,0,0,0,0,0,0,0,0,0,0,0,0,0,0,0,0,0,0,0,0,0,0,0,0,0,0,0,0,0,0,0,0,0,0,0,0,0,0,0,0,0,0,0,0,0,0,0,0,0,0,0,0,0,0,0,0,0,0,0,0,0,0,0,0,0,0,0,0,0,0,0,0,0,0,0,0,0,0,0,0,0,0,0,0,0,0,0,0,0,0,0,0,0,0,0,0,0,0,0,0,0,0,0,0,0,0,0,0,0,0,0,0,0,0,0,0,0,0,0,0
79499,0,0,0,0,0,0,0,0,0,0,0,0,0,0,0,0,0,0,0,0,0,0,0,0,0,0,0,0,0,0,0,0,0,0,0,0,0,0,0,0,0,0,0,0,0,0,0,0,0,0,0,0,0,0,0,0,0,0,0,0,0,0,0,0,0,0,0,0,0,3,0,0,3,0,0,0,0,0,0,3,0,0,0,0,0,0,0,3,0,3,0,0,0,4,0,0,0,6,0,16,0,0,0,4,0,3,0,0,0,17,0,0,0,0,0,0,0,3,0,12,0,0,3,0,0,0,0,0,0,7,0,0,8,0,0,0,0,0,0,9,0,0,4,4,0,0,0,0,0,8,0,0,0,0,0,0,0,0,0,3,0,0,5,3,0,0,0,0,0,8,0,0,0,0,0,0,0,0,0,0,0,0,3,0,0,0,0,0,0,3,0,0,0,0,0,0,0,0,0,0
6RTAS,0,0,3,0,0,0,0,0,0,3,0,0,0,0,0,0,0,0,0,3,0,0,0,0,0,0,0,0,0,3,0,0,0,0,0,0,0,0,0,0,0,0,0,0,0,0,0,0,0,0,0,0,0,0,0,0,0,0,0,3,0,0,3,0,0,0,0,0,7,11,12,7,30,13,5,21,12,27,12,138,5,4,8,20,6,53,0,31,6,133,22,37,59,422,64,1341,47,640,26,2648,10,28,45,216,43,507,29,210,11,1103,6,17,72,149,25,167,12,67,4,517,6,21,144,104,27,113,4,44,0,464,21,14,182,97,36,71,18,35,3,471,12,21,125,55,23,34,7,35,0,318,15,28,44,20,22,14,0,17,0,156,10,21,25,7,7,6,0,3,0,92,0,24,8,3,3,0,0,4,0,42,0,7,4,0,0,0,0,3,0,12,0,0,3,0,0,0,0,0,0,9
6GHOB,0,0,0,0,0,0,0,0,0,7,0,0,0,0,0,0,0,0,0,0,0,0,0,0,0,0,0,0,0,0,0,0,0,0,0,0,0,0,0,0,0,0,0,0,0,0,0,0,0,0,0,0,0,0,0,0,0,0,0,0,0,0,0,0,0,0,0,0,0,5,0,10,17,23,8,16,0,13,3,96,0,6,0,23,3,45,3,28,3,111,15,67,42,533,66,1218,38,584,30,2592,14,51,50,320,80,583,31,264,19,1407,7,34,73,171,56,233,16,92,9,684,11,27,121,157,56,151,12,71,11,610,13,29,176,142,39,86,8,36,0,531,5,34,112,69,36,35,8,23,0,319,14,22,56,51,31,18,4,4,0,199,4,35,16,12,20,3,0,3,0,95,0,18,3,4,6,3,0,0,0,31,0,9,5,3,0,0,0,0,0,13,0,0,0,0,0,0,0,0,0,3
69799,0,0,0,0,0,0,0,0,0,0,0,0,0,0,0,0,0,0,0,0,0,0,0,0,0,0,0,0,0,0,0,0,0,0,0,0,0,0,0,0,0,0,0,0,0,0,0,0,0,0,0,0,0,0,0,0,0,0,0,0,0,0,0,0,0,0,0,0,0,0,0,0,0,0,0,0,0,0,0,0,0,0,0,0,0,0,0,0,0,0,0,0,0,0,0,0,0,0,0,0,0,0,0,0,0,0,0,0,0,0,0,0,0,0,0,0,0,0,0,0,0,0,0,0,0,0,0,0,0,0,0,0,0,0,0,0,0,0,0,0,0,0,0,0,0,0,0,0,0,0,0,0,0,0,0,0,0,0,0,0,0,0,0,0,0,0,0,0,0,0,0,0,0,0,0,0,0,0,0,0,0,0,0,0,0,0,0,0,0,0,0,0,0,0,0,0,0,0,0,0
69499,0,0,3,0,0,0,0,0,0,6,0,0,0,0,0,0,0,0,0,0,0,0,0,0,0,0,0,0,0,0,0,0,0,0,0,0,0,0,0,0,0,0,0,0,0,0,0,0,0,0,0,0,0,0,0,0,0,0,0,0,0,0,0,0,0,0,0,0,3,3,6,0,6,0,0,3,0,0,5,19,0,0,0,3,0,0,0,0,0,6,0,3,0,28,3,13,0,13,3,68,3,3,5,17,0,9,0,13,0,42,0,0,12,5,0,0,0,0,0,17,0,0,14,4,0,0,0,0,0,28,4,3,33,4,0,0,0,4,0,48,3,0,10,9,0,0,0,0,0,24,3,0,3,0,0,0,0,0,0,9,0,0,3,0,0,0,0,0,0,7,0,0,0,3,0,0,0,0,0,4,0,0,0,0,0,0,0,0,0,0,0,0,0,0,0,0,0,0,0,0
5RWAU,0,0,8,0,0,0,0,3,0,10,0,3,0,0,0,0,0,0,0,7,0,0,7,0,0,0,3,0,0,10,0,0,0,0,0,0,0,0,0,3,0,0,3,0,0,0,0,0,0,8,0,0,0,0,0,0,0,0,0,0,0,0,0,0,0,0,0,3,5,17,3,17,58,32,10,30,6,35,13,207,20,3,15,43,8,103,0,67,17,268,28,39,91,585,83,2233,48,962,55,4122,18,17,59,166,48,429,17,231,21,1013,15,22,135,122,40,119,12,101,3,558,5,17,261,106,43,81,8,55,0,577,10,14,314,123,52,61,7,53,10,649,15,26,198,96,72,52,7,40,4,508,17,27,113,62,52,15,12,29,3,336,16,35,79,28,49,7,7,15,4,230,3,17,53,9,13,0,5,13,3,121,0,3,35,5,9,0,6,3,0,70,0,14,27,3,3,0,5,3,0,59
5GPER,0,3,9,3,5,6,0,7,4,38,0,7,0,0,0,0,0,0,0,16,0,0,0,0,0,0,0,0,0,7,0,0,3,0,0,0,0,0,0,6,0,0,0,0,0,0,0,0,0,0,0,0,0,0,0,0,0,0,4,4,0,0,3,3,3,4,4,4,15,40,17,31,108,90,46,150,21,97,40,593,14,40,41,200,48,374,26,228,62,1021,162,705,411,4430,661,10239,406,4817,227,22065,169,530,432,3166,772,5575,407,2289,113,13463,130,328,628,1924,531,2589,254,1268,70,7720,137,248,1112,1377,456,1581,186,813,46,5956,141,241,1214,1103,423,1038,145,483,41,4836,126,216,715,639,359,436,87,217,36,2839,152,179,348,330,284,170,59,129,29,1683,68,261,173,176,219,74,30,35,22,1043,33,176,63,76,67,27,5,19,8,465,11,68,37,44,40,13,8,6,4,230,9,18,16,11,12,11,4,7,0,83
59799,0,0,0,0,0,0,0,0,0,0,0,0,0,0,0,0,0,0,0,0,0,0,0,0,0,0,0,0,0,0,0,0,0,0,0,0,0,0,0,0,0,0,0,0,0,0,0,0,0,0,0,0,0,0,0,0,0,0,0,0,0,0,0,0,0,0,0,0,0,0,0,0,0,0,0,0,0,0,0,0,0,0,0,0,0,0,0,0,0,0,0,0,0,0,0,0,0,6,0,5,0,0,0,0,0,0,0,0,0,0,0,0,0,0,0,0,0,0,0,0,0,0,0,0,0,0,0,0,0,3,0,0,0,0,0,0,0,0,0,0,0,0,0,0,0,0,0,0,0,0,0,3,0,0,0,0,0,0,0,3,0,0,0,0,0,0,0,0,0,0,0,0,0,0,0,0,0,0,0,0,0,0,0,0,0,0,0,0,0,0,0,0,0,0,0,0,0,0,0,0
59499,0,0,7,0,0,0,0,0,0,3,0,0,3,0,0,0,0,0,0,6,0,0,0,0,0,0,0,0,0,4,0,0,0,0,0,0,0,0,0,0,0,0,0,0,0,0,0,0,0,0,0,0,0,0,0,0,0,0,0,0,0,0,3,0,0,0,0,0,4,6,0,0,37,6,0,4,0,16,5,70,0,8,4,11,3,4,4,17,10,47,11,87,18,193,25,66,8,126,17,551,3,78,28,111,15,23,11,76,7,367,4,31,81,56,10,16,6,33,9,240,0,13,169,48,6,11,8,27,5,284,0,10,210,23,3,9,8,17,3,291,0,3,89,18,5,5,7,16,0,142,4,4,52,5,4,3,3,7,0,78,0,3,29,9,0,0,0,8,0,46,0,3,13,3,0,0,3,0,0,25,0,0,5,0,0,0,0,0,0,9,0,0,4,0,0,0,0,0,0,5
4RSAU,4,0,0,0,0,0,0,0,0,11,0,3,0,0,0,0,0,0,0,8,0,0,0,0,0,0,0,0,0,0,0,0,0,0,0,0,0,0,0,0,0,0,0,0,0,0,0,0,0,0,0,0,0,0,0,0,0,0,0,0,0,0,3,0,0,5,0,0,3,19,11,7,34,21,9,32,7,40,12,163,14,0,12,29,3,61,3,73,21,209,38,28,113,535,60,1516,53,1089,36,3468,7,27,64,203,32,459,27,286,8,1115,14,14,83,135,31,123,8,86,5,502,6,16,174,106,45,104,5,60,8,519,9,17,210,121,40,71,11,57,9,542,14,25,116,82,36,42,6,40,3,356,23,23,51,43,25,23,3,26,3,221,11,24,22,21,16,4,4,7,0,113,0,15,13,4,0,3,0,5,0,45,0,0,5,0,0,0,4,0,0,10,0,3,0,0,0,0,0,0,0,4
4GADE,0,3,3,0,4,0,0,3,0,19,0,3,0,0,0,0,0,0,0,9,0,0,0,0,0,0,0,0,0,4,0,0,0,0,0,0,0,0,0,0,0,0,0,0,0,0,0,0,0,0,0,0,0,0,0,0,0,0,0,0,0,4,3,8,3,7,3,6,14,36,9,22,56,76,18,117,20,68,34,421,9,21,27,133,30,215,14,153,31,639,117,428,219,2963,424,6536,221,3732,139,14769,101,334,248,2248,465,3872,229,1777,91,9359,78,205,303,1298,345,1695,117,777,31,4858,82,170,558,975,305,1015,77,484,37,3706,91,203,623,774,287,619,53,271,36,2951,88,154,405,458,237,276,29,118,12,1771,93,183,185,246,209,104,17,58,17,1120,40,171,93,96,110,44,8,27,7,589,7,65,28,39,35,9,3,6,3,193,6,34,14,24,16,5,0,6,0,104,0,7,0,10,5,0,0,0,0,30
49799,0,0,0,0,0,0,0,0,0,0,0,0,0,0,0,0,0,0,0,0,0,0,0,0,0,0,0,0,0,0,0,0,0,0,0,0,0,0,0,0,0,0,0,0,0,0,0,0,0,0,0,0,0,0,0,0,0,0,0,0,0,0,0,0,0,0,0,0,0,0,0,0,0,0,0,0,0,0,0,0,0,0,0,0,0,0,0,0,0,0,0,0,0,0,0,0,0,0,0,0,0,0,0,0,0,0,0,0,0,0,0,0,0,0,0,0,0,0,0,0,0,0,0,0,0,0,0,0,0,0,0,0,0,0,0,0,0,0,0,0,0,0,0,0,0,0,0,0,0,0,0,0,0,0,0,0,0,0,0,0,0,0,0,0,0,0,0,0,0,0,0,0,0,0,0,0,0,0,0,0,0,0,0,0,0,0,0,0,0,0,0,0,0,0,0,0,0,0,0,0
49499,0,0,0,0,0,0,0,0,0,0,0,0,0,0,0,0,0,0,0,0,0,0,0,0,0,0,0,0,0,0,0,0,0,0,0,0,0,0,0,0,0,0,0,0,0,0,0,0,0,0,0,0,0,0,0,0,0,0,0,0,0,0,0,0,0,0,0,0,3,3,0,0,10,5,0,3,0,9,4,24,0,3,6,13,3,3,0,10,6,42,5,69,31,138,8,37,3,87,12,392,3,51,25,77,15,23,13,45,0,247,0,12,47,36,3,18,7,30,0,152,7,9,69,32,9,8,0,12,0,149,0,11,110,23,4,6,0,18,0,176,0,3,69,13,0,3,0,10,0,99,0,4,22,3,0,0,0,5,0,43,0,6,10,6,0,0,0,0,0,19,0,0,3,0,0,0,0,0,0,4,0,0,0,0,0,0,0,0,0,4,0,0,0,0,0,0,0,0,0,0
3RQLD,0,12,17,0,4,9,4,3,0,49,0,3,0,0,0,0,3,5,0,16,0,0,3,0,0,0,0,3,0,6,0,0,0,0,0,0,0,0,0,3,0,0,5,0,0,0,5,3,0,13,0,0,0,0,0,0,0,0,3,6,3,3,15,16,0,14,3,14,37,101,22,44,209,115,59,206,46,193,80,979,42,25,61,227,64,405,19,314,93,1255,164,468,865,4408,771,12035,360,5745,273,25090,101,338,480,2205,531,4473,253,1754,99,10226,114,226,520,1401,406,1862,151,763,41,5490,107,213,936,1185,348,1260,105,569,40,4755,136,281,1331,1252,497,975,89,440,33,5028,172,242,896,882,504,462,71,267,28,3527,147,298,492,405,361,180,48,138,13,2094,67,292,266,164,191,52,29,51,6,1124,27,151,112,71,57,16,13,22,3,470,8,75,74,34,9,9,13,8,0,235,0,25,37,7,11,3,3,0,0,87
3GBRI,4,6,8,10,7,0,3,5,0,41,0,11,4,3,0,0,0,0,4,25,0,0,0,0,0,0,0,0,0,3,0,0,0,0,0,0,0,0,0,0,0,0,0,0,0,0,0,0,0,0,0,0,0,0,0,0,0,0,0,3,0,0,12,5,3,3,0,0,28,56,13,36,131,105,59,118,26,115,69,684,25,62,50,235,80,383,29,239,93,1199,181,1019,730,5089,1136,10960,462,5243,272,25086,176,896,564,3857,1250,6149,441,2418,160,15903,200,578,648,2270,1059,3066,277,1262,79,9432,178,479,967,1766,927,2111,215,990,86,7717,217,564,1199,1609,934,1412,192,619,58,6806,235,451,767,1002,759,625,97,297,54,4284,213,471,486,443,666,257,75,146,29,2785,109,428,226,200,386,83,33,54,21,1546,41,274,99,85,115,23,9,14,5,677,25,117,47,35,38,12,3,9,0,285,3,36,11,12,0,8,3,3,4,82
39799,0,0,0,0,0,0,0,0,0,0,0,0,0,0,0,0,0,0,0,0,0,0,0,0,0,0,0,0,0,0,0,0,0,0,0,0,0,0,0,0,0,0,0,0,0,0,0,0,0,0,0,0,0,0,0,0,0,0,0,0,0,0,0,0,0,0,0,0,0,0,0,0,0,0,0,0,0,0,0,0,0,0,0,0,0,0,0,0,0,0,0,0,0,0,0,0,0,0,0,0,0,0,0,0,0,0,0,0,0,0,0,0,0,0,0,0,0,0,0,0,0,0,0,0,0,0,0,0,0,0,0,0,0,0,0,0,0,0,0,0,0,0,0,0,0,0,0,0,0,0,0,0,0,0,0,0,0,0,0,0,0,0,0,0,0,0,0,0,0,0,0,0,0,0,0,0,0,0,0,0,0,0,0,0,0,0,0,0,0,0,0,0,0,0,0,0,0,0,0,0
39499,0,0,4,0,0,0,0,0,0,3,0,0,0,0,0,0,0,0,0,0,0,0,0,0,0,0,0,0,0,0,0,0,0,0,0,0,0,0,0,0,0,0,0,0,0,0,0,0,0,0,0,0,0,0,0,0,0,0,0,0,0,0,3,0,0,0,0,3,3,8,0,0,40,8,3,0,7,22,3,93,8,8,12,24,4,21,3,26,10,106,11,199,148,317,32,113,23,194,28,1081,3,100,80,150,38,70,16,111,15,571,5,40,121,110,9,40,10,49,3,391,3,28,203,61,18,26,10,65,8,415,13,17,273,38,16,24,10,36,5,436,11,13,185,36,8,9,7,25,3,291,8,8,80,14,3,7,0,17,0,149,7,12,34,11,3,3,4,8,0,74,0,5,11,6,0,0,0,6,3,28,0,0,10,0,0,0,0,0,0,15,0,0,4,0,0,0,0,0,0,5
2RVIC,0,11,11,3,0,0,3,7,0,33,0,5,5,3,0,0,0,0,0,10,0,0,0,4,0,0,0,0,0,3,0,3,0,0,0,0,0,0,0,3,0,0,0,0,0,0,0,0,0,0,0,0,0,0,0,0,0,0,0,5,0,4,6,3,0,5,0,11,23,62,35,39,192,109,43,144,23,119,53,748,38,9,54,162,37,340,7,289,78,1011,159,212,450,2880,413,8551,125,4564,211,17563,98,179,305,1542,262,2681,130,1266,79,6539,71,133,457,922,203,1078,66,548,30,3512,86,95,998,764,182,655,67,338,32,3221,108,134,1216,621,221,455,43,266,31,3080,83,130,621,377,133,207,41,149,16,1760,91,167,292,184,149,70,21,82,12,1063,44,123,146,82,58,31,14,38,6,545,14,64,33,26,8,11,0,10,0,163,5,19,16,12,6,3,3,3,0,76,3,7,8,4,5,3,0,0,0,30
2GMEL,8,12,22,11,10,9,0,8,3,73,3,4,8,0,3,0,0,3,0,33,0,3,4,0,0,0,0,0,0,12,0,3,0,0,0,0,0,0,0,7,0,0,0,0,0,0,0,0,0,3,0,0,0,0,0,0,0,0,7,8,0,8,20,20,11,21,4,12,44,132,53,86,296,205,113,338,54,194,127,1467,54,140,114,559,186,1043,57,493,205,2857,454,2152,926,10825,2165,23580,651,9891,645,51284,472,1705,1133,7917,2513,13405,741,4717,371,32977,422,1032,1626,4480,1788,6683,583,2869,226,19716,423,853,2671,3086,1427,4146,442,2051,182,15284,437,891,2941,2331,1341,2653,349,1255,146,12349,354,755,1590,1214,953,1093,237,575,98,6880,341,791,849,669,778,453,141,260,57,4344,182,733,469,307,408,172,44,110,41,2468,66,314,146,107,129,72,17,29,21,896,32,92,75,71,62,37,13,22,14,417,11,34,22,26,14,9,3,8,0,125
29799,0,0,0,0,0,0,0,0,0,0,0,0,0,0,0,0,0,0,0,0,0,0,0,0,0,0,0,0,0,0,0,0,0,0,0,0,0,0,0,0,0,0,0,0,0,0,0,0,0,0,0,0,0,0,0,0,0,0,0,0,0,0,0,0,0,0,0,0,0,0,0,0,0,0,0,0,0,0,0,0,0,0,0,0,0,0,0,0,0,0,0,0,0,0,0,0,0,0,0,0,0,0,0,0,0,0,0,0,0,3,0,0,0,0,0,0,0,0,0,0,0,0,0,0,0,0,0,0,0,0,0,0,0,0,0,0,0,0,0,0,0,0,0,0,0,0,0,0,0,0,0,0,0,0,0,0,0,0,0,0,0,0,0,0,0,0,0,0,0,0,0,0,0,0,0,0,0,0,0,0,0,0,0,0,0,0,0,0,0,0,0,0,0,0,0,0,0,0,0,0
29499,0,0,3,0,0,0,0,0,0,8,0,0,3,0,0,0,0,0,0,3,0,0,0,0,0,0,0,0,0,3,0,0,0,0,0,0,0,0,0,0,0,0,0,0,0,0,0,0,0,0,0,0,0,0,0,0,0,0,0,0,0,0,4,0,0,0,0,0,3,7,7,9,83,12,5,7,7,26,10,164,0,20,25,24,3,20,3,33,10,139,15,275,116,618,45,174,35,260,29,1579,5,185,126,281,53,132,32,149,22,986,14,70,223,138,23,60,38,118,7,698,16,43,685,70,21,45,11,107,15,1009,17,33,679,52,6,18,21,57,8,907,13,19,359,34,10,11,15,42,15,514,9,13,145,19,8,10,7,18,3,223,4,3,71,6,3,3,9,3,4,110,6,3,31,0,0,0,0,3,0,48,0,0,7,0,0,0,0,0,0,12,0,0,7,0,0,0,0,0,0,5
1RNSW,3,9,13,6,4,0,7,10,3,59,3,3,6,0,0,0,0,3,0,26,0,3,0,0,0,0,0,3,0,7,0,3,0,0,0,0,0,0,0,4,0,0,0,0,0,0,0,0,0,0,0,0,0,3,0,0,0,0,0,6,3,0,17,3,3,19,5,10,31,98,51,61,266,169,63,190,32,207,93,1138,42,33,44,250,42,499,33,387,121,1445,182,559,495,4645,641,13193,462,6728,319,27223,129,423,459,2653,445,4477,282,2068,113,11043,102,297,875,1850,394,1760,148,839,51,6328,119,293,2036,1480,376,1210,113,543,44,6218,164,365,2349,1445,481,941,97,437,44,6320,161,370,1280,1010,451,483,57,255,35,4108,170,355,653,506,343,188,44,136,20,2410,87,302,321,201,163,63,30,67,14,1251,38,177,118,86,40,18,11,20,0,509,18,61,44,29,12,10,9,6,0,196,3,22,24,10,3,0,4,0,4,66
1GSYD,6,21,17,9,16,3,3,13,8,99,3,4,3,0,4,0,3,4,3,30,0,0,0,0,0,0,5,5,3,21,0,0,0,0,0,0,0,0,0,7,0,3,0,0,0,0,0,0,0,7,3,0,0,3,0,3,0,0,0,10,7,12,18,8,12,11,4,10,56,146,58,124,273,232,143,285,67,193,156,1527,62,189,127,532,184,923,54,460,251,2782,346,2879,956,9413,2348,18950,730,8287,563,44478,384,2448,1174,7701,2893,11885,794,4120,451,31846,412,1526,1854,5008,2347,6389,649,2603,324,21123,430,1209,3363,3957,1821,4394,465,2090,247,17982,496,1333,3873,3297,1870,3022,391,1392,219,15896,441,1258,2134,1955,1472,1341,263,707,152,9711,508,1146,1124,1046,1268,678,178,350,110,6410,374,1148,556,428,777,256,79,143,82,3842,143,675,187,182,266,82,18,40,34,1618,93,243,76,74,92,51,15,19,14,679,24,75,31,28,27,18,3,13,6,224
19799,0,0,0,0,0,0,0,0,0,0,0,0,0,0,0,0,0,0,0,0,0,0,0,0,0,0,0,0,0,0,0,0,0,0,0,0,0,0,0,0,0,0,0,0,0,0,0,0,0,0,0,0,0,0,0,0,0,0,0,0,0,0,0,0,0,0,0,0,0,0,0,0,0,0,0,0,0,0,0,0,0,0,0,0,0,0,0,0,0,0,0,0,0,0,0,0,0,0,0,0,0,0,0,3,0,0,0,0,0,3,0,0,0,0,0,0,0,0,0,0,0,0,0,0,0,0,0,0,0,0,0,0,0,0,0,0,0,0,0,0,0,0,0,0,0,0,0,0,0,0,0,0,0,0,0,0,0,0,0,0,0,0,0,0,0,0,0,0,0,0,0,0,0,0,0,0,0,0,0,0,0,0,0,0,0,0,0,0,0,0,0,0,0,0,0,0,0,0,0,0
19499,0,0,5,0,0,0,0,3,0,13,3,0,0,0,0,0,0,0,0,7,0,0,0,0,0,0,0,0,0,3,0,0,0,0,0,0,0,0,0,0,0,0,0,0,0,0,0,0,0,0,0,0,0,0,0,0,0,0,0,0,0,0,4,0,0,0,0,3,6,20,7,5,86,12,3,4,9,34,21,187,3,15,27,39,3,19,3,48,8,167,9,433,106,601,46,189,22,281,36,1727,17,230,163,285,53,142,53,176,26,1135,12,144,304,141,48,68,19,115,17,868,30,62,885,115,25,43,29,88,12,1289,31,48,989,77,21,42,19,97,9,1328,30,41,554,61,14,16,10,71,3,797,16,26,239,27,15,11,9,55,8,403,6,22,104,10,7,0,11,22,4,186,10,9,40,4,3,3,6,3,4,79,0,3,25,4,0,4,0,0,0,36,0,0,3,0,3,0,0,0,0,13